entry_no,posting_date,fiscal_year,document_type,document_no,line_no,customer_no,salesperson_code,item_no,item_description,item_category_code,location_code,quantity,unit_price,sales_amount,cost_amount,gross_profit,gross_profit_margin_pct
1,2022-07-04,F 2022,Sales Invoice,SI103201,10000,C0031,AO,1900-S,CAIRO Writing Desk,BENCH,,8,118833.21,950665.68,545777.6,404888.08,42.59
2,2022-07-04,F 2022,Sales Invoice,SI103201,20000,C0031,AO,1896-S,ADDIS ABABA Executive Desk,BENCH,,7,175922.06,1231454.42,836479.21,394975.21,32.07
3,2022-08-31,F 2022,Sales Invoice,SI103202,10000,C0001,CM,2004-S,"LAGOS Executive Chair, grey",CHAIR,,2,38802.76,77605.52,50035.58,27569.94,35.53
4,2022-08-31,F 2022,Sales Invoice,SI103202,20000,C0001,CM,1896-S,ADDIS ABABA Executive Desk,BENCH,,5,214006.4,1070032.0,576553.8,493478.2,46.12
5,2022-07-09,F 2022,Sales Invoice,SI103203,10000,C0012,AO,1960-S,"NAIROBI Guest Chair, green",CHAIR,,2,22257.77,44515.54,26969.4,17546.14,39.42
6,2022-07-09,F 2022,Sales Invoice,SI103203,20000,C0012,AO,1900-S,CAIRO Writing Desk,BENCH,,4,103280.86,413123.44,308395.88,104727.56,25.35
7,2021-10-02,F 2022,Sales Invoice,SI103204,10000,C0003,JK,1896-S,ADDIS ABABA Executive Desk,BENCH,NBI,7,160587.53,1124112.71,831238.03,292874.68,26.05
8,2021-10-02,F 2022,Sales Invoice,SI103204,20000,C0003,JK,1928-S,DAKAR Meeting Table,TABLE,NAK,8,152218.05,1217744.4,784369.92,433374.48,35.59
9,2021-10-02,F 2022,Sales Invoice,SI103204,30000,C0003,JK,1916-S,JOHANNESBURG Sit-Stand Desk,BENCH,,9,145793.77,1312143.93,1002016.71,310127.22,23.64
10,2021-10-02,F 2022,Sales Invoice,SI103204,40000,C0003,JK,1900-S,CAIRO Writing Desk,BENCH,,9,125116.55,1126048.95,610920.9,515128.05,45.75
11,2022-01-04,F 2022,Sales Invoice,SI103205,10000,C0001,AO,1896-S,ADDIS ABABA Executive Desk,BENCH,,10,208677.11,2086771.1,1340868.4,745902.7,35.74
12,2022-01-04,F 2022,Sales Invoice,SI103205,20000,C0001,AO,1896-S,ADDIS ABABA Executive Desk,BENCH,,10,179946.86,1799468.6,1174163.3,625305.3,34.75
13,2022-01-04,F 2022,Sales Invoice,SI103205,30000,C0001,AO,1928-S,DAKAR Meeting Table,TABLE,KSM,6,166720.88,1000325.28,559175.52,441149.76,44.1
14,2022-01-04,F 2022,Sales Invoice,SI103205,40000,C0001,AO,2000-S,"KIGALI Ergonomic Chair, black",CHAIR,,6,34783.94,208703.64,149029.98,59673.66,28.59
15,2022-08-15,F 2022,Sales Invoice,SI103206,10000,C0035,NW,1988-S,"KAMPALA Guest Chair, red",CHAIR,,5,28015.89,140079.45,86091.1,53988.35,38.54
16,2022-02-03,F 2022,Sales Invoice,SI103207,10000,C0002,AO,1936-S,ACCRA Round Table,TABLE,,10,110518.88,1105188.8,712216.5,392972.3,35.56
17,2022-02-03,F 2022,Sales Invoice,SI103207,20000,C0002,AO,1928-S,DAKAR Meeting Table,TABLE,MBA,9,146854.6,1321691.4,972127.17,349564.23,26.45
18,2022-02-03,F 2022,Sales Invoice,SI103207,30000,C0002,AO,1972-S,"MOMBASA Swivel Chair, yellow",CHAIR,,2,26322.74,52645.48,37462.12,15183.36,28.84
19,2022-02-03,F 2022,Sales Invoice,SI103207,40000,C0002,AO,2000-S,"KIGALI Ergonomic Chair, black",CHAIR,,4,44386.29,177545.16,113128.92,64416.24,36.28
20,2022-02-13,F 2022,Sales Invoice,SI103208,10000,C0002,AO,1960-S,"NAIROBI Guest Chair, green",CHAIR,,11,25523.17,280754.87,170303.98,110450.89,39.34
21,2022-02-13,F 2022,Sales Invoice,SI103208,20000,C0002,AO,1952-S,"ABUJA Whiteboard, base",MISC,,11,57372.96,631102.56,357735.62,273366.94,43.32
22,2022-02-13,F 2022,Sales Invoice,SI103208,30000,C0002,AO,1936-S,ACCRA Round Table,TABLE,MBA,9,91595.44,824358.96,576792.81,247566.15,30.03
23,2022-02-13,F 2022,Sales Invoice,SI103208,40000,C0002,AO,1968-S,OSLO Filing Cabinet,MISC,,9,31547.93,283931.37,206359.29,77572.08,27.32
24,2022-02-13,F 2022,Sales Invoice,SI103208,50000,C0002,AO,1896-S,ADDIS ABABA Executive Desk,BENCH,NBI,1,165182.8,165182.8,121179.35,44003.45,26.64
25,2021-10-21,F 2022,Sales Invoice,SI103209,10000,C0002,CM,1972-S,"MOMBASA Swivel Chair, yellow",CHAIR,,9,28613.95,257525.55,161098.65,96426.9,37.44
26,2021-12-19,F 2022,Sales Invoice,SI103210,10000,C0003,CM,1952-S,"ABUJA Whiteboard, base",MISC,KSM,3,51524.47,154573.41,101865.84,52707.57,34.1
27,2022-03-20,F 2022,Sales Invoice,SI103211,10000,C0005,CM,1944-S,HARARE Folding Table,TABLE,,4,40807.47,163229.88,130366.04,32863.84,20.13
28,2022-03-20,F 2022,Sales Invoice,SI103211,20000,C0005,CM,1964-S,Guest Section 1,MISC,,8,147875.38,1183003.04,779905.52,403097.52,34.07
29,2022-03-20,F 2022,Sales Invoice,SI103211,30000,C0005,CM,2004-S,"LAGOS Executive Chair, grey",CHAIR,,4,32179.89,128719.56,101279.08,27440.48,21.32
30,2022-02-20,F 2022,Sales Invoice,SI103212,10000,C0033,CM,1920-S,LUANDA Conference Table,TABLE,,7,214229.71,1499607.97,1101192.61,398415.36,26.57
31,2021-10-15,F 2022,Sales Invoice,SI103213,10000,C0034,AO,1984-S,MADRID Monitor Stand,MISC,,5,14118.51,70592.55,42377.6,28214.95,39.97
32,2022-03-10,F 2022,Sales Invoice,SI103214,10000,C0034,AO,1968-S,OSLO Filing Cabinet,MISC,,4,37216.56,148866.24,102342.12,46524.12,31.25
33,2022-07-03,F 2022,Sales Invoice,SI103215,10000,C0032,BM,1988-S,"KAMPALA Guest Chair, red",CHAIR,,7,27977.9,195845.3,125389.81,70455.49,35.98
34,2022-07-03,F 2022,Sales Invoice,SI103215,20000,C0032,BM,2004-S,"LAGOS Executive Chair, grey",CHAIR,,2,32858.3,65716.6,42609.8,23106.8,35.16
35,2022-07-03,F 2022,Sales Invoice,SI103215,30000,C0032,BM,1896-S,ADDIS ABABA Executive Desk,BENCH,,7,178416.61,1248916.27,846055.0,402861.27,32.26
36,2022-09-06,F 2022,Sales Invoice,SI103216,10000,C0015,CM,1920-S,LUANDA Conference Table,TABLE,,5,217950.97,1089754.85,896101.65,193653.2,17.77
37,2022-09-06,F 2022,Sales Invoice,SI103216,20000,C0015,CM,1988-S,"KAMPALA Guest Chair, red",CHAIR,,10,28252.19,282521.9,160527.8,121994.1,43.18
38,2022-09-06,F 2022,Sales Invoice,SI103216,30000,C0015,CM,1928-S,DAKAR Meeting Table,TABLE,NBI,9,152480.15,1372321.35,851132.79,521188.56,37.98
39,2022-09-06,F 2022,Sales Invoice,SI103216,40000,C0015,CM,1980-S,"KISUMU Swivel Chair, red",CHAIR,,2,33978.12,67956.24,39604.98,28351.26,41.72
40,2022-09-06,F 2022,Sales Invoice,SI103216,50000,C0015,CM,1972-S,"MOMBASA Swivel Chair, yellow",CHAIR,,4,25310.08,101240.32,69500.12,31740.2,31.35
41,2021-10-13,F 2022,Sales Invoice,SI103217,10000,C0034,AO,1952-S,"ABUJA Whiteboard, base",MISC,,8,54868.33,438946.64,275372.96,163573.68,37.27
42,2021-10-13,F 2022,Sales Invoice,SI103217,20000,C0034,AO,1936-S,ACCRA Round Table,TABLE,KSM,8,103248.42,825987.36,591557.84,234429.52,28.38
43,2021-10-13,F 2022,Sales Invoice,SI103217,30000,C0034,AO,1968-S,OSLO Filing Cabinet,MISC,NBI,2,35344.88,70689.76,45699.22,24990.54,35.35
44,2022-09-22,F 2022,Sales Invoice,SI103218,10000,C0001,BM,1964-S,Guest Section 1,MISC,,8,163907.05,1311256.4,761737.6,549518.8,41.91
45,2022-07-14,F 2022,Sales Invoice,SI103219,10000,C0032,BM,1920-S,LUANDA Conference Table,TABLE,MBA,12,208560.03,2502720.36,1732702.56,770017.8,30.77
46,2022-07-14,F 2022,Sales Invoice,SI103219,20000,C0032,BM,1896-S,ADDIS ABABA Executive Desk,BENCH,,3,165716.45,497149.35,395745.42,101403.93,20.4
47,2022-07-14,F 2022,Sales Invoice,SI103219,30000,C0032,BM,1988-S,"KAMPALA Guest Chair, red",CHAIR,,11,27562.38,303186.18,181347.65,121838.53,40.19
48,2022-07-14,F 2022,Sales Invoice,SI103219,40000,C0032,BM,1988-S,"KAMPALA Guest Chair, red",CHAIR,,8,21599.91,172799.28,130581.52,42217.76,24.43
49,2022-03-13,F 2022,Sales Invoice,SI103220,10000,C0001,CM,1896-S,ADDIS ABABA Executive Desk,BENCH,,3,220420.65,661261.95,386683.17,274578.78,41.52
50,2022-07-05,F 2022,Sales Invoice,SI103221,10000,C0001,AO,1896-S,ADDIS ABABA Executive Desk,BENCH,MBA,10,218875.25,2188752.5,1390831.5,797921.0,36.46
51,2022-07-05,F 2022,Sales Invoice,SI103221,20000,C0001,AO,1916-S,JOHANNESBURG Sit-Stand Desk,BENCH,KSM,8,134898.62,1079188.96,918192.64,160996.32,14.92
52,2022-07-05,F 2022,Sales Invoice,SI103221,30000,C0001,AO,1964-S,Guest Section 1,MISC,NBI,7,149420.05,1045940.35,670900.44,375039.91,35.86
53,2022-07-05,F 2022,Sales Invoice,SI103221,40000,C0001,AO,1968-S,OSLO Filing Cabinet,MISC,,8,33769.88,270159.04,202630.88,67528.16,25.0
54,2022-03-22,F 2022,Sales Invoice,SI103222,10000,C0023,BM,1956-S,Conference Bundle 1-6,MISC,MBA,3,312157.9,936473.7,723492.6,212981.1,22.74
55,2022-03-22,F 2022,Sales Invoice,SI103222,20000,C0023,BM,1920-S,LUANDA Conference Table,TABLE,,11,236935.73,2606293.03,1976087.96,630205.07,24.18
56,2022-03-22,F 2022,Sales Invoice,SI103222,30000,C0023,BM,1900-S,CAIRO Writing Desk,BENCH,,1,127571.52,127571.52,72627.43,54944.09,43.07
57,2022-03-22,F 2022,Sales Invoice,SI103223,10000,C0005,CM,1956-S,Conference Bundle 1-6,MISC,KSM,5,357348.08,1786740.4,1130523.65,656216.75,36.73
58,2022-03-22,F 2022,Sales Invoice,SI103223,20000,C0005,CM,1960-S,"NAIROBI Guest Chair, green",CHAIR,MBA,6,25901.26,155407.56,99309.9,56097.66,36.1
59,2022-03-22,F 2022,Sales Invoice,SI103223,30000,C0005,CM,1960-S,"NAIROBI Guest Chair, green",CHAIR,,1,21340.95,21340.95,15706.89,5634.06,26.4
60,2021-12-18,F 2022,Sales Invoice,SI103224,10000,C0005,AO,1976-S,LONDON Bookcase,MISC,,8,52022.53,416180.24,249337.36,166842.88,40.09
61,2022-08-07,F 2022,Sales Invoice,SI103225,10000,C0018,CM,1980-S,"KISUMU Swivel Chair, red",CHAIR,,5,32498.04,162490.2,100945.1,61545.1,37.88
62,2022-08-07,F 2022,Sales Invoice,SI103225,20000,C0018,CM,1928-S,DAKAR Meeting Table,TABLE,,7,158293.38,1108053.66,683946.41,424107.25,38.27
63,2022-08-07,F 2022,Sales Invoice,SI103225,30000,C0018,CM,1936-S,ACCRA Round Table,TABLE,,11,84168.68,925855.48,711164.63,214690.85,23.19
64,2022-09-16,F 2022,Sales Invoice,SI103226,10000,C0002,BM,1952-S,"ABUJA Whiteboard, base",MISC,,6,45390.65,272343.9,241553.4,30790.5,11.31
65,2022-09-16,F 2022,Sales Invoice,SI103226,20000,C0002,BM,1928-S,DAKAR Meeting Table,TABLE,,1,163016.89,163016.89,104721.17,58295.72,35.76
66,2022-09-16,F 2022,Sales Invoice,SI103226,30000,C0002,BM,1984-S,MADRID Monitor Stand,MISC,,11,11417.76,125595.36,80630.0,44965.36,35.8
67,2022-09-16,F 2022,Sales Invoice,SI103226,40000,C0002,BM,1980-S,"KISUMU Swivel Chair, red",CHAIR,NBI,9,33622.42,302601.78,199308.24,103293.54,34.14
68,2022-09-16,F 2022,Sales Invoice,SI103226,50000,C0002,BM,1908-S,DUBAI Corner Desk,BENCH,,8,114174.53,913396.24,705619.52,207776.72,22.75
69,2022-09-16,F 2022,Sales Invoice,SI103226,60000,C0002,BM,2004-S,"LAGOS Executive Chair, grey",CHAIR,MBA,4,30985.82,123943.28,102004.28,21939.0,17.7
70,2022-02-02,F 2022,Sales Invoice,SI103227,10000,C0010,BM,2004-S,"LAGOS Executive Chair, grey",CHAIR,,8,39146.75,313174.0,174876.24,138297.76,44.16
71,2022-02-02,F 2022,Sales Invoice,SI103227,20000,C0010,BM,1952-S,"ABUJA Whiteboard, base",MISC,MBA,6,53362.69,320176.14,221617.68,98558.46,30.78
72,2022-02-02,F 2022,Sales Invoice,SI103227,30000,C0010,BM,1916-S,JOHANNESBURG Sit-Stand Desk,BENCH,KSM,9,148120.05,1333080.45,1068685.65,264394.8,19.83
73,2022-06-08,F 2022,Sales Invoice,SI103228,10000,C0003,BM,1936-S,ACCRA Round Table,TABLE,,8,97973.92,783791.36,502649.04,281142.32,35.87
74,2022-06-08,F 2022,Sales Invoice,SI103228,20000,C0003,BM,1936-S,ACCRA Round Table,TABLE,,5,101768.8,508844.0,356124.4,152719.6,30.01
75,2022-03-26,F 2022,Sales Invoice,SI103229,10000,C0018,AO,1936-S,ACCRA Round Table,TABLE,KSM,5,90721.61,453608.05,322249.0,131359.05,28.96
76,2022-03-26,F 2022,Sales Invoice,SI103229,20000,C0018,AO,2004-S,"LAGOS Executive Chair, grey",CHAIR,,12,41833.17,501998.04,298359.6,203638.44,40.57
77,2022-01-19,F 2022,Sales Invoice,SI103230,10000,C0003,BM,1952-S,"ABUJA Whiteboard, base",MISC,,10,52712.37,527123.7,366539.6,160584.1,30.46
78,2022-01-19,F 2022,Sales Invoice,SI103230,20000,C0003,BM,1988-S,"KAMPALA Guest Chair, red",CHAIR,,3,22070.3,66210.9,47069.94,19140.96,28.91
79,2022-01-19,F 2022,Sales Invoice,SI103230,30000,C0003,BM,1960-S,"NAIROBI Guest Chair, green",CHAIR,,1,21635.29,21635.29,15522.15,6113.14,28.26
80,2022-06-09,F 2022,Sales Invoice,SI103231,10000,C0001,AO,1900-S,CAIRO Writing Desk,BENCH,MBA,6,103705.04,622230.24,430977.72,191252.52,30.74
81,2022-06-02,F 2022,Sales Invoice,SI103232,10000,C0001,AO,1916-S,JOHANNESBURG Sit-Stand Desk,BENCH,,11,138001.58,1518017.38,1236726.15,281291.23,18.53
82,2022-06-02,F 2022,Sales Invoice,SI103232,20000,C0001,AO,2004-S,"LAGOS Executive Chair, grey",CHAIR,,4,32857.05,131428.2,105340.88,26087.32,19.85
83,2022-08-13,F 2022,Sales Invoice,SI103233,10000,C0007,AO,1896-S,ADDIS ABABA Executive Desk,BENCH,,10,211998.1,2119981.0,1148167.4,971813.6,45.84
84,2022-08-13,F 2022,Sales Invoice,SI103233,20000,C0007,AO,1920-S,LUANDA Conference Table,TABLE,,12,220064.34,2640772.08,2022838.32,617933.76,23.4
85,2022-02-13,F 2022,Sales Invoice,SI103234,10000,C0002,BM,1972-S,"MOMBASA Swivel Chair, yellow",CHAIR,,1,24858.85,24858.85,16867.46,7991.39,32.15
86,2021-10-17,F 2022,Sales Invoice,SI103235,10000,C0016,AO,1896-S,ADDIS ABABA Executive Desk,BENCH,NBI,11,216680.58,2383486.38,1432006.84,951479.54,39.92
87,2021-10-17,F 2022,Sales Invoice,SI103235,20000,C0016,AO,1920-S,LUANDA Conference Table,TABLE,KSM,4,238417.6,953670.4,692264.0,261406.4,27.41
88,2021-10-17,F 2022,Sales Invoice,SI103235,30000,C0016,AO,1968-S,OSLO Filing Cabinet,MISC,,3,40193.06,120579.18,68038.83,52540.35,43.57
89,2022-07-19,F 2022,Sales Invoice,SI103236,10000,C0006,CM,2004-S,"LAGOS Executive Chair, grey",CHAIR,,7,31310.54,219173.78,165219.95,53953.83,24.62
90,2022-07-19,F 2022,Sales Invoice,SI103236,20000,C0006,CM,1972-S,"MOMBASA Swivel Chair, yellow",CHAIR,,1,26724.09,26724.09,18353.59,8370.5,31.32
91,2021-10-14,F 2022,Sales Invoice,SI103237,10000,C0033,AO,1916-S,JOHANNESBURG Sit-Stand Desk,BENCH,,1,172314.01,172314.01,113535.22,58778.79,34.11
92,2021-10-14,F 2022,Sales Invoice,SI103237,20000,C0033,AO,1960-S,"NAIROBI Guest Chair, green",CHAIR,MBA,3,26432.43,79297.29,41205.09,38092.2,48.04
93,2021-10-14,F 2022,Sales Invoice,SI103237,30000,C0033,AO,1980-S,"KISUMU Swivel Chair, red",CHAIR,NAK,10,28994.52,289945.2,192286.5,97658.7,33.68
94,2021-10-14,F 2022,Sales Invoice,SI103237,40000,C0033,AO,1900-S,CAIRO Writing Desk,BENCH,NBI,7,127047.42,889331.94,506486.19,382845.75,43.05
95,2022-03-18,F 2022,Sales Invoice,SI103238,10000,C0006,AO,1896-S,ADDIS ABABA Executive Desk,BENCH,,9,170687.79,1536190.11,1137792.69,398397.42,25.93
96,2022-03-18,F 2022,Sales Invoice,SI103238,20000,C0006,AO,1972-S,"MOMBASA Swivel Chair, yellow",CHAIR,,7,26708.97,186962.79,122617.18,64345.61,34.42
97,2022-03-18,F 2022,Sales Invoice,SI103238,30000,C0006,AO,1964-S,Guest Section 1,MISC,,8,129608.62,1036868.96,837203.68,199665.28,19.26
98,2022-06-13,F 2022,Sales Invoice,SI103239,10000,C0020,BM,1908-S,DUBAI Corner Desk,BENCH,,5,129510.31,647551.55,480875.25,166676.3,25.74
99,2022-08-19,F 2022,Sales Invoice,SI103240,10000,C0003,BM,1916-S,JOHANNESBURG Sit-Stand Desk,BENCH,NBI,9,162993.96,1466945.64,875190.51,591755.13,40.34
100,2021-11-28,F 2022,Sales Invoice,SI103241,10000,C0001,AO,1900-S,CAIRO Writing Desk,BENCH,,12,132133.48,1585601.76,998517.48,587084.28,37.03
101,2021-11-28,F 2022,Sales Invoice,SI103241,20000,C0001,AO,1900-S,CAIRO Writing Desk,BENCH,,8,131014.1,1048112.8,679034.08,369078.72,35.21
102,2021-11-28,F 2022,Sales Invoice,SI103241,30000,C0001,AO,1976-S,LONDON Bookcase,MISC,,9,55938.44,503445.96,281493.9,221952.06,44.09
103,2021-11-28,F 2022,Sales Invoice,SI103241,40000,C0001,AO,1952-S,"ABUJA Whiteboard, base",MISC,,7,53543.86,374807.02,237947.01,136860.01,36.51
104,2021-10-02,F 2022,Sales Invoice,SI103242,10000,C0003,AO,PART-2,Desk Leg Leveller Kit,PARTS,,8,667.99,5343.92,2002.72,3341.2,62.52
105,2021-10-02,F 2022,Sales Invoice,SI103242,20000,C0003,AO,2004-S,"LAGOS Executive Chair, grey",CHAIR,NBI,9,34614.67,311532.03,241158.42,70373.61,22.59
106,2021-10-02,F 2022,Sales Invoice,SI103242,30000,C0003,AO,EM-001,Executive Meeting Room Set,EM_COMMER,KSM,4,698450.17,2793800.68,2179080.96,614719.72,22.0
107,2021-10-23,F 2022,Sales Invoice,SI103243,10000,C0005,AO,1896-S,ADDIS ABABA Executive Desk,BENCH,,11,187028.57,2057314.27,1381982.69,675331.58,32.83
108,2021-10-23,F 2022,Sales Invoice,SI103243,20000,C0005,AO,1984-S,MADRID Monitor Stand,MISC,NBI,3,13990.98,41972.94,27524.97,14447.97,34.42
109,2021-10-23,F 2022,Sales Invoice,SI103243,30000,C0005,AO,1964-S,Guest Section 1,MISC,,8,143643.09,1149144.72,799837.68,349307.04,30.4
110,2021-10-23,F 2022,Sales Invoice,SI103243,40000,C0005,AO,1980-S,"KISUMU Swivel Chair, red",CHAIR,NBI,11,26581.95,292401.45,209266.2,83135.25,28.43
111,2021-10-23,F 2022,Sales Invoice,SI103243,50000,C0005,AO,2000-S,"KIGALI Ergonomic Chair, black",CHAIR,NBI,10,46202.13,462021.3,280225.9,181795.4,39.35
112,2022-09-11,F 2022,Sales Invoice,SI103244,10000,C0005,CM,1936-S,ACCRA Round Table,TABLE,,8,101863.52,814908.16,572137.6,242770.56,29.79
113,2022-09-11,F 2022,Sales Invoice,SI103244,20000,C0005,CM,1920-S,LUANDA Conference Table,TABLE,,5,205920.9,1029604.5,826364.1,203240.4,19.74
114,2021-11-20,F 2022,Sales Invoice,SI103245,10000,C0017,CM,1980-S,"KISUMU Swivel Chair, red",CHAIR,NBI,5,29970.25,149851.25,108465.3,41385.95,27.62
115,2022-02-28,F 2022,Sales Invoice,SI103246,10000,C0005,AO,1896-S,ADDIS ABABA Executive Desk,BENCH,,11,168665.17,1855316.87,1563706.43,291610.44,15.72
116,2022-04-14,F 2022,Sales Invoice,SI103247,10000,C0003,BM,1980-S,"KISUMU Swivel Chair, red",CHAIR,KSM,8,25854.89,206839.12,147935.68,58903.44,28.48
117,2022-04-14,F 2022,Sales Invoice,SI103247,20000,C0003,BM,1968-S,OSLO Filing Cabinet,MISC,,8,37669.02,301352.16,204242.0,97110.16,32.22
118,2022-04-14,F 2022,Sales Invoice,SI103247,30000,C0003,BM,1896-S,ADDIS ABABA Executive Desk,BENCH,NAK,6,173464.43,1040786.58,697937.52,342849.06,32.94
119,2022-04-14,F 2022,Sales Invoice,SI103247,40000,C0003,BM,1936-S,ACCRA Round Table,TABLE,,8,113235.69,905885.52,507109.52,398776.0,44.02
120,2022-04-14,F 2022,Sales Invoice,SI103247,50000,C0003,BM,1900-S,CAIRO Writing Desk,BENCH,,4,117173.43,468693.72,316824.68,151869.04,32.4
121,2022-09-24,F 2022,Sales Invoice,SI103248,10000,C0034,AO,2000-S,"KIGALI Ergonomic Chair, black",CHAIR,NAK,10,39039.6,390396.0,280522.4,109873.6,28.14
122,2022-09-24,F 2022,Sales Invoice,SI103248,20000,C0034,AO,1968-S,OSLO Filing Cabinet,MISC,,12,36810.66,441727.92,324672.84,117055.08,26.5
123,2022-09-24,F 2022,Sales Invoice,SI103248,30000,C0034,AO,1952-S,"ABUJA Whiteboard, base",MISC,,10,48622.49,486224.9,383938.4,102286.5,21.04
124,2022-02-06,F 2022,Sales Invoice,SI103249,10000,C0018,BM,1956-S,Conference Bundle 1-6,MISC,,11,326925.76,3596183.36,2627594.31,968589.05,26.93
125,2022-02-06,F 2022,Sales Invoice,SI103249,20000,C0018,BM,1952-S,"ABUJA Whiteboard, base",MISC,,1,56797.86,56797.86,34747.97,22049.89,38.82
126,2022-02-06,F 2022,Sales Invoice,SI103249,30000,C0018,BM,2000-S,"KIGALI Ergonomic Chair, black",CHAIR,NBI,12,37696.37,452356.44,349947.72,102408.72,22.64
127,2022-04-06,F 2022,Sales Invoice,SI103250,10000,C0030,BM,2000-S,"KIGALI Ergonomic Chair, black",CHAIR,NBI,8,34520.6,276164.8,217797.44,58367.36,21.13
128,2022-04-06,F 2022,Sales Invoice,SI103250,20000,C0030,BM,1952-S,"ABUJA Whiteboard, base",MISC,NAK,8,62512.97,500103.76,326766.4,173337.36,34.66
129,2022-04-06,F 2022,Sales Invoice,SI103250,30000,C0030,BM,1964-S,Guest Section 1,MISC,NBI,12,121510.47,1458125.64,1061519.04,396606.6,27.2
130,2022-04-06,F 2022,Sales Invoice,SI103250,40000,C0030,BM,1916-S,JOHANNESBURG Sit-Stand Desk,BENCH,,2,148127.55,296255.1,240668.14,55586.96,18.76
131,2022-05-21,F 2022,Sales Invoice,SI103251,10000,C0019,AO,1896-S,ADDIS ABABA Executive Desk,BENCH,,11,213308.13,2346389.43,1536162.98,810226.45,34.53
132,2021-10-13,F 2022,Sales Invoice,SI103252,10000,C0032,BM,1920-S,LUANDA Conference Table,TABLE,MBA,11,230350.71,2533857.81,1635625.2,898232.61,35.45
133,2021-10-13,F 2022,Sales Invoice,SI103252,20000,C0032,BM,2000-S,"KIGALI Ergonomic Chair, black",CHAIR,,7,44442.87,311100.09,201903.52,109196.57,35.1
134,2022-06-10,F 2022,Sales Invoice,SI103253,10000,C0002,AO,1896-S,ADDIS ABABA Executive Desk,BENCH,MBA,6,196696.63,1180179.78,857806.8,322372.98,27.32
135,2022-06-10,F 2022,Sales Invoice,SI103253,20000,C0002,AO,1896-S,ADDIS ABABA Executive Desk,BENCH,KSM,12,199306.88,2391682.56,1354563.96,1037118.6,43.36
136,2022-06-08,F 2022,Sales Invoice,SI103254,10000,C0032,BM,1936-S,ACCRA Round Table,TABLE,NBI,4,110844.79,443379.16,256999.76,186379.4,42.04
137,2021-11-20,F 2022,Sales Invoice,SI103255,10000,C0004,CM,1928-S,DAKAR Meeting Table,TABLE,,1,152855.31,152855.31,107218.29,45637.02,29.86
138,2021-11-20,F 2022,Sales Invoice,SI103255,20000,C0004,CM,1964-S,Guest Section 1,MISC,KSM,8,124309.93,994479.44,689854.16,304625.28,30.63
139,2021-11-20,F 2022,Sales Invoice,SI103255,30000,C0004,CM,CM-001,Commercial Reception Desk,CM_COMMER,,1,364752.61,364752.61,283576.63,81175.98,22.26
140,2021-11-20,F 2022,Sales Invoice,SI103255,40000,C0004,CM,1916-S,JOHANNESBURG Sit-Stand Desk,BENCH,,2,148500.24,297000.48,223484.7,73515.78,24.75
141,2021-11-20,F 2022,Sales Invoice,SI103255,50000,C0004,CM,1956-S,Conference Bundle 1-6,MISC,MBA,4,382557.83,1530231.32,910286.08,619945.24,40.51
142,2021-10-02,F 2022,Sales Invoice,SI103256,10000,C0034,AO,1908-S,DUBAI Corner Desk,BENCH,,3,137708.81,413126.43,250461.06,162665.37,39.37
143,2021-10-02,F 2022,Sales Invoice,SI103256,20000,C0034,AO,2008-S,"ACCRA Stacking Chair, blue",CHAIR,,4,12640.19,50560.76,35990.8,14569.96,28.82
144,2021-10-02,F 2022,Sales Invoice,SI103256,30000,C0034,AO,1972-S,"MOMBASA Swivel Chair, yellow",CHAIR,,7,30488.78,213421.46,116828.67,96592.79,45.26
145,2021-10-02,F 2022,Sales Invoice,SI103256,40000,C0034,AO,1952-S,"ABUJA Whiteboard, base",MISC,,9,52458.34,472125.06,310893.48,161231.58,34.15
146,2021-10-02,F 2022,Sales Invoice,SI103256,50000,C0034,AO,1920-S,LUANDA Conference Table,TABLE,,12,201727.31,2420727.72,2070493.44,350234.28,14.47
147,2021-10-02,F 2022,Sales Invoice,SI103256,60000,C0034,AO,1900-S,CAIRO Writing Desk,BENCH,,1,118747.71,118747.71,72600.93,46146.78,38.86
148,2022-09-17,F 2022,Sales Invoice,SI103257,10000,C0016,AO,1968-S,OSLO Filing Cabinet,MISC,,6,39405.82,236434.92,148823.28,87611.64,37.06
149,2022-09-17,F 2022,Sales Invoice,SI103257,20000,C0016,AO,1920-S,LUANDA Conference Table,TABLE,,9,234899.39,2114094.51,1286423.64,827670.87,39.15
150,2022-02-28,F 2022,Sales Invoice,SI103258,10000,C0010,AO,1936-S,ACCRA Round Table,TABLE,KSM,11,86608.22,952690.42,810769.52,141920.9,14.9
151,2022-01-19,F 2022,Sales Invoice,SI103259,10000,C0028,AO,1956-S,Conference Bundle 1-6,MISC,,7,404200.34,2829402.38,1733764.97,1095637.41,38.72
152,2022-01-19,F 2022,Sales Invoice,SI103259,20000,C0028,AO,1928-S,DAKAR Meeting Table,TABLE,,6,160934.54,965607.24,593524.92,372082.32,38.53
153,2021-11-16,F 2022,Sales Invoice,SI103260,10000,C0001,CM,1944-S,HARARE Folding Table,TABLE,,3,39100.89,117302.67,80586.93,36715.74,31.3
154,2022-03-18,F 2022,Sales Invoice,SI103261,10000,C0005,BM,1976-S,LONDON Bookcase,MISC,NAK,7,47110.4,329772.8,260789.83,68982.97,20.92
155,2022-03-18,F 2022,Sales Invoice,SI103261,20000,C0005,BM,1920-S,LUANDA Conference Table,TABLE,,6,263714.73,1582288.38,1056144.72,526143.66,33.25
156,2022-03-18,F 2022,Sales Invoice,SI103261,30000,C0005,BM,1900-S,CAIRO Writing Desk,BENCH,,2,128424.25,256848.5,143284.42,113564.08,44.21
157,2022-03-18,F 2022,Sales Invoice,SI103261,40000,C0005,BM,2000-S,"KIGALI Ergonomic Chair, black",CHAIR,NAK,4,36827.62,147310.48,99513.76,47796.72,32.45
158,2022-08-15,F 2022,Sales Invoice,SI103262,10000,C0013,BM,1976-S,LONDON Bookcase,MISC,KSM,12,54818.2,657818.4,445614.48,212203.92,32.26
159,2022-03-08,F 2022,Sales Invoice,SI103263,10000,C0004,CM,1980-S,"KISUMU Swivel Chair, red",CHAIR,,11,29031.08,319341.88,226370.98,92970.9,29.11
160,2021-10-16,F 2022,Sales Invoice,SI103264,10000,C0007,AO,1896-S,ADDIS ABABA Executive Desk,BENCH,KSM,3,168487.49,505462.47,423617.82,81844.65,16.19
161,2021-10-16,F 2022,Sales Invoice,SI103264,20000,C0007,AO,1916-S,JOHANNESBURG Sit-Stand Desk,BENCH,KSM,2,179380.54,358761.08,242915.1,115845.98,32.29
162,2021-10-26,F 2022,Sales Invoice,SI103265,10000,C0003,BM,1900-S,CAIRO Writing Desk,BENCH,,8,125166.12,1001328.96,672388.56,328940.4,32.85
163,2021-10-26,F 2022,Sales Invoice,SI103265,20000,C0003,BM,2008-S,"ACCRA Stacking Chair, blue",CHAIR,,2,10727.24,21454.48,17331.12,4123.36,19.22
164,2021-10-26,F 2022,Sales Invoice,SI103265,30000,C0003,BM,1928-S,DAKAR Meeting Table,TABLE,,1,137225.83,137225.83,107029.39,30196.44,22.0
165,2022-01-13,F 2022,Sales Invoice,SI103266,10000,C0002,AO,2000-S,"KIGALI Ergonomic Chair, black",CHAIR,,6,44032.14,264192.84,179416.92,84775.92,32.09
166,2021-12-06,F 2022,Sales Invoice,SI103267,10000,C0015,AO,1956-S,Conference Bundle 1-6,MISC,,6,393376.64,2360259.84,1387729.08,972530.76,41.2
167,2021-12-06,F 2022,Sales Invoice,SI103267,20000,C0015,AO,1960-S,"NAIROBI Guest Chair, green",CHAIR,,2,24971.26,49942.52,27540.66,22401.86,44.86
168,2022-09-29,F 2022,Sales Invoice,SI103268,10000,C0003,BM,1984-S,MADRID Monitor Stand,MISC,NBI,3,13653.78,40961.34,26717.13,14244.21,34.77
169,2022-09-29,F 2022,Sales Invoice,SI103268,20000,C0003,BM,1976-S,LONDON Bookcase,MISC,,2,45708.45,91416.9,73166.7,18250.2,19.96
170,2022-04-24,F 2022,Sales Invoice,SI103269,10000,C0005,BM,2008-S,"ACCRA Stacking Chair, blue",CHAIR,,6,12523.75,75142.5,46899.72,28242.78,37.59
171,2022-04-24,F 2022,Sales Invoice,SI103269,20000,C0005,BM,1908-S,DUBAI Corner Desk,BENCH,KSM,4,144620.32,578481.28,330856.52,247624.76,42.81
172,2022-08-27,F 2022,Sales Invoice,SI103270,10000,C0003,CM,1988-S,"KAMPALA Guest Chair, red",CHAIR,,10,21273.67,212736.7,155627.0,57109.7,26.85
173,2022-08-18,F 2022,Sales Invoice,SI103271,10000,C0019,AO,1896-S,ADDIS ABABA Executive Desk,BENCH,,10,179207.05,1792070.5,1391929.2,400141.3,22.33
174,2022-08-18,F 2022,Sales Invoice,SI103271,20000,C0019,AO,CM-001,Commercial Reception Desk,CM_COMMER,,6,481658.24,2889949.44,1590943.2,1299006.24,44.95
175,2022-08-18,F 2022,Sales Invoice,SI103271,30000,C0019,AO,2004-S,"LAGOS Executive Chair, grey",CHAIR,,5,37689.96,188449.8,117110.75,71339.05,37.86
176,2022-05-25,F 2022,Sales Invoice,SI103272,10000,C0001,AO,1972-S,"MOMBASA Swivel Chair, yellow",CHAIR,,2,31692.04,63384.08,37321.6,26062.48,41.12
177,2022-05-25,F 2022,Sales Invoice,SI103272,20000,C0001,AO,1916-S,JOHANNESBURG Sit-Stand Desk,BENCH,NBI,12,183271.82,2199261.84,1187248.08,1012013.76,46.02
178,2022-05-25,F 2022,Sales Invoice,SI103272,30000,C0001,AO,1928-S,DAKAR Meeting Table,TABLE,MBA,6,167343.2,1004059.2,537102.36,466956.84,46.51
179,2022-05-25,F 2022,Sales Invoice,SI103272,40000,C0001,AO,1896-S,ADDIS ABABA Executive Desk,BENCH,KSM,6,218347.99,1310087.94,724770.78,585317.16,44.68
180,2021-10-21,F 2022,Sales Invoice,SI103273,10000,C0005,AO,1908-S,DUBAI Corner Desk,BENCH,,3,115150.47,345451.41,261330.39,84121.02,24.35
181,2021-10-21,F 2022,Sales Invoice,SI103273,20000,C0005,AO,1952-S,"ABUJA Whiteboard, base",MISC,KSM,11,57792.25,635714.75,383545.91,252168.84,39.67
182,2021-11-03,F 2022,Sales Invoice,SI103274,10000,C0008,AO,1988-S,"KAMPALA Guest Chair, red",CHAIR,,11,26041.21,286453.31,185306.66,101146.65,35.31
183,2021-11-03,F 2022,Sales Invoice,SI103274,20000,C0008,AO,1972-S,"MOMBASA Swivel Chair, yellow",CHAIR,NAK,11,26382.09,290202.99,207240.55,82962.44,28.59
184,2022-09-23,F 2022,Sales Invoice,SI103275,10000,C0002,BM,1972-S,"MOMBASA Swivel Chair, yellow",CHAIR,NBI,9,25219.58,226976.22,174843.09,52133.13,22.97
185,2022-09-23,F 2022,Sales Invoice,SI103275,20000,C0002,BM,1928-S,DAKAR Meeting Table,TABLE,,12,121629.81,1459557.72,1282888.68,176669.04,12.1
186,2022-09-23,F 2022,Sales Invoice,SI103275,30000,C0002,BM,1928-S,DAKAR Meeting Table,TABLE,,9,146959.55,1322635.95,918974.97,403660.98,30.52
187,2022-01-18,F 2022,Sales Invoice,SI103276,10000,C0020,AO,PART-2,Desk Leg Leveller Kit,PARTS,,3,744.49,2233.47,874.41,1359.06,60.85
188,2022-07-04,F 2022,Sales Invoice,SI103277,10000,C0028,CM,2004-S,"LAGOS Executive Chair, grey",CHAIR,,10,34441.85,344418.5,215230.5,129188.0,37.51
189,2022-09-20,F 2022,Sales Invoice,SI103278,10000,C0024,CM,1896-S,ADDIS ABABA Executive Desk,BENCH,NAK,7,199940.11,1399580.77,859486.25,540094.52,38.59
190,2022-08-09,F 2022,Sales Invoice,SI103279,10000,C0019,AO,1908-S,DUBAI Corner Desk,BENCH,MBA,5,123966.98,619834.9,479459.2,140375.7,22.65
191,2022-08-09,F 2022,Sales Invoice,SI103279,20000,C0019,AO,1988-S,"KAMPALA Guest Chair, red",CHAIR,,11,26970.47,296675.17,175943.9,120731.27,40.69
192,2022-02-22,F 2022,Sales Invoice,SI103280,10000,C0007,CM,1980-S,"KISUMU Swivel Chair, red",CHAIR,,4,28085.89,112343.56,78241.16,34102.4,30.36
193,2022-02-22,F 2022,Sales Invoice,SI103280,20000,C0007,CM,1920-S,LUANDA Conference Table,TABLE,NBI,6,232921.73,1397530.38,924330.42,473199.96,33.86
194,2021-12-03,F 2022,Sales Invoice,SI103281,10000,C0020,AO,1968-S,OSLO Filing Cabinet,MISC,MBA,3,32112.18,96336.54,72096.66,24239.88,25.16
195,2022-05-19,F 2022,Sales Invoice,SI103282,10000,C0031,CM,1896-S,ADDIS ABABA Executive Desk,BENCH,,6,216979.84,1301879.04,800683.26,501195.78,38.5
196,2022-05-19,F 2022,Sales Invoice,SI103282,20000,C0031,CM,1960-S,"NAIROBI Guest Chair, green",CHAIR,NBI,2,25828.33,51656.66,31242.8,20413.86,39.52
197,2021-12-10,F 2022,Sales Invoice,SI103283,10000,C0030,AO,1956-S,Conference Bundle 1-6,MISC,MBA,12,334158.34,4009900.08,2973824.52,1036075.56,25.84
198,2021-12-10,F 2022,Sales Invoice,SI103283,20000,C0030,AO,1960-S,"NAIROBI Guest Chair, green",CHAIR,KSM,4,19128.01,76512.04,57690.64,18821.4,24.6
199,2022-06-28,F 2022,Sales Invoice,SI103284,10000,C0020,AO,1972-S,"MOMBASA Swivel Chair, yellow",CHAIR,,4,26780.3,107121.2,75420.52,31700.68,29.59
200,2021-11-26,F 2022,Sales Invoice,SI103285,10000,C0007,CM,1920-S,LUANDA Conference Table,TABLE,,10,252654.53,2526545.3,1606387.4,920157.9,36.42
201,2021-11-26,F 2022,Sales Invoice,SI103285,20000,C0007,CM,1920-S,LUANDA Conference Table,TABLE,KSM,4,236031.32,944125.28,603474.84,340650.44,36.08
202,2022-06-26,F 2022,Sales Invoice,SI103286,10000,C0001,CM,1908-S,DUBAI Corner Desk,BENCH,,9,130799.69,1177197.21,873189.72,304007.49,25.82
203,2022-06-26,F 2022,Sales Invoice,SI103286,20000,C0001,CM,1920-S,LUANDA Conference Table,TABLE,NBI,6,263707.1,1582242.6,894945.6,687297.0,43.44
204,2022-03-26,F 2022,Sales Invoice,SI103287,10000,C0012,AO,1916-S,JOHANNESBURG Sit-Stand Desk,BENCH,,6,138721.24,832327.44,656425.32,175902.12,21.13
205,2022-08-26,F 2022,Sales Invoice,SI103288,10000,C0021,AO,1936-S,ACCRA Round Table,TABLE,KSM,11,104828.18,1153109.98,713130.55,439979.43,38.16
206,2022-08-26,F 2022,Sales Invoice,SI103288,20000,C0021,AO,1976-S,LONDON Bookcase,MISC,,1,55443.95,55443.95,36049.29,19394.66,34.98
207,2021-10-22,F 2022,Sales Invoice,SI103289,10000,C0003,AO,1956-S,Conference Bundle 1-6,MISC,,8,377351.95,3018815.6,1830470.96,1188344.64,39.36
208,2021-10-22,F 2022,Sales Invoice,SI103289,20000,C0003,AO,2008-S,"ACCRA Stacking Chair, blue",CHAIR,,1,11446.41,11446.41,7264.07,4182.34,36.54
209,2022-04-07,F 2022,Sales Invoice,SI103290,10000,C0004,AO,1984-S,MADRID Monitor Stand,MISC,,6,11169.58,67017.48,48906.42,18111.06,27.02
210,2022-04-07,F 2022,Sales Invoice,SI103290,20000,C0004,AO,1976-S,LONDON Bookcase,MISC,,9,55955.47,503599.23,274628.52,228970.71,45.47
211,2022-05-09,F 2022,Sales Invoice,SI103291,10000,C0024,BM,2004-S,"LAGOS Executive Chair, grey",CHAIR,,2,35030.18,70060.36,49494.9,20565.46,29.35
212,2022-05-09,F 2022,Sales Invoice,SI103291,20000,C0024,BM,1936-S,ACCRA Round Table,TABLE,,3,90502.2,271506.6,212042.82,59463.78,21.9
213,2022-03-30,F 2022,Sales Invoice,SI103292,10000,C0006,BM,1952-S,"ABUJA Whiteboard, base",MISC,,1,53696.66,53696.66,34257.3,19439.36,36.2
214,2022-03-30,F 2022,Sales Invoice,SI103292,20000,C0006,BM,1952-S,"ABUJA Whiteboard, base",MISC,NBI,11,56524.45,621768.95,353854.27,267914.68,43.09
215,2022-03-30,F 2022,Sales Invoice,SI103292,30000,C0006,BM,1928-S,DAKAR Meeting Table,TABLE,KSM,8,156988.01,1255904.08,826293.44,429610.64,34.21
216,2022-04-06,F 2022,Sales Invoice,SI103293,10000,C0032,AO,1980-S,"KISUMU Swivel Chair, red",CHAIR,KSM,8,26112.63,208901.04,157125.6,51775.44,24.78
217,2022-07-21,F 2022,Sales Invoice,SI103294,10000,C0004,AO,2000-S,"KIGALI Ergonomic Chair, black",CHAIR,,2,35867.68,71735.36,61045.16,10690.2,14.9
218,2022-07-21,F 2022,Sales Invoice,SI103294,20000,C0004,AO,1968-S,OSLO Filing Cabinet,MISC,,2,36753.34,73506.68,43710.56,29796.12,40.54
219,2022-08-10,F 2022,Sales Invoice,SI103295,10000,C0030,AO,1972-S,"MOMBASA Swivel Chair, yellow",CHAIR,,2,25170.36,50340.72,40093.22,10247.5,20.36
220,2022-08-10,F 2022,Sales Invoice,SI103295,20000,C0030,AO,1972-S,"MOMBASA Swivel Chair, yellow",CHAIR,KSM,11,27017.07,297187.77,218221.19,78966.58,26.57
221,2022-09-29,F 2022,Sales Invoice,SI103296,10000,C0008,AO,1964-S,Guest Section 1,MISC,,12,148771.79,1785261.48,1273487.4,511774.08,28.67
222,2022-09-29,F 2022,Sales Invoice,SI103296,20000,C0008,AO,2008-S,"ACCRA Stacking Chair, blue",CHAIR,,4,13081.24,52324.96,36342.72,15982.24,30.54
223,2022-09-29,F 2022,Sales Invoice,SI103296,30000,C0008,AO,1952-S,"ABUJA Whiteboard, base",MISC,,1,60641.04,60641.04,37486.83,23154.21,38.18
224,2022-09-29,F 2022,Sales Invoice,SI103296,40000,C0008,AO,BEAN-1,Coffee Beans 1kg (AA Grade),BEANS,,3,1739.78,5219.34,2703.09,2516.25,48.21
225,2022-06-03,F 2022,Sales Invoice,SI103297,10000,C0021,BM,1960-S,"NAIROBI Guest Chair, green",CHAIR,KSM,6,25291.98,151751.88,92247.84,59504.04,39.21
226,2022-06-03,F 2022,Sales Invoice,SI103297,20000,C0021,BM,2008-S,"ACCRA Stacking Chair, blue",CHAIR,NAK,9,14325.98,128933.82,78115.59,50818.23,39.41
227,2022-06-03,F 2022,Sales Invoice,SI103297,30000,C0021,BM,1896-S,ADDIS ABABA Executive Desk,BENCH,,1,188242.16,188242.16,120602.36,67639.8,35.93
228,2022-06-03,F 2022,Sales Invoice,SI103297,40000,C0021,BM,1980-S,"KISUMU Swivel Chair, red",CHAIR,,12,27481.88,329782.56,247929.24,81853.32,24.82
229,2022-02-23,F 2022,Sales Invoice,SI103298,10000,C0003,CM,1916-S,JOHANNESBURG Sit-Stand Desk,BENCH,,3,174229.53,522688.59,328671.6,194016.99,37.12
230,2022-02-23,F 2022,Sales Invoice,SI103298,20000,C0003,CM,1920-S,LUANDA Conference Table,TABLE,KSM,10,250468.0,2504680.0,1532363.5,972316.5,38.82
231,2022-02-23,F 2022,Sales Invoice,SI103298,30000,C0003,CM,1936-S,ACCRA Round Table,TABLE,,10,86681.38,866813.8,640288.0,226525.8,26.13
232,2021-10-15,F 2022,Sales Invoice,SI103299,10000,C0032,AO,2000-S,"KIGALI Ergonomic Chair, black",CHAIR,,4,37116.81,148467.24,105240.32,43226.92,29.12
233,2021-10-15,F 2022,Sales Invoice,SI103299,20000,C0032,AO,1900-S,CAIRO Writing Desk,BENCH,,11,115164.03,1266804.33,773488.65,493315.68,38.94
234,2021-10-15,F 2022,Sales Invoice,SI103299,30000,C0032,AO,1988-S,"KAMPALA Guest Chair, red",CHAIR,KSM,11,22972.64,252699.04,193402.11,59296.93,23.47
235,2021-12-20,F 2022,Sales Invoice,SI103300,10000,C0006,AO,1920-S,LUANDA Conference Table,TABLE,NAK,6,256699.04,1540194.24,870343.32,669850.92,43.49
236,2022-03-26,F 2022,Sales Invoice,SI103301,10000,C0002,CM,1916-S,JOHANNESBURG Sit-Stand Desk,BENCH,,6,155552.23,933313.38,660688.26,272625.12,29.21
237,2022-03-26,F 2022,Sales Invoice,SI103301,20000,C0002,CM,1980-S,"KISUMU Swivel Chair, red",CHAIR,,1,29122.56,29122.56,18592.81,10529.75,36.16
238,2022-02-05,F 2022,Sales Invoice,SI103302,10000,C0029,CM,1976-S,LONDON Bookcase,MISC,,12,48938.04,587256.48,447641.76,139614.72,23.77
239,2022-02-05,F 2022,Sales Invoice,SI103302,20000,C0029,CM,1908-S,DUBAI Corner Desk,BENCH,,8,135557.01,1084456.08,741223.28,343232.8,31.65
240,2022-02-05,F 2022,Sales Invoice,SI103302,30000,C0029,CM,1896-S,ADDIS ABABA Executive Desk,BENCH,,8,211818.93,1694551.44,1089272.56,605278.88,35.72
241,2022-02-05,F 2022,Sales Invoice,SI103302,40000,C0029,CM,1960-S,"NAIROBI Guest Chair, green",CHAIR,KSM,8,21949.33,175594.64,107180.08,68414.56,38.96
242,2022-02-24,F 2022,Sales Invoice,SI103303,10000,C0026,BM,1964-S,Guest Section 1,MISC,,12,134285.18,1611422.16,1209350.76,402071.4,24.95
243,2022-02-24,F 2022,Sales Invoice,SI103303,20000,C0026,BM,1960-S,"NAIROBI Guest Chair, green",CHAIR,,9,25461.85,229156.65,151686.99,77469.66,33.81
244,2022-06-16,F 2022,Sales Invoice,SI103304,10000,C0008,AO,1920-S,LUANDA Conference Table,TABLE,,10,234221.65,2342216.5,1716234.1,625982.4,26.73
245,2022-06-16,F 2022,Sales Invoice,SI103304,20000,C0008,AO,1952-S,"ABUJA Whiteboard, base",MISC,,6,54601.85,327611.1,224426.94,103184.16,31.5
246,2022-06-16,F 2022,Sales Invoice,SI103304,30000,C0008,AO,1920-S,LUANDA Conference Table,TABLE,,7,218698.33,1530888.31,1057637.77,473250.54,30.91
247,2022-06-16,F 2022,Sales Invoice,SI103304,40000,C0008,AO,2004-S,"LAGOS Executive Chair, grey",CHAIR,MBA,8,35280.82,282246.56,170297.44,111949.12,39.66
248,2021-12-11,F 2022,Sales Invoice,SI103305,10000,C0010,AO,PART-1,Chair Replacement Wheel Set,PARTS,,12,816.78,9801.36,4380.6,5420.76,55.31
249,2022-06-18,F 2022,Sales Invoice,SI103306,10000,C0017,BM,1956-S,Conference Bundle 1-6,MISC,,6,346165.42,2076992.52,1351827.78,725164.74,34.91
250,2022-03-07,F 2022,Sales Invoice,SI103307,10000,C0018,CM,1960-S,"NAIROBI Guest Chair, green",CHAIR,NAK,8,22595.37,180762.96,110732.72,70030.24,38.74
251,2022-03-07,F 2022,Sales Invoice,SI103307,20000,C0018,CM,1916-S,JOHANNESBURG Sit-Stand Desk,BENCH,,4,166744.48,666977.92,386501.76,280476.16,42.05
252,2022-03-07,F 2022,Sales Invoice,SI103307,30000,C0018,CM,1920-S,LUANDA Conference Table,TABLE,NBI,10,232266.32,2322663.2,1645035.6,677627.6,29.17
253,2022-02-02,F 2022,Sales Invoice,SI103308,10000,C0032,AO,1960-S,"NAIROBI Guest Chair, green",CHAIR,,6,19326.23,115957.38,94324.5,21632.88,18.66
254,2022-06-14,F 2022,Sales Invoice,SI103309,10000,C0031,CM,1944-S,HARARE Folding Table,TABLE,,1,38922.97,38922.97,29228.82,9694.15,24.91
255,2022-06-14,F 2022,Sales Invoice,SI103309,20000,C0031,CM,PART-2,Desk Leg Leveller Kit,PARTS,,8,589.28,4714.24,2175.04,2539.2,53.86
256,2022-06-14,F 2022,Sales Invoice,SI103309,30000,C0031,CM,1968-S,OSLO Filing Cabinet,MISC,NBI,6,33114.52,198687.12,140891.1,57796.02,29.09
257,2022-06-14,F 2022,Sales Invoice,SI103309,40000,C0031,CM,1928-S,DAKAR Meeting Table,TABLE,MBA,12,157472.43,1889669.16,1130232.72,759436.44,40.19
258,2022-02-20,F 2022,Sales Invoice,SI103310,10000,C0003,BM,2000-S,"KIGALI Ergonomic Chair, black",CHAIR,,5,43377.45,216887.25,148453.5,68433.75,31.55
259,2022-02-20,F 2022,Sales Invoice,SI103310,20000,C0003,BM,1900-S,CAIRO Writing Desk,BENCH,,9,104523.96,940715.64,623462.67,317252.97,33.72
260,2022-02-20,F 2022,Sales Invoice,SI103310,30000,C0003,BM,1972-S,"MOMBASA Swivel Chair, yellow",CHAIR,,11,23122.71,254349.81,205425.22,48924.59,19.24
261,2022-02-20,F 2022,Sales Invoice,SI103310,40000,C0003,BM,2008-S,"ACCRA Stacking Chair, blue",CHAIR,KSM,3,14749.62,44248.86,23714.16,20534.7,46.41
262,2022-02-20,F 2022,Sales Invoice,SI103310,50000,C0003,BM,2008-S,"ACCRA Stacking Chair, blue",CHAIR,,8,13306.84,106454.72,70027.76,36426.96,34.22
263,2022-02-20,F 2022,Sales Invoice,SI103310,60000,C0003,BM,1956-S,Conference Bundle 1-6,MISC,,5,374907.82,1874539.1,1299744.55,574794.55,30.66
264,2022-08-12,F 2022,Sales Invoice,SI103311,10000,C0003,BM,1968-S,OSLO Filing Cabinet,MISC,,4,41881.39,167525.56,90928.96,76596.6,45.72
265,2022-05-30,F 2022,Sales Invoice,SI103312,10000,C0020,AO,1916-S,JOHANNESBURG Sit-Stand Desk,BENCH,NBI,3,135362.61,406087.83,299718.96,106368.87,26.19
266,2022-06-02,F 2022,Sales Invoice,SI103313,10000,C0020,BM,2000-S,"KIGALI Ergonomic Chair, black",CHAIR,,1,35220.29,35220.29,28618.43,6601.86,18.74
267,2022-07-01,F 2022,Sales Invoice,SI103314,10000,C0026,BM,1976-S,LONDON Bookcase,MISC,MBA,7,51287.44,359012.08,221890.13,137121.95,38.19
268,2022-04-22,F 2022,Sales Invoice,SI103315,10000,C0002,CM,1964-S,Guest Section 1,MISC,,5,150234.46,751172.3,505426.4,245745.9,32.71
269,2022-04-22,F 2022,Sales Invoice,SI103315,20000,C0002,CM,1972-S,"MOMBASA Swivel Chair, yellow",CHAIR,,6,24445.0,146670.0,113857.08,32812.92,22.37
270,2022-04-22,F 2022,Sales Invoice,SI103315,30000,C0002,CM,1900-S,CAIRO Writing Desk,BENCH,,3,122843.33,368529.99,209629.71,158900.28,43.12
271,2021-11-27,F 2022,Sales Invoice,SI103316,10000,C0017,AO,1936-S,ACCRA Round Table,TABLE,,1,110916.57,110916.57,75028.48,35888.09,32.36
272,2021-11-27,F 2022,Sales Invoice,SI103316,20000,C0017,AO,1952-S,"ABUJA Whiteboard, base",MISC,,3,46940.65,140821.95,97034.82,43787.13,31.09
273,2021-11-27,F 2022,Sales Invoice,SI103316,30000,C0017,AO,1896-S,ADDIS ABABA Executive Desk,BENCH,,6,178200.88,1069205.28,800688.66,268516.62,25.11
274,2021-12-11,F 2022,Sales Invoice,SI103317,10000,C0031,AO,1896-S,ADDIS ABABA Executive Desk,BENCH,,8,218078.85,1744630.8,998601.76,746029.04,42.76
275,2022-07-21,F 2022,Sales Invoice,SI103318,10000,C0012,AO,1960-S,"NAIROBI Guest Chair, green",CHAIR,KSM,2,24433.98,48867.96,27306.48,21561.48,44.12
276,2022-07-21,F 2022,Sales Invoice,SI103318,20000,C0012,AO,1976-S,LONDON Bookcase,MISC,,12,53356.19,640274.28,420459.6,219814.68,34.33
277,2022-07-21,F 2022,Sales Invoice,SI103318,30000,C0012,AO,1976-S,LONDON Bookcase,MISC,,6,43739.56,262437.36,217340.64,45096.72,17.18
278,2021-12-18,F 2022,Sales Invoice,SI103319,10000,C0035,AO,1936-S,ACCRA Round Table,TABLE,NBI,8,111929.08,895432.64,553013.36,342419.28,38.24
279,2021-12-18,F 2022,Sales Invoice,SI103319,20000,C0035,AO,1952-S,"ABUJA Whiteboard, base",MISC,,11,47167.25,518839.75,448123.28,70716.47,13.63
280,2022-05-17,F 2022,Sales Invoice,SI103320,10000,C0004,BM,1972-S,"MOMBASA Swivel Chair, yellow",CHAIR,,9,29923.28,269309.52,160394.22,108915.3,40.44
281,2022-05-17,F 2022,Sales Invoice,SI103320,20000,C0004,BM,1980-S,"KISUMU Swivel Chair, red",CHAIR,KSM,9,29245.26,263207.34,174408.66,88798.68,33.74
282,2022-05-17,F 2022,Sales Invoice,SI103320,30000,C0004,BM,1900-S,CAIRO Writing Desk,BENCH,,9,113900.31,1025102.79,666593.55,358509.24,34.97
283,2022-05-17,F 2022,Sales Invoice,SI103320,40000,C0004,BM,1896-S,ADDIS ABABA Executive Desk,BENCH,NBI,10,211377.31,2113773.1,1379020.1,734753.0,34.76
284,2022-05-17,F 2022,Sales Invoice,SI103320,50000,C0004,BM,1944-S,HARARE Folding Table,TABLE,,7,38490.01,269430.07,229336.66,40093.41,14.88
285,2021-11-07,F 2022,Sales Invoice,SI103321,10000,C0003,AO,PART-2,Desk Leg Leveller Kit,PARTS,,2,720.63,1441.26,604.18,837.08,58.08
286,2022-01-01,F 2022,Sales Invoice,SI103322,10000,C0021,CM,1928-S,DAKAR Meeting Table,TABLE,,7,154927.89,1084495.23,668486.98,416008.25,38.36
287,2022-01-01,F 2022,Sales Invoice,SI103322,20000,C0021,CM,1968-S,OSLO Filing Cabinet,MISC,KSM,7,39317.49,275222.43,190658.93,84563.5,30.73
288,2022-01-01,F 2022,Sales Invoice,SI103322,30000,C0021,CM,1908-S,DUBAI Corner Desk,BENCH,ELD,11,122086.53,1342951.83,1045507.65,297444.18,22.15
289,2022-01-01,F 2022,Sales Invoice,SI103322,40000,C0021,CM,1896-S,ADDIS ABABA Executive Desk,BENCH,,3,192160.65,576481.95,382479.12,194002.83,33.65
290,2022-01-01,F 2022,Sales Invoice,SI103322,50000,C0021,CM,1960-S,"NAIROBI Guest Chair, green",CHAIR,,5,22359.14,111795.7,80213.9,31581.8,28.25
291,2022-01-01,F 2022,Sales Invoice,SI103322,60000,C0021,CM,1896-S,ADDIS ABABA Executive Desk,BENCH,,4,175512.69,702050.76,555218.52,146832.24,20.91
292,2021-11-27,F 2022,Sales Invoice,SI103323,10000,C0013,AO,1976-S,LONDON Bookcase,MISC,,1,55644.99,55644.99,30627.17,25017.82,44.96
293,2021-11-27,F 2022,Sales Invoice,SI103323,20000,C0013,AO,1896-S,ADDIS ABABA Executive Desk,BENCH,KSM,11,213355.46,2346910.06,1321446.28,1025463.78,43.69
294,2021-11-27,F 2022,Sales Invoice,SI103323,30000,C0013,AO,1896-S,ADDIS ABABA Executive Desk,BENCH,KSM,4,187627.16,750508.64,525557.56,224951.08,29.97
295,2021-12-11,F 2022,Sales Invoice,SI103324,10000,C0003,AO,1944-S,HARARE Folding Table,TABLE,NBI,6,42415.39,254492.34,156979.2,97513.14,38.32
296,2021-12-11,F 2022,Sales Invoice,SI103324,20000,C0003,AO,1988-S,"KAMPALA Guest Chair, red",CHAIR,,3,28044.2,84132.6,46551.54,37581.06,44.67
297,2021-12-11,F 2022,Sales Invoice,SI103324,30000,C0003,AO,2000-S,"KIGALI Ergonomic Chair, black",CHAIR,MBA,9,36339.98,327059.82,265191.21,61868.61,18.92
298,2021-12-11,F 2022,Sales Invoice,SI103324,40000,C0003,AO,1920-S,LUANDA Conference Table,TABLE,,7,228067.9,1596475.3,1237507.88,358967.42,22.48
299,2022-08-26,F 2022,Sales Invoice,SI103325,10000,C0022,BM,1896-S,ADDIS ABABA Executive Desk,BENCH,,3,202220.05,606660.15,363380.91,243279.24,40.1
300,2022-08-26,F 2022,Sales Invoice,SI103325,20000,C0022,BM,1988-S,"KAMPALA Guest Chair, red",CHAIR,NBI,4,21163.08,84652.32,74426.36,10225.96,12.08
301,2021-10-30,F 2022,Sales Invoice,SI103326,10000,C0033,BM,1972-S,"MOMBASA Swivel Chair, yellow",CHAIR,,4,23712.81,94851.24,77908.52,16942.72,17.86
302,2021-10-30,F 2022,Sales Invoice,SI103326,20000,C0033,BM,1896-S,ADDIS ABABA Executive Desk,BENCH,,6,189100.14,1134600.84,815584.92,319015.92,28.12
303,2022-02-15,F 2022,Sales Invoice,SI103327,10000,C0010,AO,1960-S,"NAIROBI Guest Chair, green",CHAIR,,10,24252.77,242527.7,157322.5,85205.2,35.13
304,2022-03-20,F 2022,Sales Invoice,SI103328,10000,C0029,AO,1980-S,"KISUMU Swivel Chair, red",CHAIR,,12,29853.15,358237.8,256872.96,101364.84,28.3
305,2022-02-02,F 2022,Sales Invoice,SI103329,10000,C0017,BM,1988-S,"KAMPALA Guest Chair, red",CHAIR,,6,21841.55,131049.3,94064.88,36984.42,28.22
306,2022-02-02,F 2022,Sales Invoice,SI103329,20000,C0017,BM,2008-S,"ACCRA Stacking Chair, blue",CHAIR,,5,13478.62,67393.1,39093.05,28300.05,41.99
307,2022-05-29,F 2022,Sales Invoice,SI103330,10000,C0004,CM,2004-S,"LAGOS Executive Chair, grey",CHAIR,,1,36987.92,36987.92,23845.98,13141.94,35.53
308,2022-02-11,F 2022,Sales Invoice,SI103331,10000,C0010,BM,2000-S,"KIGALI Ergonomic Chair, black",CHAIR,NBI,4,40495.57,161982.28,108033.32,53948.96,33.31
309,2022-02-11,F 2022,Sales Invoice,SI103331,20000,C0010,BM,1900-S,CAIRO Writing Desk,BENCH,KSM,11,122769.77,1350467.47,812603.22,537864.25,39.83
310,2022-02-11,F 2022,Sales Invoice,SI103331,30000,C0010,BM,1900-S,CAIRO Writing Desk,BENCH,,12,121177.52,1454130.24,873198.48,580931.76,39.95
311,2022-03-30,F 2022,Sales Invoice,SI103332,10000,C0017,AO,1968-S,OSLO Filing Cabinet,MISC,,9,33586.68,302280.12,200425.14,101854.98,33.7
312,2022-03-30,F 2022,Sales Invoice,SI103332,20000,C0017,AO,1956-S,Conference Bundle 1-6,MISC,KSM,2,321570.59,643141.18,445259.64,197881.54,30.77
313,2022-04-30,F 2022,Sales Invoice,SI103333,10000,C0011,AO,1980-S,"KISUMU Swivel Chair, red",CHAIR,,4,30291.64,121166.56,85034.04,36132.52,29.82
314,2022-09-07,F 2022,Sales Invoice,SI103334,10000,C0030,CM,1960-S,"NAIROBI Guest Chair, green",CHAIR,,9,20499.74,184497.66,127488.33,57009.33,30.9
315,2022-09-07,F 2022,Sales Invoice,SI103334,20000,C0030,CM,2000-S,"KIGALI Ergonomic Chair, black",CHAIR,KSM,5,39886.53,199432.65,144911.3,54521.35,27.34
316,2022-09-07,F 2022,Sales Invoice,SI103334,30000,C0030,CM,1952-S,"ABUJA Whiteboard, base",MISC,,3,62130.86,186392.58,110147.46,76245.12,40.91
317,2022-01-07,F 2022,Sales Invoice,SI103335,10000,C0003,BM,1952-S,"ABUJA Whiteboard, base",MISC,,2,49999.65,99999.3,66001.22,33998.08,34.0
318,2022-01-07,F 2022,Sales Invoice,SI103335,20000,C0003,BM,PART-1,Chair Replacement Wheel Set,PARTS,,4,776.95,3107.8,1308.44,1799.36,57.9
319,2022-08-29,F 2022,Sales Invoice,SI103336,10000,C0001,CM,1916-S,JOHANNESBURG Sit-Stand Desk,BENCH,,1,143656.08,143656.08,96290.12,47365.96,32.97
320,2022-08-29,F 2022,Sales Invoice,SI103336,20000,C0001,CM,1956-S,Conference Bundle 1-6,MISC,NBI,11,361245.13,3973696.43,2549024.61,1424671.82,35.85
321,2021-11-18,F 2022,Sales Invoice,SI103337,10000,C0030,CM,1968-S,OSLO Filing Cabinet,MISC,,12,42174.62,506095.44,297765.0,208330.44,41.16
322,2021-11-08,F 2022,Sales Invoice,SI103338,10000,C0003,BM,1928-S,DAKAR Meeting Table,TABLE,NAK,3,154461.13,463383.39,264899.37,198484.02,42.83
323,2021-11-08,F 2022,Sales Invoice,SI103338,20000,C0003,BM,1920-S,LUANDA Conference Table,TABLE,,12,269372.35,3232468.2,1939744.32,1292723.88,39.99
324,2022-07-16,F 2022,Sales Invoice,SI103339,10000,C0024,AO,1968-S,OSLO Filing Cabinet,MISC,NBI,6,40967.91,245807.46,149613.0,96194.46,39.13
325,2022-07-16,F 2022,Sales Invoice,SI103339,20000,C0024,AO,1936-S,ACCRA Round Table,TABLE,,2,99485.2,198970.4,133071.18,65899.22,33.12
326,2022-05-12,F 2022,Sales Invoice,SI103340,10000,C0001,AO,1920-S,LUANDA Conference Table,TABLE,,10,215869.08,2158690.8,1445575.3,713115.5,33.03
327,2022-05-12,F 2022,Sales Invoice,SI103340,20000,C0001,AO,2000-S,"KIGALI Ergonomic Chair, black",CHAIR,MBA,8,45841.76,366734.08,218824.08,147910.0,40.33
328,2022-05-12,F 2022,Sales Invoice,SI103340,30000,C0001,AO,1896-S,ADDIS ABABA Executive Desk,BENCH,KSM,11,209682.76,2306510.36,1374447.03,932063.33,40.41
329,2022-03-01,F 2022,Sales Invoice,SI103341,10000,C0018,CM,1980-S,"KISUMU Swivel Chair, red",CHAIR,,12,25796.19,309554.28,247456.08,62098.2,20.06
330,2022-04-03,F 2022,Sales Invoice,SI103342,10000,C0001,AO,2008-S,"ACCRA Stacking Chair, blue",CHAIR,,5,10846.14,54230.7,37548.1,16682.6,30.76
331,2022-04-03,F 2022,Sales Invoice,SI103342,20000,C0001,AO,1916-S,JOHANNESBURG Sit-Stand Desk,BENCH,,9,163646.46,1472818.14,934815.06,538003.08,36.53
332,2021-11-17,F 2022,Sales Invoice,SI103343,10000,C0022,BM,1960-S,"NAIROBI Guest Chair, green",CHAIR,MBA,7,26504.84,185533.88,96656.77,88877.11,47.9
333,2021-11-17,F 2022,Sales Invoice,SI103343,20000,C0022,BM,1968-S,OSLO Filing Cabinet,MISC,,4,39681.59,158726.36,100500.6,58225.76,36.68
334,2021-11-17,F 2022,Sales Invoice,SI103343,30000,C0022,BM,1980-S,"KISUMU Swivel Chair, red",CHAIR,,5,32772.86,163864.3,93416.5,70447.8,42.99
335,2021-11-17,F 2022,Sales Invoice,SI103343,40000,C0022,BM,2000-S,"KIGALI Ergonomic Chair, black",CHAIR,,5,40386.73,201933.65,135867.0,66066.65,32.72
336,2022-02-04,F 2022,Sales Invoice,SI103344,10000,C0007,BM,1900-S,CAIRO Writing Desk,BENCH,,3,111562.97,334688.91,250967.64,83721.27,25.01
337,2022-02-04,F 2022,Sales Invoice,SI103344,20000,C0007,BM,1920-S,LUANDA Conference Table,TABLE,NBI,6,278880.34,1673282.04,926599.08,746682.96,44.62
338,2022-02-04,F 2022,Sales Invoice,SI103344,30000,C0007,BM,1928-S,DAKAR Meeting Table,TABLE,MBA,10,150856.28,1508562.8,995522.1,513040.7,34.01
339,2022-01-11,F 2022,Sales Invoice,SI103345,10000,C0002,AO,2004-S,"LAGOS Executive Chair, grey",CHAIR,,12,38845.15,466141.8,318937.44,147204.36,31.58
340,2022-01-11,F 2022,Sales Invoice,SI103345,20000,C0002,AO,1988-S,"KAMPALA Guest Chair, red",CHAIR,,7,22780.54,159463.78,109443.95,50019.83,31.37
341,2022-07-16,F 2022,Sales Invoice,SI103346,10000,C0035,AO,1952-S,"ABUJA Whiteboard, base",MISC,KSM,1,56600.89,56600.89,33495.82,23105.07,40.82
342,2022-05-13,F 2022,Sales Invoice,SI103347,10000,C0025,CM,1964-S,Guest Section 1,MISC,,7,126122.83,882859.81,597180.36,285679.45,32.36
343,2022-02-07,F 2022,Sales Invoice,SI103348,10000,C0018,BM,1960-S,"NAIROBI Guest Chair, green",CHAIR,,10,19144.87,191448.7,150194.4,41254.3,21.55
344,2022-02-07,F 2022,Sales Invoice,SI103348,20000,C0018,BM,1976-S,LONDON Bookcase,MISC,NAK,12,51774.91,621298.92,387560.16,233738.76,37.62
345,2022-02-07,F 2022,Sales Invoice,SI103348,30000,C0018,BM,1936-S,ACCRA Round Table,TABLE,,9,91712.33,825410.97,637674.12,187736.85,22.74
346,2022-02-07,F 2022,Sales Invoice,SI103348,40000,C0018,BM,1988-S,"KAMPALA Guest Chair, red",CHAIR,,11,26833.25,295165.75,182761.15,112404.6,38.08
347,2022-08-27,F 2022,Sales Invoice,SI103349,10000,C0005,BM,1984-S,MADRID Monitor Stand,MISC,,7,12922.04,90454.28,63239.82,27214.46,30.09
348,2022-08-27,F 2022,Sales Invoice,SI103349,20000,C0005,BM,1944-S,HARARE Folding Table,TABLE,,9,48284.27,434558.43,273468.69,161089.74,37.07
349,2022-08-27,F 2022,Sales Invoice,SI103349,30000,C0005,BM,1896-S,ADDIS ABABA Executive Desk,BENCH,,11,199751.61,2197267.71,1554545.3,642722.41,29.25
350,2021-10-13,F 2022,Sales Invoice,SI103350,10000,C0003,AO,1972-S,"MOMBASA Swivel Chair, yellow",CHAIR,,12,26737.99,320855.88,224374.32,96481.56,30.07
351,2021-10-13,F 2022,Sales Invoice,SI103350,20000,C0003,AO,1988-S,"KAMPALA Guest Chair, red",CHAIR,KSM,8,26380.24,211041.92,147573.68,63468.24,30.07
352,2021-10-13,F 2022,Sales Invoice,SI103350,30000,C0003,AO,1896-S,ADDIS ABABA Executive Desk,BENCH,,2,209961.41,419922.82,229667.42,190255.4,45.31
353,2021-10-13,F 2022,Sales Invoice,SI103350,40000,C0003,AO,1964-S,Guest Section 1,MISC,MBA,11,125760.88,1383369.68,996749.05,386620.63,27.95
354,2021-10-13,F 2022,Sales Invoice,SI103350,50000,C0003,AO,1944-S,HARARE Folding Table,TABLE,,9,47726.29,429536.61,269909.91,159626.7,37.16
355,2022-05-25,F 2022,Sales Invoice,SI103351,10000,C0004,AO,1920-S,LUANDA Conference Table,TABLE,MBA,7,224022.23,1568155.61,1031764.09,536391.52,34.21
356,2022-05-19,F 2022,Sales Invoice,SI103352,10000,C0005,BM,1988-S,"KAMPALA Guest Chair, red",CHAIR,,12,26716.14,320593.68,211263.96,109329.72,34.1
357,2022-05-19,F 2022,Sales Invoice,SI103352,20000,C0005,BM,1964-S,Guest Section 1,MISC,,3,161390.56,484171.68,285032.31,199139.37,41.13
358,2022-05-19,F 2022,Sales Invoice,SI103352,30000,C0005,BM,1928-S,DAKAR Meeting Table,TABLE,,8,144852.2,1158817.6,697861.52,460956.08,39.78
359,2022-08-09,F 2022,Sales Invoice,SI103353,10000,C0001,AO,1900-S,CAIRO Writing Desk,BENCH,,3,96673.25,290019.75,227231.67,62788.08,21.65
360,2022-08-09,F 2022,Sales Invoice,SI103353,20000,C0001,AO,1920-S,LUANDA Conference Table,TABLE,,2,226658.77,453317.54,304588.6,148728.94,32.81
361,2021-11-29,F 2022,Sales Invoice,SI103354,10000,C0015,AO,1896-S,ADDIS ABABA Executive Desk,BENCH,,3,164585.78,493757.34,426569.73,67187.61,13.61
362,2021-11-29,F 2022,Sales Invoice,SI103354,20000,C0015,AO,1908-S,DUBAI Corner Desk,BENCH,,11,146362.62,1609988.82,991069.53,618919.29,38.44
363,2022-02-25,F 2022,Sales Invoice,SI103355,10000,C0003,AO,1960-S,"NAIROBI Guest Chair, green",CHAIR,,6,26184.59,157107.54,102134.64,54972.9,34.99
364,2022-02-25,F 2022,Sales Invoice,SI103355,20000,C0003,AO,1896-S,ADDIS ABABA Executive Desk,BENCH,KSM,9,200436.5,1803928.5,1088274.42,715654.08,39.67
365,2022-05-01,F 2022,Sales Invoice,SI103356,10000,C0006,BM,1916-S,JOHANNESBURG Sit-Stand Desk,BENCH,,4,136397.68,545590.72,462815.96,82774.76,15.17
366,2021-12-26,F 2022,Sales Invoice,SI103357,10000,C0009,CM,1900-S,CAIRO Writing Desk,BENCH,KSM,9,112589.71,1013307.39,718199.1,295108.29,29.12
367,2021-12-26,F 2022,Sales Invoice,SI103357,20000,C0009,CM,1956-S,Conference Bundle 1-6,MISC,KSM,6,405611.02,2433666.12,1357629.36,1076036.76,44.21
368,2021-12-26,F 2022,Sales Invoice,SI103357,30000,C0009,CM,1896-S,ADDIS ABABA Executive Desk,BENCH,NBI,4,195070.69,780282.76,528562.36,251720.4,32.26
369,2022-02-04,F 2022,Sales Invoice,SI103358,10000,C0035,AO,2008-S,"ACCRA Stacking Chair, blue",CHAIR,KSM,2,12653.37,25306.74,14791.14,10515.6,41.55
370,2022-02-04,F 2022,Sales Invoice,SI103358,20000,C0035,AO,1988-S,"KAMPALA Guest Chair, red",CHAIR,KSM,12,23927.71,287132.52,193534.8,93597.72,32.6
371,2022-08-20,F 2022,Sales Invoice,SI103359,10000,C0010,AO,1956-S,Conference Bundle 1-6,MISC,,1,377042.71,377042.71,266034.71,111008.0,29.44
372,2022-08-20,F 2022,Sales Invoice,SI103359,20000,C0010,AO,1980-S,"KISUMU Swivel Chair, red",CHAIR,MBA,12,28285.64,339427.68,251155.56,88272.12,26.01
373,2022-08-20,F 2022,Sales Invoice,SI103359,30000,C0010,AO,1908-S,DUBAI Corner Desk,BENCH,KSM,11,122864.54,1351509.94,1077515.01,273994.93,20.27
374,2022-08-20,F 2022,Sales Invoice,SI103359,40000,C0010,AO,1896-S,ADDIS ABABA Executive Desk,BENCH,,1,209155.16,209155.16,129538.97,79616.19,38.07
375,2021-12-07,F 2022,Sales Invoice,SI103360,10000,C0016,AO,1952-S,"ABUJA Whiteboard, base",MISC,,11,53004.91,583054.01,383626.87,199427.14,34.2
376,2021-12-07,F 2022,Sales Invoice,SI103360,20000,C0016,AO,1920-S,LUANDA Conference Table,TABLE,MBA,7,226733.24,1587132.68,1261965.46,325167.22,20.49
377,2021-12-07,F 2022,Sales Invoice,SI103360,30000,C0016,AO,1972-S,"MOMBASA Swivel Chair, yellow",CHAIR,NBI,9,26551.2,238960.8,167083.29,71877.51,30.08
378,2021-12-07,F 2022,Sales Invoice,SI103360,40000,C0016,AO,1896-S,ADDIS ABABA Executive Desk,BENCH,KSM,8,219926.84,1759414.72,1062746.64,696668.08,39.6
379,2021-11-17,F 2022,Sales Invoice,SI103361,10000,C0006,BM,2008-S,"ACCRA Stacking Chair, blue",CHAIR,NAK,2,12863.2,25726.4,16058.54,9667.86,37.58
380,2021-11-17,F 2022,Sales Invoice,SI103361,20000,C0006,BM,1956-S,Conference Bundle 1-6,MISC,,8,320989.59,2567916.72,1894981.04,672935.68,26.21
381,2021-11-17,F 2022,Sales Invoice,SI103361,30000,C0006,BM,1916-S,JOHANNESBURG Sit-Stand Desk,BENCH,MBA,10,173740.95,1737409.5,1122806.9,614602.6,35.37
382,2021-10-25,F 2022,Sales Invoice,SI103362,10000,C0010,AO,1960-S,"NAIROBI Guest Chair, green",CHAIR,MBA,3,24767.93,74303.79,42355.74,31948.05,43.0
383,2021-10-25,F 2022,Sales Invoice,SI103362,20000,C0010,AO,1988-S,"KAMPALA Guest Chair, red",CHAIR,,12,25574.81,306897.72,222292.56,84605.16,27.57
384,2021-10-25,F 2022,Sales Invoice,SI103362,30000,C0010,AO,1964-S,Guest Section 1,MISC,,5,138246.39,691231.95,497600.5,193631.45,28.01
385,2021-10-25,F 2022,Sales Invoice,SI103362,40000,C0010,AO,1928-S,DAKAR Meeting Table,TABLE,,11,127280.1,1400081.1,1188163.46,211917.64,15.14
386,2022-09-24,F 2022,Sales Invoice,SI103363,10000,C0005,BM,1972-S,"MOMBASA Swivel Chair, yellow",CHAIR,,4,28375.05,113500.2,69369.92,44130.28,38.88
387,2022-09-14,F 2022,Sales Invoice,SI103364,10000,C0001,AO,1972-S,"MOMBASA Swivel Chair, yellow",CHAIR,,7,24361.15,170528.05,131080.11,39447.94,23.13
388,2022-09-14,F 2022,Sales Invoice,SI103364,20000,C0001,AO,1972-S,"MOMBASA Swivel Chair, yellow",CHAIR,,2,27870.56,55741.12,33387.7,22353.42,40.1
389,2022-04-14,F 2022,Sales Invoice,SI103365,10000,C0020,CM,PART-1,Chair Replacement Wheel Set,PARTS,,3,1000.83,3002.49,1154.07,1848.42,61.56
390,2021-12-24,F 2022,Sales Invoice,SI103366,10000,C0017,AO,1980-S,"KISUMU Swivel Chair, red",CHAIR,,7,29567.2,206970.4,127146.88,79823.52,38.57
391,2021-12-24,F 2022,Sales Invoice,SI103366,20000,C0017,AO,1968-S,OSLO Filing Cabinet,MISC,,3,40485.86,121457.58,73471.35,47986.23,39.51
392,2021-12-24,F 2022,Sales Invoice,SI103366,30000,C0017,AO,1984-S,MADRID Monitor Stand,MISC,KSM,6,13037.75,78226.5,49304.76,28921.74,36.97
393,2022-02-05,F 2022,Sales Invoice,SI103367,10000,C0011,BM,1952-S,"ABUJA Whiteboard, base",MISC,NBI,12,49832.2,597986.4,473186.16,124800.24,20.87
394,2022-02-05,F 2022,Sales Invoice,SI103367,20000,C0011,BM,1988-S,"KAMPALA Guest Chair, red",CHAIR,,10,29102.32,291023.2,157667.2,133356.0,45.82
395,2022-02-05,F 2022,Sales Invoice,SI103367,30000,C0011,BM,1960-S,"NAIROBI Guest Chair, green",CHAIR,,4,23218.14,92872.56,59101.28,33771.28,36.36
396,2022-08-01,F 2022,Sales Invoice,SI103368,10000,C0028,AO,2008-S,"ACCRA Stacking Chair, blue",CHAIR,,6,14427.71,86566.26,49297.32,37268.94,43.05
397,2022-04-06,F 2022,Sales Invoice,SI103369,10000,C0002,BM,BEAN-1,Coffee Beans 1kg (AA Grade),BEANS,,2,1824.28,3648.56,1957.26,1691.3,46.36
398,2022-04-06,F 2022,Sales Invoice,SI103369,20000,C0002,BM,1960-S,"NAIROBI Guest Chair, green",CHAIR,,1,21176.14,21176.14,16257.94,4918.2,23.23
399,2022-09-30,F 2022,Sales Invoice,SI103370,10000,C0004,AO,1972-S,"MOMBASA Swivel Chair, yellow",CHAIR,,9,26647.14,239824.26,183852.54,55971.72,23.34
400,2022-09-30,F 2022,Sales Invoice,SI103370,20000,C0004,AO,1972-S,"MOMBASA Swivel Chair, yellow",CHAIR,,4,27473.94,109895.76,79692.96,30202.8,27.48
401,2022-09-30,F 2022,Sales Invoice,SI103370,30000,C0004,AO,1920-S,LUANDA Conference Table,TABLE,KSM,11,223570.84,2459279.24,1695846.35,763432.89,31.04
402,2022-01-31,F 2022,Sales Invoice,SI103371,10000,C0001,AO,1896-S,ADDIS ABABA Executive Desk,BENCH,KSM,10,195169.93,1951699.3,1433262.8,518436.5,26.56
403,2022-01-31,F 2022,Sales Invoice,SI103371,20000,C0001,AO,1980-S,"KISUMU Swivel Chair, red",CHAIR,,1,29841.65,29841.65,18313.26,11528.39,38.63
404,2022-03-27,F 2022,Sales Invoice,SI103372,10000,C0022,BM,1980-S,"KISUMU Swivel Chair, red",CHAIR,KSM,3,30318.08,90954.24,57769.77,33184.47,36.48
405,2022-03-27,F 2022,Sales Invoice,SI103372,20000,C0022,BM,1972-S,"MOMBASA Swivel Chair, yellow",CHAIR,,1,27867.58,27867.58,18692.83,9174.75,32.92
406,2022-03-27,F 2022,Sales Invoice,SI103372,30000,C0022,BM,2000-S,"KIGALI Ergonomic Chair, black",CHAIR,,10,39510.42,395104.2,263237.3,131866.9,33.38
407,2021-10-29,F 2022,Sales Invoice,SI103373,10000,C0008,AO,2000-S,"KIGALI Ergonomic Chair, black",CHAIR,,2,36034.08,72068.16,57606.98,14461.18,20.07
408,2021-10-29,F 2022,Sales Invoice,SI103373,20000,C0008,AO,1944-S,HARARE Folding Table,TABLE,,1,45183.16,45183.16,27613.62,17569.54,38.89
409,2022-05-30,F 2022,Sales Invoice,SI103374,10000,C0030,AO,1984-S,MADRID Monitor Stand,MISC,KSM,1,13271.16,13271.16,7301.9,5969.26,44.98
410,2022-05-03,F 2022,Sales Invoice,SI103375,10000,C0002,AO,2004-S,"LAGOS Executive Chair, grey",CHAIR,KSM,2,38899.22,77798.44,50364.22,27434.22,35.26
411,2022-05-03,F 2022,Sales Invoice,SI103375,20000,C0002,AO,1960-S,"NAIROBI Guest Chair, green",CHAIR,MBA,4,25149.71,100598.84,59137.68,41461.16,41.21
412,2022-05-03,F 2022,Sales Invoice,SI103375,30000,C0002,AO,1960-S,"NAIROBI Guest Chair, green",CHAIR,,8,24052.89,192423.12,130960.72,61462.4,31.94
413,2022-05-03,F 2022,Sales Invoice,SI103375,40000,C0002,AO,1972-S,"MOMBASA Swivel Chair, yellow",CHAIR,,8,31689.09,253512.72,147834.08,105678.64,41.69
414,2022-05-03,F 2022,Sales Invoice,SI103375,50000,C0002,AO,2004-S,"LAGOS Executive Chair, grey",CHAIR,NAK,10,30608.68,306086.8,240132.0,65954.8,21.55
415,2022-01-09,F 2022,Sales Invoice,SI103376,10000,C0009,BM,1980-S,"KISUMU Swivel Chair, red",CHAIR,,7,30820.41,215742.87,152421.92,63320.95,29.35
416,2022-01-09,F 2022,Sales Invoice,SI103376,20000,C0009,BM,1936-S,ACCRA Round Table,TABLE,KSM,1,112709.8,112709.8,66532.96,46176.84,40.97
417,2022-01-09,F 2022,Sales Invoice,SI103376,30000,C0009,BM,1964-S,Guest Section 1,MISC,NAK,12,142275.38,1707304.56,1128215.52,579089.04,33.92
418,2022-01-09,F 2022,Sales Invoice,SI103376,40000,C0009,BM,1896-S,ADDIS ABABA Executive Desk,BENCH,,1,203532.01,203532.01,125234.54,78297.47,38.47
419,2021-10-23,F 2022,Sales Invoice,SI103377,10000,C0029,CM,1936-S,ACCRA Round Table,TABLE,,6,105541.71,633250.26,371403.9,261846.36,41.35
420,2021-10-23,F 2022,Sales Invoice,SI103377,20000,C0029,CM,1900-S,CAIRO Writing Desk,BENCH,,11,112552.37,1238076.07,942379.68,295696.39,23.88
421,2022-05-11,F 2022,Sales Invoice,SI103378,10000,C0002,BM,1964-S,Guest Section 1,MISC,,7,133679.8,935758.6,695755.62,240002.98,25.65
422,2022-02-17,F 2022,Sales Invoice,SI103379,10000,C0032,AO,1952-S,"ABUJA Whiteboard, base",MISC,,2,56415.64,112831.28,79162.92,33668.36,29.84
423,2022-04-27,F 2022,Sales Invoice,SI103380,10000,C0004,AO,1896-S,ADDIS ABABA Executive Desk,BENCH,,8,211547.98,1692383.84,1112311.92,580071.92,34.28
424,2022-04-27,F 2022,Sales Invoice,SI103380,20000,C0004,AO,1936-S,ACCRA Round Table,TABLE,NBI,12,96564.91,1158778.92,774358.92,384420.0,33.17
425,2022-04-27,F 2022,Sales Invoice,SI103380,30000,C0004,AO,2004-S,"LAGOS Executive Chair, grey",CHAIR,,2,38594.77,77189.54,50988.3,26201.24,33.94
426,2021-10-26,F 2022,Sales Invoice,SI103381,10000,C0003,BM,1960-S,"NAIROBI Guest Chair, green",CHAIR,,7,25602.44,179217.08,94548.72,84668.36,47.24
427,2021-10-26,F 2022,Sales Invoice,SI103381,20000,C0003,BM,1972-S,"MOMBASA Swivel Chair, yellow",CHAIR,,2,23559.63,47119.26,38164.7,8954.56,19.0
428,2021-10-26,F 2022,Sales Invoice,SI103381,30000,C0003,BM,1956-S,Conference Bundle 1-6,MISC,,4,406175.12,1624700.48,1096994.56,527705.92,32.48
429,2021-10-26,F 2022,Sales Invoice,SI103381,40000,C0003,BM,1920-S,LUANDA Conference Table,TABLE,MBA,11,259854.6,2858400.6,1753760.91,1104639.69,38.65
430,2021-10-26,F 2022,Sales Invoice,SI103381,50000,C0003,BM,1972-S,"MOMBASA Swivel Chair, yellow",CHAIR,NBI,2,23827.13,47654.26,38187.68,9466.58,19.87
431,2021-10-26,F 2022,Sales Invoice,SI103381,60000,C0003,BM,1972-S,"MOMBASA Swivel Chair, yellow",CHAIR,,6,30724.68,184348.08,109499.58,74848.5,40.6
432,2022-07-21,F 2022,Sales Invoice,SI103382,10000,C0017,AO,1896-S,ADDIS ABABA Executive Desk,BENCH,,7,201776.81,1412437.67,982752.33,429685.34,30.42
433,2022-07-21,F 2022,Sales Invoice,SI103382,20000,C0017,AO,2000-S,"KIGALI Ergonomic Chair, black",CHAIR,,3,34174.49,102523.47,88363.65,14159.82,13.81
434,2022-03-01,F 2022,Sales Invoice,SI103383,10000,C0028,AO,1972-S,"MOMBASA Swivel Chair, yellow",CHAIR,MBA,7,25563.91,178947.37,125610.03,53337.34,29.81
435,2022-03-01,F 2022,Sales Invoice,SI103383,20000,C0028,AO,1908-S,DUBAI Corner Desk,BENCH,,11,116744.94,1284194.34,980781.67,303412.67,23.63
436,2022-04-14,F 2022,Sales Invoice,SI103384,10000,C0004,CM,1900-S,CAIRO Writing Desk,BENCH,,10,116116.7,1161167.0,824057.6,337109.4,29.03
437,2022-04-14,F 2022,Sales Invoice,SI103384,20000,C0004,CM,2004-S,"LAGOS Executive Chair, grey",CHAIR,,4,32166.36,128665.44,86299.44,42366.0,32.93
438,2022-05-30,F 2022,Sales Invoice,SI103385,10000,C0021,BM,CM-001,Commercial Reception Desk,CM_COMMER,,2,468599.35,937198.7,576089.08,361109.62,38.53
439,2022-05-30,F 2022,Sales Invoice,SI103385,20000,C0021,BM,1952-S,"ABUJA Whiteboard, base",MISC,,12,49262.11,591145.32,481396.56,109748.76,18.57
440,2022-05-30,F 2022,Sales Invoice,SI103385,30000,C0021,BM,1964-S,Guest Section 1,MISC,NBI,7,124714.81,873003.67,658799.54,214204.13,24.54
441,2022-05-30,F 2022,Sales Invoice,SI103385,40000,C0021,BM,1980-S,"KISUMU Swivel Chair, red",CHAIR,,10,27547.47,275474.7,188255.7,87219.0,31.66
442,2022-05-30,F 2022,Sales Invoice,SI103385,50000,C0021,BM,1920-S,LUANDA Conference Table,TABLE,,12,202184.97,2426219.64,2086129.56,340090.08,14.02
443,2022-05-30,F 2022,Sales Invoice,SI103385,60000,C0021,BM,1916-S,JOHANNESBURG Sit-Stand Desk,BENCH,NAK,4,181289.06,725156.24,454585.2,270571.04,37.31
444,2022-07-05,F 2022,Sales Invoice,SI103386,10000,C0006,AO,1988-S,"KAMPALA Guest Chair, red",CHAIR,,4,22372.87,89491.48,66260.2,23231.28,25.96
445,2022-08-11,F 2022,Sales Invoice,SI103387,10000,C0001,AO,1968-S,OSLO Filing Cabinet,MISC,KSM,6,34705.32,208231.92,150089.52,58142.4,27.92
446,2022-08-11,F 2022,Sales Invoice,SI103387,20000,C0001,AO,1980-S,"KISUMU Swivel Chair, red",CHAIR,NAK,2,31295.07,62590.14,39273.36,23316.78,37.25
447,2022-08-11,F 2022,Sales Invoice,SI103387,30000,C0001,AO,1896-S,ADDIS ABABA Executive Desk,BENCH,,11,174383.56,1918219.16,1524685.14,393534.02,20.52
448,2021-12-09,F 2022,Sales Invoice,SI103388,10000,C0019,CM,1920-S,LUANDA Conference Table,TABLE,NAK,8,217030.76,1736246.08,1260134.96,476111.12,27.42
449,2021-12-09,F 2022,Sales Invoice,SI103388,20000,C0019,CM,1936-S,ACCRA Round Table,TABLE,,10,99936.41,999364.1,632427.3,366936.8,36.72
450,2021-12-29,F 2022,Sales Invoice,SI103389,10000,C0018,AO,1980-S,"KISUMU Swivel Chair, red",CHAIR,,1,30642.67,30642.67,20359.1,10283.57,33.56
451,2022-07-18,F 2022,Sales Invoice,SI103390,10000,C0010,AO,1984-S,MADRID Monitor Stand,MISC,,4,14131.06,56524.24,31188.04,25336.2,44.82
452,2022-07-18,F 2022,Sales Invoice,SI103390,20000,C0010,AO,2004-S,"LAGOS Executive Chair, grey",CHAIR,,2,41631.62,83263.24,49822.8,33440.44,40.16
453,2022-07-18,F 2022,Sales Invoice,SI103390,30000,C0010,AO,1964-S,Guest Section 1,MISC,KSM,2,130740.42,261480.84,193006.36,68474.48,26.19
454,2022-07-18,F 2022,Sales Invoice,SI103390,40000,C0010,AO,2004-S,"LAGOS Executive Chair, grey",CHAIR,,1,38209.14,38209.14,25409.29,12799.85,33.5
455,2022-07-18,F 2022,Sales Invoice,SI103390,50000,C0010,AO,2000-S,"KIGALI Ergonomic Chair, black",CHAIR,,2,34214.29,68428.58,56404.56,12024.02,17.57
456,2022-05-03,F 2022,Sales Invoice,SI103391,10000,C0028,CM,1896-S,ADDIS ABABA Executive Desk,BENCH,NBI,9,189603.04,1706427.36,1263740.85,442686.51,25.94
457,2022-05-03,F 2022,Sales Invoice,SI103391,20000,C0028,CM,1916-S,JOHANNESBURG Sit-Stand Desk,BENCH,NBI,11,149222.16,1641443.76,1284999.98,356443.78,21.72
458,2021-10-18,F 2022,Sales Invoice,SI103392,10000,C0003,AO,1972-S,"MOMBASA Swivel Chair, yellow",CHAIR,,3,28358.95,85076.85,53532.93,31543.92,37.08
459,2021-10-18,F 2022,Sales Invoice,SI103392,20000,C0003,AO,1976-S,LONDON Bookcase,MISC,MBA,2,52474.15,104948.3,69972.94,34975.36,33.33
460,2021-10-18,F 2022,Sales Invoice,SI103392,30000,C0003,AO,1936-S,ACCRA Round Table,TABLE,MBA,7,106292.56,744047.92,497553.28,246494.64,33.13
461,2021-10-18,F 2022,Sales Invoice,SI103392,40000,C0003,AO,1980-S,"KISUMU Swivel Chair, red",CHAIR,,2,31492.13,62984.26,43248.04,19736.22,31.34
462,2021-10-18,F 2022,Sales Invoice,SI103392,50000,C0003,AO,1916-S,JOHANNESBURG Sit-Stand Desk,BENCH,,12,167056.86,2004682.32,1434636.48,570045.84,28.44
463,2021-11-19,F 2022,Sales Invoice,SI103393,10000,C0008,AO,1980-S,"KISUMU Swivel Chair, red",CHAIR,NBI,6,31367.13,188202.78,114497.28,73705.5,39.16
464,2021-11-19,F 2022,Sales Invoice,SI103393,20000,C0008,AO,1920-S,LUANDA Conference Table,TABLE,,8,235926.78,1887414.24,1320750.64,566663.6,30.02
465,2021-11-19,F 2022,Sales Invoice,SI103393,30000,C0008,AO,2000-S,"KIGALI Ergonomic Chair, black",CHAIR,NBI,2,43121.31,86242.62,49589.76,36652.86,42.5
466,2021-11-19,F 2022,Sales Invoice,SI103393,40000,C0008,AO,1900-S,CAIRO Writing Desk,BENCH,,11,106107.28,1167180.08,897307.95,269872.13,23.12
467,2022-04-08,F 2022,Sales Invoice,SI103394,10000,C0004,CM,2000-S,"KIGALI Ergonomic Chair, black",CHAIR,,8,35864.47,286915.76,200578.0,86337.76,30.09
468,2022-04-08,F 2022,Sales Invoice,SI103394,20000,C0004,CM,1980-S,"KISUMU Swivel Chair, red",CHAIR,,12,30326.13,363913.56,267157.8,96755.76,26.59
469,2022-07-05,F 2022,Sales Invoice,SI103395,10000,C0019,AO,1960-S,"NAIROBI Guest Chair, green",CHAIR,,7,23066.58,161466.06,116958.8,44507.26,27.56
470,2022-06-01,F 2022,Sales Invoice,SI103396,10000,C0003,BM,1896-S,ADDIS ABABA Executive Desk,BENCH,,12,210198.47,2522381.64,1446409.44,1075972.2,42.66
471,2022-07-20,F 2022,Sales Invoice,SI103397,10000,C0012,BM,1952-S,"ABUJA Whiteboard, base",MISC,,3,59473.82,178421.46,109022.97,69398.49,38.9
472,2022-01-07,F 2022,Sales Invoice,SI103398,10000,C0005,AO,1896-S,ADDIS ABABA Executive Desk,BENCH,,11,208718.4,2295902.4,1491317.3,804585.1,35.04
473,2022-01-07,F 2022,Sales Invoice,SI103398,20000,C0005,AO,1944-S,HARARE Folding Table,TABLE,,2,41837.26,83674.52,53550.8,30123.72,36.0
474,2022-01-07,F 2022,Sales Invoice,SI103398,30000,C0005,AO,1964-S,Guest Section 1,MISC,NBI,9,162317.92,1460861.28,781283.34,679577.94,46.52
475,2022-01-07,F 2022,Sales Invoice,SI103398,40000,C0005,AO,1920-S,LUANDA Conference Table,TABLE,,9,277039.98,2493359.82,1584020.43,909339.39,36.47
476,2022-01-07,F 2022,Sales Invoice,SI103398,50000,C0005,AO,1916-S,JOHANNESBURG Sit-Stand Desk,BENCH,MBA,10,172060.66,1720606.6,1215552.9,505053.7,29.35
477,2022-01-07,F 2022,Sales Invoice,SI103398,60000,C0005,AO,1916-S,JOHANNESBURG Sit-Stand Desk,BENCH,MBA,2,184733.44,369466.88,233936.02,135530.86,36.68
478,2022-04-29,F 2022,Sales Invoice,SI103399,10000,C0012,AO,1900-S,CAIRO Writing Desk,BENCH,,3,108719.05,326157.15,247115.4,79041.75,24.23
479,2022-04-29,F 2022,Sales Invoice,SI103399,20000,C0012,AO,1936-S,ACCRA Round Table,TABLE,KSM,1,84604.72,84604.72,68092.47,16512.25,19.52
480,2021-10-26,F 2022,Sales Invoice,SI103400,10000,C0031,BM,1960-S,"NAIROBI Guest Chair, green",CHAIR,NBI,5,22501.79,112508.95,79152.4,33356.55,29.65
481,2021-10-26,F 2022,Sales Invoice,SI103400,20000,C0031,BM,1928-S,DAKAR Meeting Table,TABLE,,4,153277.76,613111.04,395874.24,217236.8,35.43
482,2021-10-26,F 2022,Sales Invoice,SI103400,30000,C0031,BM,1956-S,Conference Bundle 1-6,MISC,,5,394731.99,1973659.95,1354445.8,619214.15,31.37
483,2021-10-26,F 2022,Sales Invoice,SI103400,40000,C0031,BM,1896-S,ADDIS ABABA Executive Desk,BENCH,NBI,7,165636.04,1159452.28,838761.07,320691.21,27.66
484,2021-10-29,F 2022,Sales Invoice,SI103401,10000,C0002,AO,1908-S,DUBAI Corner Desk,BENCH,,3,111573.56,334720.68,289983.45,44737.23,13.37
485,2021-10-29,F 2022,Sales Invoice,SI103401,20000,C0002,AO,1980-S,"KISUMU Swivel Chair, red",CHAIR,,4,30540.3,122161.2,87972.92,34188.28,27.99
486,2022-04-03,F 2022,Sales Invoice,SI103402,10000,C0003,BM,1900-S,CAIRO Writing Desk,BENCH,,11,103381.73,1137199.03,758210.75,378988.28,33.33
487,2022-04-03,F 2022,Sales Invoice,SI103402,20000,C0003,BM,1900-S,CAIRO Writing Desk,BENCH,,8,125649.69,1005197.52,676523.84,328673.68,32.7
488,2022-04-03,F 2022,Sales Invoice,SI103402,30000,C0003,BM,2008-S,"ACCRA Stacking Chair, blue",CHAIR,NBI,3,11871.53,35614.59,24058.59,11556.0,32.45
489,2022-04-03,F 2022,Sales Invoice,SI103402,40000,C0003,BM,1972-S,"MOMBASA Swivel Chair, yellow",CHAIR,,1,24195.41,24195.41,20481.4,3714.01,15.35
490,2022-01-18,F 2022,Sales Invoice,SI103403,10000,C0013,CM,2000-S,"KIGALI Ergonomic Chair, black",CHAIR,NAK,7,37542.39,262796.73,192159.24,70637.49,26.88
491,2022-01-18,F 2022,Sales Invoice,SI103403,20000,C0013,CM,1928-S,DAKAR Meeting Table,TABLE,,8,126136.49,1009091.92,848123.2,160968.72,15.95
492,2022-01-18,F 2022,Sales Invoice,SI103403,30000,C0013,CM,1960-S,"NAIROBI Guest Chair, green",CHAIR,KSM,5,20132.31,100661.55,75154.45,25507.1,25.34
493,2022-09-29,F 2022,Sales Invoice,SI103404,10000,C0005,BM,2008-S,"ACCRA Stacking Chair, blue",CHAIR,,5,13390.76,66953.8,43392.5,23561.3,35.19
494,2022-09-29,F 2022,Sales Invoice,SI103404,20000,C0005,BM,1920-S,LUANDA Conference Table,TABLE,KSM,10,275434.63,2754346.3,1588556.5,1165789.8,42.33
495,2022-04-10,F 2022,Sales Invoice,SI103405,10000,C0010,BM,1928-S,DAKAR Meeting Table,TABLE,KSM,8,156577.67,1252621.36,711658.32,540963.04,43.19
496,2022-02-19,F 2022,Sales Invoice,SI103406,10000,C0016,AO,2000-S,"KIGALI Ergonomic Chair, black",CHAIR,,3,38983.02,116949.06,74560.62,42388.44,36.25
497,2022-02-19,F 2022,Sales Invoice,SI103406,20000,C0016,AO,1964-S,Guest Section 1,MISC,,10,140596.35,1405963.5,929050.4,476913.1,33.92
498,2022-02-19,F 2022,Sales Invoice,SI103406,30000,C0016,AO,1960-S,"NAIROBI Guest Chair, green",CHAIR,,8,26190.05,209520.4,107962.8,101557.6,48.47
499,2022-02-19,F 2022,Sales Invoice,SI103406,40000,C0016,AO,1896-S,ADDIS ABABA Executive Desk,BENCH,NBI,1,181815.4,181815.4,126260.73,55554.67,30.56
500,2022-03-25,F 2022,Sales Invoice,SI103407,10000,C0002,BM,1952-S,"ABUJA Whiteboard, base",MISC,,11,61675.21,678427.31,435751.14,242676.17,35.77
501,2022-03-25,F 2022,Sales Invoice,SI103407,20000,C0002,BM,1928-S,DAKAR Meeting Table,TABLE,,9,126238.54,1136146.86,911903.76,224243.1,19.74
502,2022-02-10,F 2022,Sales Invoice,SI103408,10000,C0009,BM,1976-S,LONDON Bookcase,MISC,,6,50968.85,305813.1,227395.2,78417.9,25.64
503,2022-02-10,F 2022,Sales Invoice,SI103408,20000,C0009,BM,1964-S,Guest Section 1,MISC,,7,134602.37,942216.59,648743.06,293473.53,31.15
504,2022-02-10,F 2022,Sales Invoice,SI103408,30000,C0009,BM,2000-S,"KIGALI Ergonomic Chair, black",CHAIR,,2,36049.15,72098.3,50012.5,22085.8,30.63
505,2022-02-10,F 2022,Sales Invoice,SI103408,40000,C0009,BM,1976-S,LONDON Bookcase,MISC,,2,55927.62,111855.24,67260.98,44594.26,39.87
506,2022-02-10,F 2022,Sales Invoice,SI103408,50000,C0009,BM,1928-S,DAKAR Meeting Table,TABLE,NBI,9,152826.06,1375434.54,902689.92,472744.62,34.37
507,2021-12-10,F 2022,Sales Invoice,SI103409,10000,C0004,JK,1968-S,OSLO Filing Cabinet,MISC,,8,37694.09,301552.72,173484.64,128068.08,42.47
508,2021-12-10,F 2022,Sales Invoice,SI103409,20000,C0004,JK,1972-S,"MOMBASA Swivel Chair, yellow",CHAIR,,6,29960.34,179762.04,104168.7,75593.34,42.05
509,2021-12-10,F 2022,Sales Invoice,SI103409,30000,C0004,JK,1960-S,"NAIROBI Guest Chair, green",CHAIR,,5,20059.98,100299.9,77177.9,23122.0,23.05
510,2021-12-10,F 2022,Sales Invoice,SI103409,40000,C0004,JK,1980-S,"KISUMU Swivel Chair, red",CHAIR,,2,25742.92,51485.84,42545.52,8940.32,17.36
511,2021-12-10,F 2022,Sales Invoice,SI103409,50000,C0004,JK,1896-S,ADDIS ABABA Executive Desk,BENCH,,8,171733.68,1373869.44,954192.24,419677.2,30.55
512,2021-12-10,F 2022,Sales Invoice,SI103409,60000,C0004,JK,1896-S,ADDIS ABABA Executive Desk,BENCH,,1,212618.9,212618.9,122733.35,89885.55,42.28
513,2021-10-10,F 2022,Sales Invoice,SI103410,10000,C0012,BM,1936-S,ACCRA Round Table,TABLE,,6,88970.6,533823.6,443931.6,89892.0,16.84
514,2022-03-06,F 2022,Sales Invoice,SI103411,10000,C0024,AO,2000-S,"KIGALI Ergonomic Chair, black",CHAIR,,12,33611.96,403343.52,358385.76,44957.76,11.15
515,2022-09-17,F 2022,Sales Invoice,SI103412,10000,C0004,NW,2008-S,"ACCRA Stacking Chair, blue",CHAIR,NBI,4,11221.84,44887.36,29887.28,15000.08,33.42
516,2022-09-17,F 2022,Sales Invoice,SI103412,20000,C0004,NW,1960-S,"NAIROBI Guest Chair, green",CHAIR,KSM,4,20986.11,83944.44,56050.28,27894.16,33.23
517,2022-09-17,F 2022,Sales Invoice,SI103412,30000,C0004,NW,1920-S,LUANDA Conference Table,TABLE,NBI,3,253151.32,759453.96,430686.99,328766.97,43.29
518,2022-09-17,F 2022,Sales Invoice,SI103412,40000,C0004,NW,1896-S,ADDIS ABABA Executive Desk,BENCH,,11,159867.03,1758537.33,1505991.63,252545.7,14.36
519,2022-09-17,F 2022,Sales Invoice,SI103412,50000,C0004,NW,PART-2,Desk Leg Leveller Kit,PARTS,,11,631.39,6945.29,2949.76,3995.53,57.53
520,2021-11-29,F 2022,Sales Invoice,SI103413,10000,C0004,AO,1900-S,CAIRO Writing Desk,BENCH,,3,101640.14,304920.42,206184.99,98735.43,32.38
521,2021-11-29,F 2022,Sales Invoice,SI103413,20000,C0004,AO,1896-S,ADDIS ABABA Executive Desk,BENCH,,2,204721.42,409442.84,257602.7,151840.14,37.08
522,2021-12-10,F 2022,Sales Invoice,SI103414,10000,C0029,AO,1920-S,LUANDA Conference Table,TABLE,,5,259768.48,1298842.4,805382.2,493460.2,37.99
523,2021-12-10,F 2022,Sales Invoice,SI103414,20000,C0029,AO,1988-S,"KAMPALA Guest Chair, red",CHAIR,,5,27447.29,137236.45,84266.9,52969.55,38.6
524,2022-04-28,F 2022,Sales Invoice,SI103415,10000,C0001,AO,1988-S,"KAMPALA Guest Chair, red",CHAIR,KSM,8,21972.5,175780.0,134523.84,41256.16,23.47
525,2022-04-28,F 2022,Sales Invoice,SI103415,20000,C0001,AO,1968-S,OSLO Filing Cabinet,MISC,,10,41831.54,418315.4,218149.9,200165.5,47.85
526,2022-06-19,F 2022,Sales Invoice,SI103416,10000,C0017,AO,1928-S,DAKAR Meeting Table,TABLE,,8,158510.48,1268083.84,844346.56,423737.28,33.42
527,2022-06-19,F 2022,Sales Invoice,SI103416,20000,C0017,AO,1972-S,"MOMBASA Swivel Chair, yellow",CHAIR,,3,27596.13,82788.39,54941.13,27847.26,33.64
528,2022-06-19,F 2022,Sales Invoice,SI103416,30000,C0017,AO,1928-S,DAKAR Meeting Table,TABLE,KSM,7,167042.4,1169296.8,607432.14,561864.66,48.05
529,2022-06-19,F 2022,Sales Invoice,SI103416,40000,C0017,AO,1960-S,"NAIROBI Guest Chair, green",CHAIR,,3,22681.44,68044.32,44523.3,23521.02,34.57
530,2022-06-19,F 2022,Sales Invoice,SI103416,50000,C0017,AO,1896-S,ADDIS ABABA Executive Desk,BENCH,,10,201289.08,2012890.8,1277010.6,735880.2,36.56
531,2022-03-25,F 2022,Sales Invoice,SI103417,10000,C0004,AO,2000-S,"KIGALI Ergonomic Chair, black",CHAIR,,7,45432.95,318030.65,172795.28,145235.37,45.67
532,2022-03-25,F 2022,Sales Invoice,SI103417,20000,C0004,AO,1964-S,Guest Section 1,MISC,,3,121855.86,365567.58,292407.54,73160.04,20.01
533,2022-03-25,F 2022,Sales Invoice,SI103417,30000,C0004,AO,1976-S,LONDON Bookcase,MISC,,3,43147.92,129443.76,96492.39,32951.37,25.46
534,2022-03-25,F 2022,Sales Invoice,SI103417,40000,C0004,AO,1916-S,JOHANNESBURG Sit-Stand Desk,BENCH,,8,167308.62,1338468.96,882120.0,456348.96,34.09
535,2022-03-25,F 2022,Sales Invoice,SI103417,50000,C0004,AO,1960-S,"NAIROBI Guest Chair, green",CHAIR,MBA,11,21539.5,236934.5,187048.4,49886.1,21.05
536,2022-06-05,F 2022,Sales Invoice,SI103418,10000,C0002,CM,1960-S,"NAIROBI Guest Chair, green",CHAIR,NBI,5,23064.38,115321.9,75155.75,40166.15,34.83
537,2022-06-05,F 2022,Sales Invoice,SI103418,20000,C0002,CM,1908-S,DUBAI Corner Desk,BENCH,NAK,12,136472.81,1637673.72,959838.6,677835.12,41.39
538,2022-09-08,F 2022,Sales Invoice,SI103419,10000,C0008,CM,1920-S,LUANDA Conference Table,TABLE,,7,256336.17,1794353.19,1230016.06,564337.13,31.45
539,2022-09-08,F 2022,Sales Invoice,SI103419,20000,C0008,CM,1928-S,DAKAR Meeting Table,TABLE,MBA,7,152266.76,1065867.32,722830.15,343037.17,32.18
540,2022-09-08,F 2022,Sales Invoice,SI103419,30000,C0008,CM,1920-S,LUANDA Conference Table,TABLE,NBI,1,257826.89,257826.89,150920.1,106906.79,41.46
541,2022-06-11,F 2022,Sales Invoice,SI103420,10000,C0001,CM,1988-S,"KAMPALA Guest Chair, red",CHAIR,KSM,5,24775.53,123877.65,78526.45,45351.2,36.61
542,2022-06-11,F 2022,Sales Invoice,SI103420,20000,C0001,CM,1896-S,ADDIS ABABA Executive Desk,BENCH,,4,179865.47,719461.88,506285.96,213175.92,29.63
543,2021-11-15,F 2022,Sales Invoice,SI103421,10000,C0006,CM,1900-S,CAIRO Writing Desk,BENCH,,11,110574.98,1216324.78,764689.09,451635.69,37.13
544,2022-07-09,F 2022,Sales Invoice,SI103422,10000,C0001,AO,1920-S,LUANDA Conference Table,TABLE,KSM,5,234827.21,1174136.05,842096.95,332039.1,28.28
545,2022-07-09,F 2022,Sales Invoice,SI103422,20000,C0001,AO,1896-S,ADDIS ABABA Executive Desk,BENCH,,6,182048.12,1092288.72,703974.42,388314.3,35.55
546,2022-07-09,F 2022,Sales Invoice,SI103422,30000,C0001,AO,1896-S,ADDIS ABABA Executive Desk,BENCH,KSM,9,215907.41,1943166.69,1032321.06,910845.63,46.87
547,2022-04-05,F 2022,Sales Invoice,SI103423,10000,C0002,BM,1988-S,"KAMPALA Guest Chair, red",CHAIR,NBI,6,27887.22,167323.32,90959.4,76363.92,45.64
548,2022-04-05,F 2022,Sales Invoice,SI103423,20000,C0002,BM,1908-S,DUBAI Corner Desk,BENCH,,6,114642.61,687855.66,561432.18,126423.48,18.38
549,2022-04-05,F 2022,Sales Invoice,SI103423,30000,C0002,BM,1980-S,"KISUMU Swivel Chair, red",CHAIR,,12,32977.57,395730.84,243246.96,152483.88,38.53
550,2022-01-09,F 2022,Sales Invoice,SI103424,10000,C0031,AO,1900-S,CAIRO Writing Desk,BENCH,,4,116875.75,467503.0,312552.48,154950.52,33.14
551,2022-01-09,F 2022,Sales Invoice,SI103424,20000,C0031,AO,1976-S,LONDON Bookcase,MISC,,11,47459.77,522057.47,340091.51,181965.96,34.86
552,2022-09-03,F 2022,Sales Invoice,SI103425,10000,C0008,BM,1960-S,"NAIROBI Guest Chair, green",CHAIR,NBI,12,21750.47,261005.64,189637.92,71367.72,27.34
553,2022-09-03,F 2022,Sales Invoice,SI103425,20000,C0008,BM,1900-S,CAIRO Writing Desk,BENCH,KSM,9,122930.51,1106374.59,754221.06,352153.53,31.83
554,2022-09-03,F 2022,Sales Invoice,SI103425,30000,C0008,BM,1980-S,"KISUMU Swivel Chair, red",CHAIR,,3,32094.53,96283.59,66744.93,29538.66,30.68
555,2022-09-03,F 2022,Sales Invoice,SI103425,40000,C0008,BM,2004-S,"LAGOS Executive Chair, grey",CHAIR,KSM,7,37208.8,260461.6,162018.36,98443.24,37.8
556,2022-09-03,F 2022,Sales Invoice,SI103425,50000,C0008,BM,1988-S,"KAMPALA Guest Chair, red",CHAIR,,7,25809.69,180667.83,109492.32,71175.51,39.4
557,2021-12-08,F 2022,Sales Invoice,SI103426,10000,C0010,AO,1908-S,DUBAI Corner Desk,BENCH,KSM,12,138673.99,1664087.88,991715.52,672372.36,40.4
558,2021-12-08,F 2022,Sales Invoice,SI103426,20000,C0010,AO,1916-S,JOHANNESBURG Sit-Stand Desk,BENCH,,4,139942.51,559770.04,472139.88,87630.16,15.65
559,2021-12-08,F 2022,Sales Invoice,SI103426,30000,C0010,AO,2008-S,"ACCRA Stacking Chair, blue",CHAIR,NAK,11,12141.19,133553.09,95884.91,37668.18,28.2
560,2021-12-08,F 2022,Sales Invoice,SI103426,40000,C0010,AO,1980-S,"KISUMU Swivel Chair, red",CHAIR,,9,30663.86,275974.74,193271.94,82702.8,29.97
561,2022-03-30,F 2022,Sales Invoice,SI103427,10000,C0010,BM,1936-S,ACCRA Round Table,TABLE,,11,111761.22,1229373.42,827064.15,402309.27,32.72
562,2022-03-30,F 2022,Sales Invoice,SI103427,20000,C0010,BM,1964-S,Guest Section 1,MISC,,1,155691.24,155691.24,97589.47,58101.77,37.32
563,2022-03-30,F 2022,Sales Invoice,SI103427,30000,C0010,BM,1928-S,DAKAR Meeting Table,TABLE,NAK,4,151878.97,607515.88,343884.76,263631.12,43.39
564,2022-03-30,F 2022,Sales Invoice,SI103427,40000,C0010,BM,1928-S,DAKAR Meeting Table,TABLE,,3,165393.49,496180.47,314009.55,182170.92,36.71
565,2022-03-30,F 2022,Sales Invoice,SI103427,50000,C0010,BM,1952-S,"ABUJA Whiteboard, base",MISC,,1,49727.66,49727.66,33700.44,16027.22,32.23
566,2022-09-11,F 2022,Sales Invoice,SI103428,10000,C0027,BM,1916-S,JOHANNESBURG Sit-Stand Desk,BENCH,KSM,4,170938.71,683754.84,416012.16,267742.68,39.16
567,2022-09-11,F 2022,Sales Invoice,SI103428,20000,C0027,BM,1936-S,ACCRA Round Table,TABLE,MBA,1,95252.07,95252.07,59498.91,35753.16,37.54
568,2022-09-11,F 2022,Sales Invoice,SI103428,30000,C0027,BM,EM-001,Executive Meeting Room Set,EM_COMMER,KSM,6,847105.75,5082634.5,3108706.2,1973928.3,38.84
569,2022-01-12,F 2022,Sales Invoice,SI103429,10000,C0022,BM,1956-S,Conference Bundle 1-6,MISC,KSM,11,345755.11,3803306.21,2463364.53,1339941.68,35.23
570,2022-01-12,F 2022,Sales Invoice,SI103429,20000,C0022,BM,1908-S,DUBAI Corner Desk,BENCH,,10,137663.08,1376630.8,785311.6,591319.2,42.95
571,2022-01-12,F 2022,Sales Invoice,SI103429,30000,C0022,BM,1896-S,ADDIS ABABA Executive Desk,BENCH,KSM,11,204992.56,2254918.16,1311737.68,943180.48,41.83
572,2022-01-12,F 2022,Sales Invoice,SI103429,40000,C0022,BM,1972-S,"MOMBASA Swivel Chair, yellow",CHAIR,,1,26690.71,26690.71,17793.58,8897.13,33.33
573,2022-07-27,F 2022,Sales Invoice,SI103430,10000,C0001,CM,1976-S,LONDON Bookcase,MISC,,1,48119.82,48119.82,35808.22,12311.6,25.59
574,2022-07-27,F 2022,Sales Invoice,SI103430,20000,C0001,CM,1976-S,LONDON Bookcase,MISC,NBI,10,54764.61,547646.1,345515.6,202130.5,36.91
575,2022-07-09,F 2022,Sales Invoice,SI103431,10000,C0021,AO,1988-S,"KAMPALA Guest Chair, red",CHAIR,,3,21775.29,65325.87,44988.36,20337.51,31.13
576,2022-07-09,F 2022,Sales Invoice,SI103431,20000,C0021,AO,1908-S,DUBAI Corner Desk,BENCH,,7,117252.88,820770.16,637020.16,183750.0,22.39
577,2022-03-19,F 2022,Sales Invoice,SI103432,10000,C0003,AO,1920-S,LUANDA Conference Table,TABLE,NAK,8,254161.09,2033288.72,1225114.88,808173.84,39.75
578,2022-03-19,F 2022,Sales Invoice,SI103432,20000,C0003,AO,1960-S,"NAIROBI Guest Chair, green",CHAIR,KSM,11,24039.89,264438.79,166624.59,97814.2,36.99
579,2022-03-19,F 2022,Sales Invoice,SI103432,30000,C0003,AO,1968-S,OSLO Filing Cabinet,MISC,,4,35851.48,143405.92,92664.88,50741.04,35.38
580,2022-03-19,F 2022,Sales Invoice,SI103432,40000,C0003,AO,1968-S,OSLO Filing Cabinet,MISC,,2,39568.72,79137.44,44458.5,34678.94,43.82
581,2022-03-19,F 2022,Sales Invoice,SI103432,50000,C0003,AO,1968-S,OSLO Filing Cabinet,MISC,,6,35707.37,214244.22,139352.94,74891.28,34.96
582,2022-03-01,F 2022,Sales Invoice,SI103433,10000,C0002,CM,1976-S,LONDON Bookcase,MISC,,3,53158.07,159474.21,101672.76,57801.45,36.25
583,2022-03-01,F 2022,Sales Invoice,SI103433,20000,C0002,CM,1920-S,LUANDA Conference Table,TABLE,NBI,4,253626.44,1014505.76,577303.32,437202.44,43.1
584,2022-05-06,F 2022,Sales Invoice,SI103434,10000,C0002,CM,1964-S,Guest Section 1,MISC,MBA,12,136280.73,1635368.76,1167175.32,468193.44,28.63
585,2022-05-06,F 2022,Sales Invoice,SI103434,20000,C0002,CM,1944-S,HARARE Folding Table,TABLE,,3,37085.35,111256.05,84282.15,26973.9,24.24
586,2022-05-06,F 2022,Sales Invoice,SI103434,30000,C0002,CM,1960-S,"NAIROBI Guest Chair, green",CHAIR,,3,20693.41,62080.23,41629.89,20450.34,32.94
587,2022-05-06,F 2022,Sales Invoice,SI103434,40000,C0002,CM,1988-S,"KAMPALA Guest Chair, red",CHAIR,,5,23171.17,115855.85,80534.95,35320.9,30.49
588,2022-03-11,F 2022,Sales Invoice,SI103435,10000,C0013,AO,1920-S,LUANDA Conference Table,TABLE,,10,202054.56,2020545.6,1716039.1,304506.5,15.07
589,2022-03-11,F 2022,Sales Invoice,SI103435,20000,C0013,AO,1964-S,Guest Section 1,MISC,NBI,6,126209.12,757254.72,553612.38,203642.34,26.89
590,2022-03-04,F 2022,Sales Invoice,SI103436,10000,C0003,BM,1896-S,ADDIS ABABA Executive Desk,BENCH,,11,202373.55,2226109.05,1408088.66,818020.39,36.75
591,2022-03-04,F 2022,Sales Invoice,SI103436,20000,C0003,BM,1944-S,HARARE Folding Table,TABLE,,9,48937.8,440440.2,285011.1,155429.1,35.29
592,2022-03-04,F 2022,Sales Invoice,SI103436,30000,C0003,BM,1964-S,Guest Section 1,MISC,,12,121456.1,1457473.2,1238978.76,218494.44,14.99
593,2022-03-04,F 2022,Sales Invoice,SI103436,40000,C0003,BM,1964-S,Guest Section 1,MISC,,3,120090.4,360271.2,252081.93,108189.27,30.03
594,2022-03-04,F 2022,Sales Invoice,SI103436,50000,C0003,BM,1908-S,DUBAI Corner Desk,BENCH,MBA,2,150017.87,300035.74,192382.44,107653.3,35.88
595,2022-03-26,F 2022,Sales Invoice,SI103437,10000,C0029,AO,1980-S,"KISUMU Swivel Chair, red",CHAIR,,3,30680.02,92040.06,61056.96,30983.1,33.66
596,2022-03-26,F 2022,Sales Invoice,SI103437,20000,C0029,AO,1980-S,"KISUMU Swivel Chair, red",CHAIR,MBA,10,31981.97,319819.7,196049.3,123770.4,38.7
597,2022-03-26,F 2022,Sales Invoice,SI103437,30000,C0029,AO,PART-2,Desk Leg Leveller Kit,PARTS,KSM,8,603.84,4830.72,1982.4,2848.32,58.96
598,2022-03-26,F 2022,Sales Invoice,SI103437,40000,C0029,AO,1988-S,"KAMPALA Guest Chair, red",CHAIR,,4,23737.9,94951.6,72059.72,22891.88,24.11
599,2021-12-05,F 2022,Sales Invoice,SI103438,10000,C0003,BM,1960-S,"NAIROBI Guest Chair, green",CHAIR,,4,23714.58,94858.32,65644.92,29213.4,30.8
600,2022-03-06,F 2022,Sales Invoice,SI103439,10000,C0002,BM,1952-S,"ABUJA Whiteboard, base",MISC,NBI,7,61136.77,427957.39,230244.14,197713.25,46.2
601,2022-03-06,F 2022,Sales Invoice,SI103439,20000,C0002,BM,1936-S,ACCRA Round Table,TABLE,,11,111739.3,1229132.3,696759.03,532373.27,43.31
602,2022-03-19,F 2022,Sales Invoice,SI103440,10000,C0006,CM,2004-S,"LAGOS Executive Chair, grey",CHAIR,,9,37073.63,333662.67,217242.18,116420.49,34.89
603,2022-03-19,F 2022,Sales Invoice,SI103440,20000,C0006,CM,2000-S,"KIGALI Ergonomic Chair, black",CHAIR,KSM,3,38733.82,116201.46,78743.43,37458.03,32.24
604,2022-08-17,F 2022,Sales Invoice,SI103441,10000,C0001,AO,1908-S,DUBAI Corner Desk,BENCH,KSM,1,125065.12,125065.12,84954.38,40110.74,32.07
605,2022-01-17,F 2022,Sales Invoice,SI103442,10000,C0009,CM,PART-2,Desk Leg Leveller Kit,PARTS,,8,615.73,4925.84,2245.6,2680.24,54.41
606,2022-01-17,F 2022,Sales Invoice,SI103442,20000,C0009,CM,1968-S,OSLO Filing Cabinet,MISC,,10,31954.64,319546.4,245585.2,73961.2,23.15
607,2022-06-19,F 2022,Sales Invoice,SI103443,10000,C0004,AO,1988-S,"KAMPALA Guest Chair, red",CHAIR,,10,28494.07,284940.7,161926.8,123013.9,43.17
608,2021-12-21,F 2022,Sales Invoice,SI103444,10000,C0032,AO,1984-S,MADRID Monitor Stand,MISC,,12,13080.42,156965.04,105932.28,51032.76,32.51
609,2021-12-21,F 2022,Sales Invoice,SI103444,20000,C0032,AO,1952-S,"ABUJA Whiteboard, base",MISC,,4,59305.0,237220.0,136758.88,100461.12,42.35
610,2021-12-21,F 2022,Sales Invoice,SI103444,30000,C0032,AO,1988-S,"KAMPALA Guest Chair, red",CHAIR,MBA,6,22278.5,133671.0,93476.4,40194.6,30.07
611,2021-10-21,F 2022,Sales Invoice,SI103445,10000,C0004,CM,1908-S,DUBAI Corner Desk,BENCH,,5,136342.92,681714.6,470134.85,211579.75,31.04
612,2021-10-21,F 2022,Sales Invoice,SI103445,20000,C0004,CM,1980-S,"KISUMU Swivel Chair, red",CHAIR,MBA,11,31456.38,346020.18,202953.3,143066.88,41.35
613,2021-10-21,F 2022,Sales Invoice,SI103445,30000,C0004,CM,1972-S,"MOMBASA Swivel Chair, yellow",CHAIR,,5,29836.08,149180.4,92369.4,56811.0,38.08
614,2022-03-30,F 2022,Sales Invoice,SI103446,10000,C0004,CM,1964-S,Guest Section 1,MISC,,1,152756.43,152756.43,100925.2,51831.23,33.93
615,2022-03-30,F 2022,Sales Invoice,SI103446,20000,C0004,CM,1972-S,"MOMBASA Swivel Chair, yellow",CHAIR,,11,26949.75,296447.25,224215.64,72231.61,24.37
616,2022-03-30,F 2022,Sales Invoice,SI103446,30000,C0004,CM,1920-S,LUANDA Conference Table,TABLE,,2,245598.9,491197.8,334520.8,156677.0,31.9
617,2022-03-30,F 2022,Sales Invoice,SI103446,40000,C0004,CM,1972-S,"MOMBASA Swivel Chair, yellow",CHAIR,,11,28514.49,313659.39,221289.86,92369.53,29.45
618,2022-04-29,F 2022,Sales Invoice,SI103447,10000,C0001,AO,1980-S,"KISUMU Swivel Chair, red",CHAIR,,11,31180.96,342990.56,201570.6,141419.96,41.23
619,2022-04-29,F 2022,Sales Invoice,SI103447,20000,C0001,AO,1980-S,"KISUMU Swivel Chair, red",CHAIR,NAK,3,25739.77,77219.31,59167.8,18051.51,23.38
620,2022-08-23,F 2022,Sales Invoice,SI103448,10000,C0017,AO,2000-S,"KIGALI Ergonomic Chair, black",CHAIR,,2,37522.26,75044.52,52025.7,23018.82,30.67
621,2022-08-23,F 2022,Sales Invoice,SI103448,20000,C0017,AO,1900-S,CAIRO Writing Desk,BENCH,NBI,4,97276.12,389104.48,308542.36,80562.12,20.7
622,2022-08-23,F 2022,Sales Invoice,SI103448,30000,C0017,AO,1956-S,Conference Bundle 1-6,MISC,,3,335256.98,1005770.94,726517.62,279253.32,27.77
623,2022-09-17,F 2022,Sales Invoice,SI103449,10000,C0005,AO,1988-S,"KAMPALA Guest Chair, red",CHAIR,,7,21545.59,150819.13,126961.8,23857.33,15.82
624,2022-09-17,F 2022,Sales Invoice,SI103449,20000,C0005,AO,1968-S,OSLO Filing Cabinet,MISC,,11,31511.56,346627.16,293059.69,53567.47,15.45
625,2022-09-17,F 2022,Sales Invoice,SI103449,30000,C0005,AO,1900-S,CAIRO Writing Desk,BENCH,,10,126811.64,1268116.4,791253.6,476862.8,37.6
626,2021-11-30,F 2022,Sales Invoice,SI103450,10000,C0013,AO,1908-S,DUBAI Corner Desk,BENCH,KSM,1,132253.21,132253.21,87708.0,44545.21,33.68
627,2021-11-30,F 2022,Sales Invoice,SI103450,20000,C0013,AO,1908-S,DUBAI Corner Desk,BENCH,,6,134280.17,805681.02,568189.26,237491.76,29.48
628,2021-11-30,F 2022,Sales Invoice,SI103450,30000,C0013,AO,1976-S,LONDON Bookcase,MISC,,8,56709.15,453673.2,268718.64,184954.56,40.77
629,2021-11-30,F 2022,Sales Invoice,SI103450,40000,C0013,AO,1944-S,HARARE Folding Table,TABLE,,12,48599.91,583198.92,366900.12,216298.8,37.09
630,2021-11-30,F 2022,Sales Invoice,SI103450,50000,C0013,AO,1952-S,"ABUJA Whiteboard, base",MISC,,2,50673.5,101347.0,72573.02,28773.98,28.39
631,2022-01-05,F 2022,Sales Invoice,SI103451,10000,C0018,AO,1908-S,DUBAI Corner Desk,BENCH,KSM,9,116971.94,1052747.46,712747.8,339999.66,32.3
632,2022-03-11,F 2022,Sales Invoice,SI103452,10000,C0001,AO,1916-S,JOHANNESBURG Sit-Stand Desk,BENCH,,5,139696.59,698482.95,597205.8,101277.15,14.5
633,2022-03-11,F 2022,Sales Invoice,SI103452,20000,C0001,AO,2000-S,"KIGALI Ergonomic Chair, black",CHAIR,,11,38051.71,418568.81,318059.28,100509.53,24.01
634,2022-07-13,F 2022,Sales Invoice,SI103453,10000,C0004,AO,2000-S,"KIGALI Ergonomic Chair, black",CHAIR,,5,40151.8,200759.0,126694.45,74064.55,36.89
635,2022-07-13,F 2022,Sales Invoice,SI103453,20000,C0004,AO,1980-S,"KISUMU Swivel Chair, red",CHAIR,NBI,11,27486.79,302354.69,216713.64,85641.05,28.32
636,2021-12-22,F 2022,Sales Invoice,SI103454,10000,C0006,AO,1952-S,"ABUJA Whiteboard, base",MISC,,10,52735.49,527354.9,366992.7,160362.2,30.41
637,2021-12-22,F 2022,Sales Invoice,SI103454,20000,C0006,AO,1984-S,MADRID Monitor Stand,MISC,,1,10828.63,10828.63,7949.77,2878.86,26.59
638,2021-12-22,F 2022,Sales Invoice,SI103454,30000,C0006,AO,1920-S,LUANDA Conference Table,TABLE,,2,223575.11,447150.22,316905.9,130244.32,29.13
639,2021-12-22,F 2022,Sales Invoice,SI103454,40000,C0006,AO,1960-S,"NAIROBI Guest Chair, green",CHAIR,KSM,7,21637.38,151461.66,108899.63,42562.03,28.1
640,2022-02-24,F 2022,Sales Invoice,SI103455,10000,C0010,BM,1956-S,Conference Bundle 1-6,MISC,NBI,11,390876.6,4299642.6,2790277.05,1509365.55,35.1
641,2022-02-24,F 2022,Sales Invoice,SI103455,20000,C0010,BM,1976-S,LONDON Bookcase,MISC,,9,43151.67,388365.03,276220.53,112144.5,28.88
642,2022-02-24,F 2022,Sales Invoice,SI103455,30000,C0010,BM,1908-S,DUBAI Corner Desk,BENCH,,4,139602.47,558409.88,335661.12,222748.76,39.89
643,2022-02-24,F 2022,Sales Invoice,SI103455,40000,C0010,BM,1928-S,DAKAR Meeting Table,TABLE,,3,155702.99,467108.97,301934.43,165174.54,35.36
644,2022-02-24,F 2022,Sales Invoice,SI103455,50000,C0010,BM,1928-S,DAKAR Meeting Table,TABLE,KSM,7,164320.31,1150242.17,739829.65,410412.52,35.68
645,2021-11-05,F 2022,Sales Invoice,SI103456,10000,C0009,CM,1916-S,JOHANNESBURG Sit-Stand Desk,BENCH,,10,151681.5,1516815.0,1111644.7,405170.3,26.71
646,2021-11-05,F 2022,Sales Invoice,SI103456,20000,C0009,CM,1920-S,LUANDA Conference Table,TABLE,,4,212511.11,850044.44,624644.12,225400.32,26.52
647,2021-11-05,F 2022,Sales Invoice,SI103456,30000,C0009,CM,1980-S,"KISUMU Swivel Chair, red",CHAIR,,9,34495.53,310459.77,188574.3,121885.47,39.26
648,2021-11-29,F 2022,Sales Invoice,SI103457,10000,C0033,CM,1956-S,Conference Bundle 1-6,MISC,,10,344729.84,3447298.4,2505884.2,941414.2,27.31
649,2021-11-29,F 2022,Sales Invoice,SI103457,20000,C0033,CM,1900-S,CAIRO Writing Desk,BENCH,,4,129868.56,519474.24,293924.28,225549.96,43.42
650,2021-11-29,F 2022,Sales Invoice,SI103457,30000,C0033,CM,1900-S,CAIRO Writing Desk,BENCH,,10,109122.07,1091220.7,823899.1,267321.6,24.5
651,2021-11-29,F 2022,Sales Invoice,SI103457,40000,C0033,CM,1896-S,ADDIS ABABA Executive Desk,BENCH,,4,209131.63,836526.52,532903.92,303622.6,36.3
652,2022-03-30,F 2022,Sales Invoice,SI103458,10000,C0001,AO,1988-S,"KAMPALA Guest Chair, red",CHAIR,,2,27864.2,55728.4,35525.48,20202.92,36.25
653,2022-03-30,F 2022,Sales Invoice,SI103458,20000,C0001,AO,1916-S,JOHANNESBURG Sit-Stand Desk,BENCH,MBA,3,170037.51,510112.53,329071.35,181041.18,35.49
654,2022-03-30,F 2022,Sales Invoice,SI103458,30000,C0001,AO,2000-S,"KIGALI Ergonomic Chair, black",CHAIR,,12,41995.93,503951.16,323933.76,180017.4,35.72
655,2022-03-30,F 2022,Sales Invoice,SI103458,40000,C0001,AO,1988-S,"KAMPALA Guest Chair, red",CHAIR,,12,24041.2,288494.4,194951.88,93542.52,32.42
656,2022-02-05,F 2022,Sales Invoice,SI103459,10000,C0004,CM,1972-S,"MOMBASA Swivel Chair, yellow",CHAIR,,2,24556.14,49112.28,34462.04,14650.24,29.83
657,2022-02-05,F 2022,Sales Invoice,SI103459,20000,C0004,CM,1952-S,"ABUJA Whiteboard, base",MISC,,9,61624.72,554622.48,327417.57,227204.91,40.97
658,2022-02-05,F 2022,Sales Invoice,SI103459,30000,C0004,CM,2004-S,"LAGOS Executive Chair, grey",CHAIR,NAK,10,32828.95,328289.5,219123.8,109165.7,33.25
659,2022-06-19,F 2022,Sales Invoice,SI103460,10000,C0002,AO,1960-S,"NAIROBI Guest Chair, green",CHAIR,,7,19697.95,137885.65,115195.29,22690.36,16.46
660,2022-06-19,F 2022,Sales Invoice,SI103460,20000,C0002,AO,1896-S,ADDIS ABABA Executive Desk,BENCH,,11,165191.4,1817105.4,1499533.97,317571.43,17.48
661,2022-06-23,F 2022,Return Order,RO400001,10000,C0015,AO,1988-S,"KAMPALA Guest Chair, red",CHAIR,NBI,-10,27914.62,-279146.2,-183470.1,-95676.1,34.27
662,2022-01-04,F 2022,Return Order,RO400002,10000,C0003,BM,1920-S,LUANDA Conference Table,TABLE,,-6,204402.23,-1226413.38,-933920.4,-292492.98,23.85
663,2022-01-04,F 2022,Return Order,RO400002,20000,C0003,BM,1952-S,"ABUJA Whiteboard, base",MISC,,-6,58452.72,-350716.32,-199607.94,-151108.38,43.09
664,2021-12-07,F 2022,Return Order,RO400003,10000,C0016,CM,1936-S,ACCRA Round Table,TABLE,,-4,96457.44,-385829.76,-248113.6,-137716.16,35.69
665,2021-12-07,F 2022,Return Order,RO400003,20000,C0016,CM,1952-S,"ABUJA Whiteboard, base",MISC,,-12,59590.23,-715082.76,-466497.84,-248584.92,34.76
666,2021-12-07,F 2022,Return Order,RO400003,30000,C0016,CM,1900-S,CAIRO Writing Desk,BENCH,NBI,-11,125102.26,-1376124.86,-779010.76,-597114.1,43.39
667,2021-12-07,F 2022,Return Order,RO400003,40000,C0016,CM,2000-S,"KIGALI Ergonomic Chair, black",CHAIR,,-9,39280.07,-353520.63,-242205.03,-111315.6,31.49
668,2021-12-23,F 2022,Return Order,RO400004,10000,C0023,AO,1920-S,LUANDA Conference Table,TABLE,,-8,254348.34,-2034786.72,-1214361.36,-820425.36,40.32
669,2021-12-23,F 2022,Return Order,RO400004,20000,C0023,AO,1916-S,JOHANNESBURG Sit-Stand Desk,BENCH,,-5,157460.52,-787302.6,-516868.55,-270434.05,34.35
670,2022-09-13,F 2022,Return Order,RO400005,10000,C0002,CM,1928-S,DAKAR Meeting Table,TABLE,,-3,156873.44,-470620.32,-287433.12,-183187.2,38.92
671,2022-09-13,F 2022,Return Order,RO400005,20000,C0002,CM,1908-S,DUBAI Corner Desk,BENCH,,-12,133409.08,-1600908.96,-1013437.2,-587471.76,36.7
672,2022-05-26,F 2022,Return Order,RO400006,10000,C0002,BM,1952-S,"ABUJA Whiteboard, base",MISC,,-6,59192.83,-355156.98,-217371.48,-137785.5,38.8
673,2021-11-06,F 2022,Return Order,RO400007,10000,C0003,AO,1928-S,DAKAR Meeting Table,TABLE,,-12,160959.0,-1931508.0,-1127080.08,-804427.92,41.65
674,2021-11-06,F 2022,Return Order,RO400007,20000,C0003,AO,1896-S,ADDIS ABABA Executive Desk,BENCH,,-6,217397.4,-1304384.4,-857291.94,-447092.46,34.28
675,2021-12-25,F 2022,Return Order,RO400008,10000,C0001,AO,1928-S,DAKAR Meeting Table,TABLE,,-12,143336.68,-1720040.16,-1103035.8,-617004.36,35.87
676,2021-12-25,F 2022,Return Order,RO400008,20000,C0001,AO,1972-S,"MOMBASA Swivel Chair, yellow",CHAIR,,-2,26352.48,-52704.96,-37243.84,-15461.12,29.34
677,2021-12-25,F 2022,Return Order,RO400008,30000,C0001,AO,1952-S,"ABUJA Whiteboard, base",MISC,,-9,61950.03,-557550.27,-353483.73,-204066.54,36.6
678,2021-12-19,F 2022,Return Order,RO400009,10000,C0031,AO,1988-S,"KAMPALA Guest Chair, red",CHAIR,,-12,27637.51,-331650.12,-184104.24,-147545.88,44.49
679,2021-12-19,F 2022,Return Order,RO400009,20000,C0031,AO,1956-S,Conference Bundle 1-6,MISC,MBA,-1,328240.37,-328240.37,-253301.33,-74939.04,22.83
680,2022-06-01,F 2022,Return Order,RO400010,10000,C0027,AO,1908-S,DUBAI Corner Desk,BENCH,,-3,147999.62,-443998.86,-268975.35,-175023.51,39.42
681,2022-06-01,F 2022,Return Order,RO400010,20000,C0027,AO,1920-S,LUANDA Conference Table,TABLE,,-11,209473.54,-2304208.94,-1929931.19,-374277.75,16.24
682,2022-06-01,F 2022,Return Order,RO400010,30000,C0027,AO,1920-S,LUANDA Conference Table,TABLE,,-9,268019.7,-2412177.3,-1382789.25,-1029388.05,42.67
683,2022-06-01,F 2022,Return Order,RO400010,40000,C0027,AO,1952-S,"ABUJA Whiteboard, base",MISC,,-8,58396.91,-467175.28,-276077.2,-191098.08,40.91
684,2022-06-01,F 2022,Return Order,RO400010,50000,C0027,AO,1960-S,"NAIROBI Guest Chair, green",CHAIR,,-9,25846.9,-232622.1,-125221.77,-107400.33,46.17
685,2022-05-29,F 2022,Return Order,RO400011,10000,C0016,BM,1952-S,"ABUJA Whiteboard, base",MISC,,-5,52701.4,-263507.0,-202052.9,-61454.1,23.32
686,2022-05-29,F 2022,Return Order,RO400011,20000,C0016,BM,1988-S,"KAMPALA Guest Chair, red",CHAIR,MBA,-1,22897.16,-22897.16,-16602.95,-6294.21,27.49
687,2022-05-12,F 2022,Return Order,RO400012,10000,C0002,AO,1896-S,ADDIS ABABA Executive Desk,BENCH,,-7,180522.9,-1263660.3,-794215.17,-469445.13,37.15
688,2022-05-12,F 2022,Return Order,RO400012,20000,C0002,AO,1908-S,DUBAI Corner Desk,BENCH,,-10,112784.72,-1127847.2,-885426.3,-242420.9,21.49
689,2022-05-12,F 2022,Return Order,RO400012,30000,C0002,AO,1944-S,HARARE Folding Table,TABLE,,-5,40359.59,-201797.95,-165006.2,-36791.75,18.23
690,2022-02-26,F 2022,Return Order,RO400013,10000,C0005,AO,1936-S,ACCRA Round Table,TABLE,,-8,96398.4,-771187.2,-478853.12,-292334.08,37.91
691,2022-02-26,F 2022,Return Order,RO400013,20000,C0005,AO,1908-S,DUBAI Corner Desk,BENCH,,-3,150432.43,-451297.29,-287112.3,-164184.99,36.38
692,2022-05-13,F 2022,Return Order,RO400014,10000,C0003,BM,1900-S,CAIRO Writing Desk,BENCH,,-6,119222.55,-715335.3,-494308.26,-221027.04,30.9
693,2022-04-09,F 2022,Return Order,RO400015,10000,C0021,AO,1956-S,Conference Bundle 1-6,MISC,,-3,315183.57,-945550.71,-697405.53,-248145.18,26.24
694,2022-04-09,F 2022,Return Order,RO400015,20000,C0021,AO,1900-S,CAIRO Writing Desk,BENCH,,-4,125867.99,-503471.96,-322493.64,-180978.32,35.95
695,2021-10-07,F 2022,Return Order,RO400016,10000,C0020,AO,1952-S,"ABUJA Whiteboard, base",MISC,,-8,47477.48,-379819.84,-306404.0,-73415.84,19.33
696,2021-11-18,F 2022,Return Order,RO400017,10000,C0034,BM,1928-S,DAKAR Meeting Table,TABLE,KSM,-5,142719.5,-713597.5,-427411.25,-286186.25,40.1
697,2021-11-18,F 2022,Return Order,RO400017,20000,C0034,BM,1944-S,HARARE Folding Table,TABLE,,-9,38112.29,-343010.61,-249947.46,-93063.15,27.13
698,2022-01-10,F 2022,Return Order,RO400018,10000,C0001,AO,CM-001,Commercial Reception Desk,CM_COMMER,,-4,463721.58,-1854886.32,-1133118.6,-721767.72,38.91
699,2022-01-10,F 2022,Return Order,RO400018,20000,C0001,AO,2000-S,"KIGALI Ergonomic Chair, black",CHAIR,NAK,-2,43054.51,-86109.02,-55366.58,-30742.44,35.7
700,2022-01-10,F 2022,Return Order,RO400018,30000,C0001,AO,1916-S,JOHANNESBURG Sit-Stand Desk,BENCH,,-12,140097.28,-1681167.36,-1241480.88,-439686.48,26.15
701,2021-11-15,F 2022,Return Order,RO400019,10000,C0006,AO,2004-S,"LAGOS Executive Chair, grey",CHAIR,,-11,33702.99,-370732.89,-235345.44,-135387.45,36.52
702,2021-11-15,F 2022,Return Order,RO400019,20000,C0006,AO,1908-S,DUBAI Corner Desk,BENCH,NAK,-2,128510.52,-257021.04,-189484.84,-67536.2,26.28
703,2021-11-15,F 2022,Return Order,RO400019,30000,C0006,AO,1952-S,"ABUJA Whiteboard, base",MISC,,-6,53044.92,-318269.52,-198546.72,-119722.8,37.62
704,2022-09-18,F 2022,Return Order,RO400020,10000,C0017,AO,1960-S,"NAIROBI Guest Chair, green",CHAIR,KSM,-12,25845.72,-310148.64,-186634.8,-123513.84,39.82
705,2022-01-06,F 2022,Credit Memo,RC300001,10000,C0008,BM,1900-S,CAIRO Writing Desk,BENCH,,-10,95807.45,-958074.5,-772841.4,-185233.1,19.33
706,2022-01-06,F 2022,Credit Memo,RC300001,20000,C0008,BM,1980-S,"KISUMU Swivel Chair, red",CHAIR,,-5,27430.27,-137151.35,-91445.85,-45705.5,33.32
707,2022-08-23,F 2022,Credit Memo,RC300002,10000,C0018,AO,1920-S,LUANDA Conference Table,TABLE,KSM,-6,235020.77,-1410124.62,-998782.8,-411341.82,29.17
708,2022-08-23,F 2022,Credit Memo,RC300002,20000,C0018,AO,1928-S,DAKAR Meeting Table,TABLE,KSM,-9,132902.23,-1196120.07,-855519.21,-340600.86,28.48
709,2022-08-23,F 2022,Credit Memo,RC300002,30000,C0018,AO,1952-S,"ABUJA Whiteboard, base",MISC,KSM,-3,56669.85,-170009.55,-98609.94,-71399.61,42.0
710,2022-08-23,F 2022,Credit Memo,RC300002,40000,C0018,AO,1972-S,"MOMBASA Swivel Chair, yellow",CHAIR,MBA,-9,31634.17,-284707.53,-149224.5,-135483.03,47.59
711,2021-12-31,F 2022,Credit Memo,RC300003,10000,C0002,CM,1972-S,"MOMBASA Swivel Chair, yellow",CHAIR,,-10,27637.19,-276371.9,-185325.3,-91046.6,32.94
712,2021-12-31,F 2022,Credit Memo,RC300003,20000,C0002,CM,1920-S,LUANDA Conference Table,TABLE,,-10,278747.41,-2787474.1,-1641054.3,-1146419.8,41.13
713,2021-11-06,F 2022,Credit Memo,RC300004,10000,C0030,AO,1976-S,LONDON Bookcase,MISC,,-2,48453.06,-96906.12,-67512.6,-29393.52,30.33
714,2021-11-06,F 2022,Credit Memo,RC300004,20000,C0030,AO,1944-S,HARARE Folding Table,TABLE,,-7,46100.05,-322700.35,-230340.32,-92360.03,28.62
715,2021-11-06,F 2022,Credit Memo,RC300004,30000,C0030,AO,1920-S,LUANDA Conference Table,TABLE,,-9,221287.99,-1991591.91,-1288723.5,-702868.41,35.29
716,2022-01-19,F 2022,Credit Memo,RC300005,10000,C0001,CM,1908-S,DUBAI Corner Desk,BENCH,,-4,144327.51,-577310.04,-340814.4,-236495.64,40.97
717,2022-01-19,F 2022,Credit Memo,RC300005,20000,C0001,CM,1976-S,LONDON Bookcase,MISC,,-9,54047.59,-486428.31,-315419.22,-171009.09,35.16
718,2022-01-19,F 2022,Credit Memo,RC300005,30000,C0001,CM,1920-S,LUANDA Conference Table,TABLE,,-6,261789.12,-1570734.72,-1026864.42,-543870.3,34.63
719,2021-11-23,F 2022,Credit Memo,RC300006,10000,C0002,AO,2004-S,"LAGOS Executive Chair, grey",CHAIR,MBA,-3,34070.46,-102211.38,-64126.11,-38085.27,37.26
720,2021-11-23,F 2022,Credit Memo,RC300006,20000,C0002,AO,1968-S,OSLO Filing Cabinet,MISC,,-9,37086.64,-333779.76,-237090.87,-96688.89,28.97
721,2022-08-21,F 2022,Credit Memo,RC300007,10000,C0017,AO,1916-S,JOHANNESBURG Sit-Stand Desk,BENCH,KSM,-4,143429.15,-573716.6,-465209.48,-108507.12,18.91
722,2022-08-21,F 2022,Credit Memo,RC300007,20000,C0017,AO,2008-S,"ACCRA Stacking Chair, blue",CHAIR,KSM,-8,12541.57,-100332.56,-68676.24,-31656.32,31.55
723,2022-08-21,F 2022,Credit Memo,RC300007,30000,C0017,AO,BEAN-1,Coffee Beans 1kg (AA Grade),BEANS,MBA,-10,1693.56,-16935.6,-9672.8,-7262.8,42.88
724,2021-10-04,F 2022,Credit Memo,RC300008,10000,C0002,AO,1960-S,"NAIROBI Guest Chair, green",CHAIR,,-12,19593.52,-235122.24,-194490.48,-40631.76,17.28
725,2021-10-04,F 2022,Credit Memo,RC300008,20000,C0002,AO,1916-S,JOHANNESBURG Sit-Stand Desk,BENCH,,-10,158163.41,-1581634.1,-1035964.6,-545669.5,34.5
726,2021-10-04,F 2022,Credit Memo,RC300008,30000,C0002,AO,1980-S,"KISUMU Swivel Chair, red",CHAIR,,-6,25501.45,-153008.7,-111344.76,-41663.94,27.23
727,2021-10-04,F 2022,Credit Memo,RC300008,40000,C0002,AO,2000-S,"KIGALI Ergonomic Chair, black",CHAIR,KSM,-10,34121.24,-341212.4,-303602.5,-37609.9,11.02
728,2022-03-16,F 2022,Credit Memo,RC300009,10000,C0002,CM,1936-S,ACCRA Round Table,TABLE,KSM,-10,100987.58,-1009875.8,-754237.9,-255637.9,25.31
729,2022-03-16,F 2022,Credit Memo,RC300009,20000,C0002,CM,1960-S,"NAIROBI Guest Chair, green",CHAIR,MBA,-10,23157.0,-231570.0,-143000.9,-88569.1,38.25
730,2022-03-16,F 2022,Credit Memo,RC300009,30000,C0002,CM,2004-S,"LAGOS Executive Chair, grey",CHAIR,NBI,-7,38999.8,-272998.6,-155545.32,-117453.28,43.02
731,2022-03-16,F 2022,Credit Memo,RC300009,40000,C0002,CM,1988-S,"KAMPALA Guest Chair, red",CHAIR,,-11,24001.48,-264016.28,-197255.85,-66760.43,25.29
732,2022-08-20,F 2022,Credit Memo,RC300010,10000,C0003,AO,1908-S,DUBAI Corner Desk,BENCH,,-3,147642.75,-442928.25,-254790.24,-188138.01,42.48
733,2022-09-10,F 2022,Credit Memo,RC300011,10000,C0005,BM,1920-S,LUANDA Conference Table,TABLE,NBI,-9,211185.19,-1900666.71,-1411817.31,-488849.4,25.72
734,2022-09-10,F 2022,Credit Memo,RC300011,20000,C0005,BM,1980-S,"KISUMU Swivel Chair, red",CHAIR,,-6,33734.15,-202404.9,-127007.28,-75397.62,37.25
735,2022-04-23,F 2022,Credit Memo,RC300012,10000,C0004,AO,1936-S,ACCRA Round Table,TABLE,,-3,113377.81,-340133.43,-196990.95,-143142.48,42.08
736,2022-04-23,F 2022,Credit Memo,RC300012,20000,C0004,AO,1916-S,JOHANNESBURG Sit-Stand Desk,BENCH,,-9,185069.95,-1665629.55,-980106.12,-685523.43,41.16
737,2021-11-06,F 2022,Credit Memo,RC300013,10000,C0005,AO,1916-S,JOHANNESBURG Sit-Stand Desk,BENCH,,-2,160240.87,-320481.74,-240199.92,-80281.82,25.05
738,2021-11-06,F 2022,Credit Memo,RC300013,20000,C0005,AO,2004-S,"LAGOS Executive Chair, grey",CHAIR,,-10,36258.32,-362583.2,-257346.1,-105237.1,29.02
739,2021-11-06,F 2022,Credit Memo,RC300013,30000,C0005,AO,2008-S,"ACCRA Stacking Chair, blue",CHAIR,MBA,-8,13624.21,-108993.68,-58970.64,-50023.04,45.9
740,2022-01-28,F 2022,Credit Memo,RC300014,10000,C0004,AO,1964-S,Guest Section 1,MISC,,-2,145784.53,-291569.06,-204698.76,-86870.3,29.79
741,2022-01-28,F 2022,Credit Memo,RC300014,20000,C0004,AO,1980-S,"KISUMU Swivel Chair, red",CHAIR,,-5,30385.19,-151925.95,-95709.05,-56216.9,37.0
742,2022-01-28,F 2022,Credit Memo,RC300014,30000,C0004,AO,1896-S,ADDIS ABABA Executive Desk,BENCH,,-1,163891.05,-163891.05,-132943.44,-30947.61,18.88
743,2022-07-07,F 2022,Credit Memo,RC300015,10000,C0003,BM,1944-S,HARARE Folding Table,TABLE,,-3,41374.75,-124124.25,-90679.68,-33444.57,26.94
744,2022-07-07,F 2022,Credit Memo,RC300015,20000,C0003,BM,1968-S,OSLO Filing Cabinet,MISC,,-9,35662.26,-320960.34,-230542.38,-90417.96,28.17
745,2023-09-22,F 2023,Sales Invoice,SI103461,10000,C0001,BM,1960-S,"NAIROBI Guest Chair, green",CHAIR,MBA,7,21735.24,152146.68,94713.57,57433.11,37.75
746,2023-09-22,F 2023,Sales Invoice,SI103461,20000,C0001,BM,2008-S,"ACCRA Stacking Chair, blue",CHAIR,KSM,2,14213.9,28427.8,15819.68,12608.12,44.35
747,2023-09-22,F 2023,Sales Invoice,SI103461,30000,C0001,BM,1988-S,"KAMPALA Guest Chair, red",CHAIR,MBA,7,29248.86,204742.02,111237.07,93504.95,45.67
748,2023-06-06,F 2023,Sales Invoice,SI103462,10000,C0008,CM,1900-S,CAIRO Writing Desk,BENCH,,8,131421.81,1051374.48,682218.16,369156.32,35.11
749,2023-06-29,F 2023,Sales Invoice,SI103463,10000,C0006,AO,1960-S,"NAIROBI Guest Chair, green",CHAIR,,11,19682.18,216503.98,172718.15,43785.83,20.22
750,2023-06-29,F 2023,Sales Invoice,SI103463,20000,C0006,AO,EM-001,Executive Meeting Room Set,EM_COMMER,,9,722570.04,6503130.36,4921687.35,1581443.01,24.32
751,2023-06-29,F 2023,Sales Invoice,SI103463,30000,C0006,AO,1896-S,ADDIS ABABA Executive Desk,BENCH,,1,200876.43,200876.43,141909.69,58966.74,29.35
752,2023-03-24,F 2023,Sales Invoice,SI103464,10000,C0014,CM,1896-S,ADDIS ABABA Executive Desk,BENCH,,11,167760.92,1845370.12,1444351.04,401019.08,21.73
753,2023-02-01,F 2023,Sales Invoice,SI103465,10000,C0005,BM,1920-S,LUANDA Conference Table,TABLE,,8,262556.41,2100451.28,1151303.84,949147.44,45.19
754,2023-02-01,F 2023,Sales Invoice,SI103465,20000,C0005,BM,1908-S,DUBAI Corner Desk,BENCH,KSM,4,113384.31,453537.24,377662.68,75874.56,16.73
755,2023-06-26,F 2023,Sales Invoice,SI103466,10000,C0005,CM,1952-S,"ABUJA Whiteboard, base",MISC,,11,51457.08,566027.88,390211.8,175816.08,31.06
756,2023-06-26,F 2023,Sales Invoice,SI103466,20000,C0005,CM,1916-S,JOHANNESBURG Sit-Stand Desk,BENCH,MBA,12,163876.14,1966513.68,1340991.36,625522.32,31.81
757,2023-06-26,F 2023,Sales Invoice,SI103466,30000,C0005,CM,1944-S,HARARE Folding Table,TABLE,,6,46722.94,280337.64,196066.02,84271.62,30.06
758,2023-06-26,F 2023,Sales Invoice,SI103466,40000,C0005,CM,1896-S,ADDIS ABABA Executive Desk,BENCH,KSM,11,181906.95,2000976.45,1496901.45,504075.0,25.19
759,2023-06-26,F 2023,Sales Invoice,SI103466,50000,C0005,CM,1972-S,"MOMBASA Swivel Chair, yellow",CHAIR,,3,28063.64,84190.92,55892.4,28298.52,33.61
760,2023-08-07,F 2023,Sales Invoice,SI103467,10000,C0003,BM,1936-S,ACCRA Round Table,TABLE,,6,97153.77,582922.62,419537.28,163385.34,28.03
761,2023-08-06,F 2023,Sales Invoice,SI103468,10000,C0012,AO,1896-S,ADDIS ABABA Executive Desk,BENCH,,8,174353.54,1394828.32,929001.12,465827.2,33.4
762,2022-10-08,F 2023,Sales Invoice,SI103469,10000,C0032,CM,1928-S,DAKAR Meeting Table,TABLE,MBA,4,156266.5,625066.0,387910.96,237155.04,37.94
763,2023-05-13,F 2023,Sales Invoice,SI103470,10000,C0007,CM,1900-S,CAIRO Writing Desk,BENCH,,4,109503.05,438012.2,312558.84,125453.36,28.64
764,2023-05-13,F 2023,Sales Invoice,SI103470,20000,C0007,CM,1956-S,Conference Bundle 1-6,MISC,KSM,12,329607.98,3955295.76,2770860.48,1184435.28,29.95
765,2023-08-01,F 2023,Sales Invoice,SI103471,10000,C0013,BM,1960-S,"NAIROBI Guest Chair, green",CHAIR,,2,22438.58,44877.16,34021.48,10855.68,24.19
766,2023-08-01,F 2023,Sales Invoice,SI103471,20000,C0013,BM,PART-2,Desk Leg Leveller Kit,PARTS,,9,642.08,5778.72,2771.91,3006.81,52.03
767,2023-08-01,F 2023,Sales Invoice,SI103471,30000,C0013,BM,1896-S,ADDIS ABABA Executive Desk,BENCH,,11,189261.96,2081881.56,1280481.62,801399.94,38.49
768,2023-03-05,F 2023,Sales Invoice,SI103472,10000,C0003,CM,2000-S,"KIGALI Ergonomic Chair, black",CHAIR,,1,44691.59,44691.59,27183.48,17508.11,39.18
769,2023-08-27,F 2023,Sales Invoice,SI103473,10000,C0017,AO,1952-S,"ABUJA Whiteboard, base",MISC,,12,60767.9,729214.8,432230.04,296984.76,40.73
770,2022-10-13,F 2023,Sales Invoice,SI103474,10000,C0009,AO,1988-S,"KAMPALA Guest Chair, red",CHAIR,KSM,8,21798.48,174387.84,140268.32,34119.52,19.57
771,2022-10-13,F 2023,Sales Invoice,SI103474,20000,C0009,AO,1936-S,ACCRA Round Table,TABLE,,3,111773.18,335319.54,193731.96,141587.58,42.22
772,2022-10-13,F 2023,Sales Invoice,SI103474,30000,C0009,AO,1896-S,ADDIS ABABA Executive Desk,BENCH,KSM,6,180389.61,1082337.66,687809.58,394528.08,36.45
773,2023-06-19,F 2023,Sales Invoice,SI103475,10000,C0002,BM,1960-S,"NAIROBI Guest Chair, green",CHAIR,KSM,3,23150.62,69451.86,49882.74,19569.12,28.18
774,2023-06-19,F 2023,Sales Invoice,SI103475,20000,C0002,BM,1980-S,"KISUMU Swivel Chair, red",CHAIR,,3,33363.01,100089.03,63050.04,37038.99,37.01
775,2023-03-08,F 2023,Sales Invoice,SI103476,10000,C0033,BM,1980-S,"KISUMU Swivel Chair, red",CHAIR,KSM,3,34102.5,102307.5,61982.88,40324.62,39.42
776,2022-10-07,F 2023,Sales Invoice,SI103477,10000,C0026,AO,1960-S,"NAIROBI Guest Chair, green",CHAIR,,8,25018.2,200145.6,121855.52,78290.08,39.12
777,2022-10-07,F 2023,Sales Invoice,SI103477,20000,C0026,AO,1896-S,ADDIS ABABA Executive Desk,BENCH,MBA,2,166439.28,332878.56,237628.24,95250.32,28.61
778,2023-02-20,F 2023,Sales Invoice,SI103478,10000,C0009,BM,1960-S,"NAIROBI Guest Chair, green",CHAIR,,3,20156.16,60468.48,48777.84,11690.64,19.33
779,2023-02-20,F 2023,Sales Invoice,SI103478,20000,C0009,BM,1960-S,"NAIROBI Guest Chair, green",CHAIR,MBA,10,19320.16,193201.6,153970.7,39230.9,20.31
780,2023-02-20,F 2023,Sales Invoice,SI103478,30000,C0009,BM,1960-S,"NAIROBI Guest Chair, green",CHAIR,,7,21864.17,153049.19,114154.32,38894.87,25.41
781,2023-02-20,F 2023,Sales Invoice,SI103478,40000,C0009,BM,1928-S,DAKAR Meeting Table,TABLE,,12,147582.22,1770986.64,1195273.92,575712.72,32.51
782,2023-05-22,F 2023,Sales Invoice,SI103479,10000,C0004,BM,1952-S,"ABUJA Whiteboard, base",MISC,,6,46557.91,279347.46,208976.34,70371.12,25.19
783,2023-05-07,F 2023,Sales Invoice,SI103480,10000,C0001,CM,1972-S,"MOMBASA Swivel Chair, yellow",CHAIR,,5,31856.39,159281.95,97358.9,61923.05,38.88
784,2023-05-07,F 2023,Sales Invoice,SI103480,20000,C0001,CM,1988-S,"KAMPALA Guest Chair, red",CHAIR,,1,25382.29,25382.29,17885.27,7497.02,29.54
785,2022-11-14,F 2023,Sales Invoice,SI103481,10000,C0014,AO,BEAN-1,Coffee Beans 1kg (AA Grade),BEANS,,5,1794.72,8973.6,4039.65,4933.95,54.98
786,2022-11-14,F 2023,Sales Invoice,SI103481,20000,C0014,AO,1916-S,JOHANNESBURG Sit-Stand Desk,BENCH,,10,184999.88,1849998.8,1127235.8,722763.0,39.07
787,2022-11-14,F 2023,Sales Invoice,SI103481,30000,C0014,AO,1908-S,DUBAI Corner Desk,BENCH,MBA,11,129803.91,1427843.01,1015580.61,412262.4,28.87
788,2022-11-14,F 2023,Sales Invoice,SI103481,40000,C0014,AO,1988-S,"KAMPALA Guest Chair, red",CHAIR,,5,23899.51,119497.55,91619.7,27877.85,23.33
789,2022-11-14,F 2023,Sales Invoice,SI103481,50000,C0014,AO,1920-S,LUANDA Conference Table,TABLE,,2,262474.36,524948.72,334870.38,190078.34,36.21
790,2023-05-01,F 2023,Sales Invoice,SI103482,10000,C0003,AO,1920-S,LUANDA Conference Table,TABLE,,1,215681.34,215681.34,180128.37,35552.97,16.48
791,2023-05-01,F 2023,Sales Invoice,SI103482,20000,C0003,AO,1960-S,"NAIROBI Guest Chair, green",CHAIR,,5,22337.19,111685.95,83491.4,28194.55,25.24
792,2023-09-17,F 2023,Sales Invoice,SI103483,10000,C0004,AO,1984-S,MADRID Monitor Stand,MISC,MBA,3,10419.43,31258.29,22381.05,8877.24,28.4
793,2023-09-17,F 2023,Sales Invoice,SI103483,20000,C0004,AO,1900-S,CAIRO Writing Desk,BENCH,,8,100855.45,806843.6,566422.88,240420.72,29.8
794,2023-08-18,F 2023,Sales Invoice,SI103484,10000,C0026,AO,1900-S,CAIRO Writing Desk,BENCH,,7,107125.54,749878.78,566079.22,183799.56,24.51
795,2023-08-18,F 2023,Sales Invoice,SI103484,20000,C0026,AO,1916-S,JOHANNESBURG Sit-Stand Desk,BENCH,,11,152341.64,1675758.04,1325874.55,349883.49,20.88
796,2023-08-18,F 2023,Sales Invoice,SI103484,30000,C0026,AO,1936-S,ACCRA Round Table,TABLE,NBI,6,113387.23,680323.38,438624.78,241698.6,35.53
797,2023-08-18,F 2023,Sales Invoice,SI103484,40000,C0026,AO,2004-S,"LAGOS Executive Chair, grey",CHAIR,,7,33110.84,231775.88,173445.51,58330.37,25.17
798,2023-04-18,F 2023,Sales Invoice,SI103485,10000,C0001,AO,2004-S,"LAGOS Executive Chair, grey",CHAIR,,6,36628.11,219768.66,131045.88,88722.78,40.37
799,2023-04-18,F 2023,Sales Invoice,SI103485,20000,C0001,AO,1964-S,Guest Section 1,MISC,,6,132040.56,792243.36,574579.8,217663.56,27.47
800,2023-04-18,F 2023,Sales Invoice,SI103485,30000,C0001,AO,2000-S,"KIGALI Ergonomic Chair, black",CHAIR,,2,40126.04,80252.08,50626.0,29626.08,36.92
801,2023-04-18,F 2023,Sales Invoice,SI103485,40000,C0001,AO,1972-S,"MOMBASA Swivel Chair, yellow",CHAIR,,9,31339.72,282057.48,152681.58,129375.9,45.87
802,2023-01-06,F 2023,Sales Invoice,SI103486,10000,C0006,AO,2004-S,"LAGOS Executive Chair, grey",CHAIR,NBI,6,37892.06,227352.36,151625.04,75727.32,33.31
803,2023-01-06,F 2023,Sales Invoice,SI103486,20000,C0006,AO,1976-S,LONDON Bookcase,MISC,,11,51959.94,571559.34,404745.44,166813.9,29.19
804,2023-01-06,F 2023,Sales Invoice,SI103486,30000,C0006,AO,1896-S,ADDIS ABABA Executive Desk,BENCH,,9,193730.87,1743577.83,1241921.34,501656.49,28.77
805,2023-01-06,F 2023,Sales Invoice,SI103486,40000,C0006,AO,1964-S,Guest Section 1,MISC,,2,119451.49,238902.98,169273.06,69629.92,29.15
806,2023-09-03,F 2023,Sales Invoice,SI103487,10000,C0001,BM,1920-S,LUANDA Conference Table,TABLE,,4,251618.1,1006472.4,659939.48,346532.92,34.43
807,2023-09-03,F 2023,Sales Invoice,SI103487,20000,C0001,BM,2004-S,"LAGOS Executive Chair, grey",CHAIR,,8,37802.99,302423.92,204301.44,98122.48,32.45
808,2023-09-03,F 2023,Sales Invoice,SI103487,30000,C0001,BM,1972-S,"MOMBASA Swivel Chair, yellow",CHAIR,,10,26661.79,266617.9,191171.2,75446.7,28.3
809,2023-07-09,F 2023,Sales Invoice,SI103488,10000,C0002,AO,2000-S,"KIGALI Ergonomic Chair, black",CHAIR,MBA,4,40066.93,160267.72,113357.12,46910.6,29.27
810,2023-07-09,F 2023,Sales Invoice,SI103488,20000,C0002,AO,1908-S,DUBAI Corner Desk,BENCH,KSM,1,122926.91,122926.91,98199.25,24727.66,20.12
811,2023-07-09,F 2023,Sales Invoice,SI103488,30000,C0002,AO,1972-S,"MOMBASA Swivel Chair, yellow",CHAIR,KSM,1,27253.04,27253.04,19852.82,7400.22,27.15
812,2023-07-31,F 2023,Sales Invoice,SI103489,10000,C0016,BM,2008-S,"ACCRA Stacking Chair, blue",CHAIR,KSM,6,13450.59,80703.54,46808.1,33895.44,42.0
813,2023-07-31,F 2023,Sales Invoice,SI103489,20000,C0016,BM,1908-S,DUBAI Corner Desk,BENCH,NBI,8,113630.54,909044.32,633220.4,275823.92,30.34
814,2023-09-23,F 2023,Sales Invoice,SI103490,10000,C0005,AO,1936-S,ACCRA Round Table,TABLE,,8,98511.91,788095.28,537958.96,250136.32,31.74
815,2023-09-23,F 2023,Sales Invoice,SI103490,20000,C0005,AO,1968-S,OSLO Filing Cabinet,MISC,KSM,5,33023.79,165118.95,125635.8,39483.15,23.91
816,2023-09-23,F 2023,Sales Invoice,SI103490,30000,C0005,AO,1928-S,DAKAR Meeting Table,TABLE,,6,136300.77,817804.62,612500.94,205303.68,25.1
817,2023-03-29,F 2023,Sales Invoice,SI103491,10000,C0025,AO,2008-S,"ACCRA Stacking Chair, blue",CHAIR,NBI,10,13653.57,136535.7,89100.1,47435.6,34.74
818,2022-11-24,F 2023,Sales Invoice,SI103492,10000,C0012,AO,1908-S,DUBAI Corner Desk,BENCH,,7,152343.55,1066404.85,564602.29,501802.56,47.06
819,2022-11-24,F 2023,Sales Invoice,SI103492,20000,C0012,AO,1980-S,"KISUMU Swivel Chair, red",CHAIR,NBI,8,28682.21,229457.68,162367.44,67090.24,29.24
820,2022-11-24,F 2023,Sales Invoice,SI103492,30000,C0012,AO,1920-S,LUANDA Conference Table,TABLE,KSM,7,226408.05,1584856.35,1124875.15,459981.2,29.02
821,2022-11-24,F 2023,Sales Invoice,SI103492,40000,C0012,AO,1980-S,"KISUMU Swivel Chair, red",CHAIR,,11,27678.84,304467.24,206690.11,97777.13,32.11
822,2023-06-07,F 2023,Sales Invoice,SI103493,10000,C0009,AO,1972-S,"MOMBASA Swivel Chair, yellow",CHAIR,,8,23812.59,190500.72,140548.32,49952.4,26.22
823,2023-06-07,F 2023,Sales Invoice,SI103493,20000,C0009,AO,1972-S,"MOMBASA Swivel Chair, yellow",CHAIR,,10,26372.78,263727.8,190122.8,73605.0,27.91
824,2023-09-04,F 2023,Sales Invoice,SI103494,10000,C0002,AO,1916-S,JOHANNESBURG Sit-Stand Desk,BENCH,KSM,11,147244.81,1619692.91,1304120.84,315572.07,19.48
825,2023-05-20,F 2023,Sales Invoice,SI103495,10000,C0005,BM,1988-S,"KAMPALA Guest Chair, red",CHAIR,NBI,11,22386.98,246256.78,177146.42,69110.36,28.06
826,2023-05-20,F 2023,Sales Invoice,SI103495,20000,C0005,BM,1928-S,DAKAR Meeting Table,TABLE,ELD,7,148811.05,1041677.35,648480.0,393197.35,37.75
827,2023-07-26,F 2023,Sales Invoice,SI103496,10000,C0035,AO,1972-S,"MOMBASA Swivel Chair, yellow",CHAIR,NAK,5,29749.41,148747.05,92461.5,56285.55,37.84
828,2023-07-26,F 2023,Sales Invoice,SI103496,20000,C0035,AO,1960-S,"NAIROBI Guest Chair, green",CHAIR,NBI,9,22946.83,206521.47,136759.32,69762.15,33.78
829,2022-10-16,F 2023,Sales Invoice,SI103497,10000,C0015,AO,2004-S,"LAGOS Executive Chair, grey",CHAIR,,7,33789.55,236526.85,148774.5,87752.35,37.1
830,2022-10-16,F 2023,Sales Invoice,SI103497,20000,C0015,AO,1980-S,"KISUMU Swivel Chair, red",CHAIR,MBA,3,34276.84,102830.52,60078.39,42752.13,41.58
831,2023-05-02,F 2023,Sales Invoice,SI103498,10000,C0035,AO,1972-S,"MOMBASA Swivel Chair, yellow",CHAIR,MBA,2,31563.18,63126.36,34470.48,28655.88,45.39
832,2023-05-02,F 2023,Sales Invoice,SI103498,20000,C0035,AO,1928-S,DAKAR Meeting Table,TABLE,,3,138203.12,414609.36,259609.74,154999.62,37.38
833,2023-05-02,F 2023,Sales Invoice,SI103498,30000,C0035,AO,1896-S,ADDIS ABABA Executive Desk,BENCH,,12,189489.92,2273879.04,1676945.64,596933.4,26.25
834,2023-06-18,F 2023,Sales Invoice,SI103499,10000,C0023,AO,1988-S,"KAMPALA Guest Chair, red",CHAIR,NBI,7,26434.46,185041.22,116769.87,68271.35,36.9
835,2023-06-18,F 2023,Sales Invoice,SI103499,20000,C0023,AO,1988-S,"KAMPALA Guest Chair, red",CHAIR,,9,25472.28,229250.52,163798.2,65452.32,28.55
836,2022-10-18,F 2023,Sales Invoice,SI103500,10000,C0010,CM,1972-S,"MOMBASA Swivel Chair, yellow",CHAIR,KSM,8,26789.57,214316.56,161584.8,52731.76,24.6
837,2022-10-18,F 2023,Sales Invoice,SI103500,20000,C0010,CM,1908-S,DUBAI Corner Desk,BENCH,MBA,5,141710.1,708550.5,470521.6,238028.9,33.59
838,2022-10-18,F 2023,Sales Invoice,SI103500,30000,C0010,CM,1972-S,"MOMBASA Swivel Chair, yellow",CHAIR,KSM,8,26210.5,209684.0,144468.64,65215.36,31.1
839,2023-09-16,F 2023,Sales Invoice,SI103501,10000,C0023,BM,1960-S,"NAIROBI Guest Chair, green",CHAIR,,6,23359.34,140156.04,84516.6,55639.44,39.7
840,2023-09-16,F 2023,Sales Invoice,SI103501,20000,C0023,BM,1968-S,OSLO Filing Cabinet,MISC,NAK,10,37172.29,371722.9,219923.7,151799.2,40.84
841,2023-02-28,F 2023,Sales Invoice,SI103502,10000,C0001,AO,1952-S,"ABUJA Whiteboard, base",MISC,,12,53869.43,646433.16,465794.16,180639.0,27.94
842,2023-02-28,F 2023,Sales Invoice,SI103502,20000,C0001,AO,1916-S,JOHANNESBURG Sit-Stand Desk,BENCH,NBI,10,148884.64,1488846.4,1217946.1,270900.3,18.2
843,2023-02-28,F 2023,Sales Invoice,SI103502,30000,C0001,AO,1920-S,LUANDA Conference Table,TABLE,,5,254663.98,1273319.9,735896.85,537423.05,42.21
844,2023-02-28,F 2023,Sales Invoice,SI103502,40000,C0001,AO,1952-S,"ABUJA Whiteboard, base",MISC,NBI,5,62104.2,310521.0,177853.0,132668.0,42.72
845,2023-02-28,F 2023,Sales Invoice,SI103502,50000,C0001,AO,1960-S,"NAIROBI Guest Chair, green",CHAIR,KSM,2,25027.11,50054.22,29225.96,20828.26,41.61
846,2023-09-03,F 2023,Sales Invoice,SI103503,10000,C0023,AO,1936-S,ACCRA Round Table,TABLE,,8,114825.45,918603.6,573043.52,345560.08,37.62
847,2022-11-13,F 2023,Sales Invoice,SI103504,10000,C0010,CM,1956-S,Conference Bundle 1-6,MISC,,7,322322.56,2256257.92,1718754.8,537503.12,23.82
848,2022-11-13,F 2023,Sales Invoice,SI103504,20000,C0010,CM,1920-S,LUANDA Conference Table,TABLE,,4,240561.09,962244.36,577285.56,384958.8,40.01
849,2022-11-13,F 2023,Sales Invoice,SI103504,30000,C0010,CM,2000-S,"KIGALI Ergonomic Chair, black",CHAIR,,2,35361.27,70722.54,52796.14,17926.4,25.35
850,2022-11-13,F 2023,Sales Invoice,SI103504,40000,C0010,CM,1900-S,CAIRO Writing Desk,BENCH,,9,112709.58,1014386.22,685846.35,328539.87,32.39
851,2023-02-12,F 2023,Sales Invoice,SI103505,10000,C0027,AO,1976-S,LONDON Bookcase,MISC,,8,51978.27,415826.16,273012.24,142813.92,34.34
852,2022-10-22,F 2023,Sales Invoice,SI103506,10000,C0007,AO,1956-S,Conference Bundle 1-6,MISC,,10,337296.51,3372965.1,2516484.1,856481.0,25.39
853,2022-10-22,F 2023,Sales Invoice,SI103506,20000,C0007,AO,2000-S,"KIGALI Ergonomic Chair, black",CHAIR,,2,35693.21,71386.42,61476.12,9910.3,13.88
854,2023-09-11,F 2023,Sales Invoice,SI103507,10000,C0019,BM,1988-S,"KAMPALA Guest Chair, red",CHAIR,,6,27130.59,162783.54,95943.06,66840.48,41.06
855,2023-09-11,F 2023,Sales Invoice,SI103507,20000,C0019,BM,1960-S,"NAIROBI Guest Chair, green",CHAIR,,1,21622.57,21622.57,16397.6,5224.97,24.16
856,2023-09-11,F 2023,Sales Invoice,SI103507,30000,C0019,BM,1972-S,"MOMBASA Swivel Chair, yellow",CHAIR,,8,27693.15,221545.2,155414.4,66130.8,29.85
857,2022-10-18,F 2023,Sales Invoice,SI103508,10000,C0001,AO,1928-S,DAKAR Meeting Table,TABLE,KSM,4,135697.12,542788.48,417402.52,125385.96,23.1
858,2022-10-18,F 2023,Sales Invoice,SI103508,20000,C0001,AO,1972-S,"MOMBASA Swivel Chair, yellow",CHAIR,MBA,10,26232.07,262320.7,192717.0,69603.7,26.53
859,2022-10-18,F 2023,Sales Invoice,SI103508,30000,C0001,AO,1916-S,JOHANNESBURG Sit-Stand Desk,BENCH,,3,185391.88,556175.64,333568.95,222606.69,40.02
860,2022-10-18,F 2023,Sales Invoice,SI103508,40000,C0001,AO,1900-S,CAIRO Writing Desk,BENCH,,2,124648.06,249296.12,162327.98,86968.14,34.89
861,2022-10-18,F 2023,Sales Invoice,SI103508,50000,C0001,AO,1896-S,ADDIS ABABA Executive Desk,BENCH,,11,201409.17,2215500.87,1248044.6,967456.27,43.67
862,2022-11-07,F 2023,Sales Invoice,SI103509,10000,C0001,AO,PART-2,Desk Leg Leveller Kit,PARTS,,5,684.5,3422.5,1556.95,1865.55,54.51
863,2022-11-07,F 2023,Sales Invoice,SI103509,20000,C0001,AO,1900-S,CAIRO Writing Desk,BENCH,,4,124136.13,496544.52,328413.88,168130.64,33.86
864,2022-12-13,F 2023,Sales Invoice,SI103510,10000,C0005,BM,1972-S,"MOMBASA Swivel Chair, yellow",CHAIR,,8,28096.72,224773.76,155864.16,68909.6,30.66
865,2022-12-13,F 2023,Sales Invoice,SI103510,20000,C0005,BM,1916-S,JOHANNESBURG Sit-Stand Desk,BENCH,,5,164724.9,823624.5,501903.0,321721.5,39.06
866,2022-12-13,F 2023,Sales Invoice,SI103510,30000,C0005,BM,1928-S,DAKAR Meeting Table,TABLE,,1,151233.7,151233.7,99787.45,51446.25,34.02
867,2023-09-24,F 2023,Sales Invoice,SI103511,10000,C0004,AO,1936-S,ACCRA Round Table,TABLE,KSM,8,111630.93,893047.44,494351.76,398695.68,44.64
868,2022-11-05,F 2023,Sales Invoice,SI103512,10000,C0001,BM,1956-S,Conference Bundle 1-6,MISC,ELD,8,378273.24,3026185.92,1739650.8,1286535.12,42.51
869,2022-11-05,F 2023,Sales Invoice,SI103512,20000,C0001,BM,2004-S,"LAGOS Executive Chair, grey",CHAIR,MBA,5,41283.22,206416.1,108765.0,97651.1,47.31
870,2022-11-05,F 2023,Sales Invoice,SI103512,30000,C0001,BM,1972-S,"MOMBASA Swivel Chair, yellow",CHAIR,NBI,9,23118.73,208068.57,159055.11,49013.46,23.56
871,2022-11-05,F 2023,Sales Invoice,SI103512,40000,C0001,BM,1952-S,"ABUJA Whiteboard, base",MISC,,5,47698.53,238492.65,190843.9,47648.75,19.98
872,2022-11-05,F 2023,Sales Invoice,SI103512,50000,C0001,BM,1896-S,ADDIS ABABA Executive Desk,BENCH,,4,184274.39,737097.56,545788.6,191308.96,25.95
873,2023-09-18,F 2023,Sales Invoice,SI103513,10000,C0001,AO,1944-S,HARARE Folding Table,TABLE,ELD,3,50189.08,150567.24,96418.65,54148.59,35.96
874,2023-09-18,F 2023,Sales Invoice,SI103513,20000,C0001,AO,1988-S,"KAMPALA Guest Chair, red",CHAIR,,7,27102.09,189714.63,105245.84,84468.79,44.52
875,2023-09-18,F 2023,Sales Invoice,SI103513,30000,C0001,AO,1908-S,DUBAI Corner Desk,BENCH,,8,116423.74,931389.92,658271.52,273118.4,29.32
876,2023-03-22,F 2023,Sales Invoice,SI103514,10000,C0001,CM,1952-S,"ABUJA Whiteboard, base",MISC,NBI,11,50735.12,558086.32,417132.21,140954.11,25.26
877,2023-07-02,F 2023,Sales Invoice,SI103515,10000,C0009,AO,1960-S,"NAIROBI Guest Chair, green",CHAIR,MBA,3,23026.67,69080.01,43561.71,25518.3,36.94
878,2023-07-02,F 2023,Sales Invoice,SI103515,20000,C0009,AO,1920-S,LUANDA Conference Table,TABLE,,4,214994.6,859978.4,712093.56,147884.84,17.2
879,2023-07-02,F 2023,Sales Invoice,SI103515,30000,C0009,AO,1960-S,"NAIROBI Guest Chair, green",CHAIR,,5,21666.78,108333.9,73342.2,34991.7,32.3
880,2023-07-02,F 2023,Sales Invoice,SI103515,40000,C0009,AO,1956-S,Conference Bundle 1-6,MISC,,2,388874.33,777748.66,515980.72,261767.94,33.66
881,2023-07-02,F 2023,Sales Invoice,SI103515,50000,C0009,AO,1952-S,"ABUJA Whiteboard, base",MISC,,4,56301.48,225205.92,152773.68,72432.24,32.16
882,2023-09-13,F 2023,Sales Invoice,SI103516,10000,C0001,AO,1908-S,DUBAI Corner Desk,BENCH,KSM,6,136672.29,820033.74,491782.14,328251.6,40.03
883,2023-09-13,F 2023,Sales Invoice,SI103516,20000,C0001,AO,1920-S,LUANDA Conference Table,TABLE,KSM,6,220730.26,1324381.56,985550.46,338831.1,25.58
884,2023-09-13,F 2023,Sales Invoice,SI103516,30000,C0001,AO,1980-S,"KISUMU Swivel Chair, red",CHAIR,MBA,6,27264.08,163584.48,133619.82,29964.66,18.32
885,2022-10-21,F 2023,Sales Invoice,SI103517,10000,C0021,AO,1896-S,ADDIS ABABA Executive Desk,BENCH,,3,177315.79,531947.37,364554.63,167392.74,31.47
886,2022-10-21,F 2023,Sales Invoice,SI103517,20000,C0021,AO,1980-S,"KISUMU Swivel Chair, red",CHAIR,,2,27092.85,54185.7,41967.88,12217.82,22.55
887,2022-10-21,F 2023,Sales Invoice,SI103517,30000,C0021,AO,1936-S,ACCRA Round Table,TABLE,KSM,8,94507.72,756061.76,520404.88,235656.88,31.17
888,2023-06-25,F 2023,Sales Invoice,SI103518,10000,C0002,AO,1936-S,ACCRA Round Table,TABLE,MBA,10,114653.99,1146539.9,722855.7,423684.2,36.95
889,2023-08-18,F 2023,Sales Invoice,SI103519,10000,C0003,CM,1916-S,JOHANNESBURG Sit-Stand Desk,BENCH,,4,148558.08,594232.32,396432.92,197799.4,33.29
890,2023-08-18,F 2023,Sales Invoice,SI103519,20000,C0003,CM,2008-S,"ACCRA Stacking Chair, blue",CHAIR,,9,13416.07,120744.63,71669.16,49075.47,40.64
891,2023-01-15,F 2023,Sales Invoice,SI103520,10000,C0002,AO,1936-S,ACCRA Round Table,TABLE,MBA,8,116171.84,929374.72,581261.68,348113.04,37.46
892,2023-01-15,F 2023,Sales Invoice,SI103520,20000,C0002,AO,1960-S,"NAIROBI Guest Chair, green",CHAIR,,6,26212.97,157277.82,97867.44,59410.38,37.77
893,2023-01-15,F 2023,Sales Invoice,SI103520,30000,C0002,AO,1952-S,"ABUJA Whiteboard, base",MISC,MBA,8,50130.02,401040.16,277117.12,123923.04,30.9
894,2023-01-15,F 2023,Sales Invoice,SI103520,40000,C0002,AO,1980-S,"KISUMU Swivel Chair, red",CHAIR,MBA,1,32027.17,32027.17,19262.54,12764.63,39.86
895,2023-05-16,F 2023,Sales Invoice,SI103521,10000,C0004,BM,1928-S,DAKAR Meeting Table,TABLE,,6,142425.73,854554.38,547980.12,306574.26,35.88
896,2023-01-30,F 2023,Sales Invoice,SI103522,10000,C0027,BM,1988-S,"KAMPALA Guest Chair, red",CHAIR,,8,25000.78,200006.24,124789.92,75216.32,37.61
897,2023-01-30,F 2023,Sales Invoice,SI103522,20000,C0027,BM,1988-S,"KAMPALA Guest Chair, red",CHAIR,,10,25487.72,254877.2,185459.5,69417.7,27.24
898,2023-01-08,F 2023,Sales Invoice,SI103523,10000,C0034,BM,1972-S,"MOMBASA Swivel Chair, yellow",CHAIR,,12,29152.89,349834.68,202673.88,147160.8,42.07
899,2023-05-27,F 2023,Sales Invoice,SI103524,10000,C0002,AO,1964-S,Guest Section 1,MISC,MBA,10,146391.11,1463911.1,969797.4,494113.7,33.75
900,2023-05-27,F 2023,Sales Invoice,SI103524,20000,C0002,AO,1968-S,OSLO Filing Cabinet,MISC,,10,33480.4,334804.0,254986.2,79817.8,23.84
901,2023-06-25,F 2023,Sales Invoice,SI103525,10000,C0035,AO,1956-S,Conference Bundle 1-6,MISC,NBI,5,360885.78,1804428.9,1265555.7,538873.2,29.86
902,2023-06-25,F 2023,Sales Invoice,SI103525,20000,C0035,AO,1988-S,"KAMPALA Guest Chair, red",CHAIR,,7,21509.59,150567.13,115153.01,35414.12,23.52
903,2023-06-25,F 2023,Sales Invoice,SI103525,30000,C0035,AO,1980-S,"KISUMU Swivel Chair, red",CHAIR,,10,32058.48,320584.8,180826.2,139758.6,43.59
904,2023-05-29,F 2023,Sales Invoice,SI103526,10000,C0008,BM,1896-S,ADDIS ABABA Executive Desk,BENCH,,12,206513.97,2478167.64,1353590.04,1124577.6,45.38
905,2023-05-29,F 2023,Sales Invoice,SI103526,20000,C0008,BM,1916-S,JOHANNESBURG Sit-Stand Desk,BENCH,,1,162995.38,162995.38,120225.25,42770.13,26.24
906,2023-04-02,F 2023,Sales Invoice,SI103527,10000,C0012,AO,1900-S,CAIRO Writing Desk,BENCH,,5,110239.3,551196.5,425196.95,125999.55,22.86
907,2023-07-26,F 2023,Sales Invoice,SI103528,10000,C0005,AO,1964-S,Guest Section 1,MISC,,7,158442.19,1109095.33,661400.81,447694.52,40.37
908,2023-07-26,F 2023,Sales Invoice,SI103528,20000,C0005,AO,1936-S,ACCRA Round Table,TABLE,MBA,1,90666.23,90666.23,75015.41,15650.82,17.26
909,2023-07-26,F 2023,Sales Invoice,SI103528,30000,C0005,AO,2004-S,"LAGOS Executive Chair, grey",CHAIR,KSM,1,33937.48,33937.48,24840.37,9097.11,26.81
910,2023-08-10,F 2023,Sales Invoice,SI103529,10000,C0023,BM,1972-S,"MOMBASA Swivel Chair, yellow",CHAIR,MBA,6,31039.72,186238.32,100063.26,86175.06,46.27
911,2023-08-10,F 2023,Sales Invoice,SI103529,20000,C0023,BM,1928-S,DAKAR Meeting Table,TABLE,,1,148643.35,148643.35,97818.35,50825.0,34.19
912,2023-08-10,F 2023,Sales Invoice,SI103529,30000,C0023,BM,2008-S,"ACCRA Stacking Chair, blue",CHAIR,,3,13607.86,40823.58,27178.11,13645.47,33.43
913,2023-08-10,F 2023,Sales Invoice,SI103529,40000,C0023,BM,1952-S,"ABUJA Whiteboard, base",MISC,,3,61022.39,183067.17,100960.71,82106.46,44.85
914,2023-06-02,F 2023,Sales Invoice,SI103530,10000,C0020,BM,1936-S,ACCRA Round Table,TABLE,MBA,12,112972.94,1355675.28,746973.36,608701.92,44.9
915,2023-06-02,F 2023,Sales Invoice,SI103530,20000,C0020,BM,1900-S,CAIRO Writing Desk,BENCH,,7,129189.7,904327.9,603314.11,301013.79,33.29
916,2023-06-02,F 2023,Sales Invoice,SI103530,30000,C0020,BM,1900-S,CAIRO Writing Desk,BENCH,,9,109872.92,988856.28,692232.21,296624.07,30.0
917,2023-06-02,F 2023,Sales Invoice,SI103530,40000,C0020,BM,1956-S,Conference Bundle 1-6,MISC,KSM,5,407996.47,2039982.35,1360866.65,679115.7,33.29
918,2023-09-20,F 2023,Sales Invoice,SI103531,10000,C0032,CM,1968-S,OSLO Filing Cabinet,MISC,,8,41601.35,332810.8,213722.0,119088.8,35.78
919,2022-11-09,F 2023,Sales Invoice,SI103532,10000,C0002,AO,1900-S,CAIRO Writing Desk,BENCH,,4,95542.51,382170.04,313023.76,69146.28,18.09
920,2022-11-09,F 2023,Sales Invoice,SI103532,20000,C0002,AO,CM-001,Commercial Reception Desk,CM_COMMER,,9,364788.6,3283097.4,2812114.71,470982.69,14.35
921,2022-11-09,F 2023,Sales Invoice,SI103532,30000,C0002,AO,1944-S,HARARE Folding Table,TABLE,NBI,1,41059.88,41059.88,32962.82,8097.06,19.72
922,2023-01-27,F 2023,Sales Invoice,SI103533,10000,C0008,CM,1916-S,JOHANNESBURG Sit-Stand Desk,BENCH,,11,162627.69,1788904.59,1197248.25,591656.34,33.07
923,2023-01-27,F 2023,Sales Invoice,SI103533,20000,C0008,CM,1936-S,ACCRA Round Table,TABLE,,9,114812.77,1033314.93,658684.53,374630.4,36.26
924,2023-03-06,F 2023,Sales Invoice,SI103534,10000,C0002,AO,CM-001,Commercial Reception Desk,CM_COMMER,MBA,1,413832.1,413832.1,259356.93,154475.17,37.33
925,2023-03-06,F 2023,Sales Invoice,SI103534,20000,C0002,AO,1920-S,LUANDA Conference Table,TABLE,NAK,3,210260.1,630780.3,446633.34,184146.96,29.19
926,2023-09-28,F 2023,Sales Invoice,SI103535,10000,C0015,BM,1988-S,"KAMPALA Guest Chair, red",CHAIR,,1,24835.76,24835.76,15821.29,9014.47,36.3
927,2023-04-08,F 2023,Sales Invoice,SI103536,10000,C0008,AO,2004-S,"LAGOS Executive Chair, grey",CHAIR,NAK,6,32356.32,194137.92,152177.52,41960.4,21.61
928,2023-07-01,F 2023,Sales Invoice,SI103537,10000,C0030,AO,1900-S,CAIRO Writing Desk,BENCH,,3,124426.77,373280.31,234757.8,138522.51,37.11
929,2023-07-01,F 2023,Sales Invoice,SI103537,20000,C0030,AO,CM-001,Commercial Reception Desk,CM_COMMER,KSM,9,453160.16,4078441.44,2323739.34,1754702.1,43.02
930,2023-05-31,F 2023,Sales Invoice,SI103538,10000,C0034,CM,PART-2,Desk Leg Leveller Kit,PARTS,MBA,11,770.12,8471.32,3373.48,5097.84,60.18
931,2023-05-31,F 2023,Sales Invoice,SI103538,20000,C0034,CM,1896-S,ADDIS ABABA Executive Desk,BENCH,,12,209983.54,2519802.48,1541633.04,978169.44,38.82
932,2023-05-31,F 2023,Sales Invoice,SI103538,30000,C0034,CM,1928-S,DAKAR Meeting Table,TABLE,NBI,2,125643.16,251286.32,201880.56,49405.76,19.66
933,2023-05-17,F 2023,Sales Invoice,SI103539,10000,C0003,AO,1988-S,"KAMPALA Guest Chair, red",CHAIR,,9,22592.25,203330.25,138158.55,65171.7,32.05
934,2023-05-17,F 2023,Sales Invoice,SI103539,20000,C0003,AO,1960-S,"NAIROBI Guest Chair, green",CHAIR,MBA,9,21527.74,193749.66,128527.92,65221.74,33.66
935,2023-05-17,F 2023,Sales Invoice,SI103539,30000,C0003,AO,EM-001,Executive Meeting Room Set,EM_COMMER,,7,697364.06,4881548.42,3343394.6,1538153.82,31.51
936,2022-10-29,F 2023,Sales Invoice,SI103540,10000,C0004,CM,1964-S,Guest Section 1,MISC,,6,152724.82,916348.92,632111.94,284236.98,31.02
937,2023-03-07,F 2023,Sales Invoice,SI103541,10000,C0028,CM,1944-S,HARARE Folding Table,TABLE,,8,41309.43,330475.44,248624.08,81851.36,24.77
938,2022-12-23,F 2023,Sales Invoice,SI103542,10000,C0034,CM,1968-S,OSLO Filing Cabinet,MISC,,3,30735.86,92207.58,76210.98,15996.6,17.35
939,2022-12-23,F 2023,Sales Invoice,SI103542,20000,C0034,CM,2004-S,"LAGOS Executive Chair, grey",CHAIR,NAK,9,38290.78,344617.02,193300.56,151316.46,43.91
940,2023-04-11,F 2023,Sales Invoice,SI103543,10000,C0004,AO,1896-S,ADDIS ABABA Executive Desk,BENCH,MBA,9,166245.66,1496210.94,1098585.81,397625.13,26.58
941,2023-04-11,F 2023,Sales Invoice,SI103543,20000,C0004,AO,1988-S,"KAMPALA Guest Chair, red",CHAIR,NBI,7,24397.93,170785.51,117671.12,53114.39,31.1
942,2023-04-11,F 2023,Sales Invoice,SI103543,30000,C0004,AO,2000-S,"KIGALI Ergonomic Chair, black",CHAIR,,10,45242.87,452428.7,288434.8,163993.9,36.25
943,2023-04-11,F 2023,Sales Invoice,SI103543,40000,C0004,AO,1960-S,"NAIROBI Guest Chair, green",CHAIR,KSM,1,21434.01,21434.01,13804.33,7629.68,35.6
944,2023-04-11,F 2023,Sales Invoice,SI103543,50000,C0004,AO,1920-S,LUANDA Conference Table,TABLE,,2,273100.56,546201.12,308062.12,238139.0,43.6
945,2023-06-09,F 2023,Sales Invoice,SI103544,10000,C0013,CM,1952-S,"ABUJA Whiteboard, base",MISC,KSM,8,55799.8,446398.4,272316.56,174081.84,39.0
946,2023-07-25,F 2023,Sales Invoice,SI103545,10000,C0005,AO,1936-S,ACCRA Round Table,TABLE,KSM,12,88513.69,1062164.28,742579.32,319584.96,30.09
947,2022-10-09,F 2023,Sales Invoice,SI103546,10000,C0002,CM,2004-S,"LAGOS Executive Chair, grey",CHAIR,,12,38934.71,467216.52,295308.72,171907.8,36.79
948,2023-05-03,F 2023,Sales Invoice,SI103547,10000,C0033,BM,2000-S,"KIGALI Ergonomic Chair, black",CHAIR,KSM,11,38995.55,428951.05,306074.45,122876.6,28.65
949,2023-01-02,F 2023,Sales Invoice,SI103548,10000,C0010,CM,2004-S,"LAGOS Executive Chair, grey",CHAIR,,6,35690.75,214144.5,145296.6,68847.9,32.15
950,2023-09-16,F 2023,Sales Invoice,SI103549,10000,C0004,BM,2008-S,"ACCRA Stacking Chair, blue",CHAIR,,3,13364.39,40093.17,22937.49,17155.68,42.79
951,2023-09-16,F 2023,Sales Invoice,SI103549,20000,C0004,BM,1900-S,CAIRO Writing Desk,BENCH,,6,104346.32,626077.92,490245.54,135832.38,21.7
952,2023-06-15,F 2023,Sales Invoice,SI103550,10000,C0002,AO,1920-S,LUANDA Conference Table,TABLE,KSM,9,269737.89,2427641.01,1311688.08,1115952.93,45.97
953,2023-06-15,F 2023,Sales Invoice,SI103550,20000,C0002,AO,1952-S,"ABUJA Whiteboard, base",MISC,NBI,7,52863.62,370045.34,267994.93,102050.41,27.58
954,2023-06-15,F 2023,Sales Invoice,SI103550,30000,C0002,AO,1976-S,LONDON Bookcase,MISC,,8,43350.81,346806.48,276188.96,70617.52,20.36
955,2023-06-15,F 2023,Sales Invoice,SI103550,40000,C0002,AO,1896-S,ADDIS ABABA Executive Desk,BENCH,,10,162761.09,1627610.9,1294637.8,332973.1,20.46
956,2023-03-05,F 2023,Sales Invoice,SI103551,10000,C0023,AO,1964-S,Guest Section 1,MISC,,3,141336.69,424010.07,289972.8,134037.27,31.61
957,2022-11-10,F 2023,Sales Invoice,SI103552,10000,C0020,AO,1960-S,"NAIROBI Guest Chair, green",CHAIR,,8,20237.65,161901.2,116583.76,45317.44,27.99
958,2023-09-03,F 2023,Sales Invoice,SI103553,10000,C0001,AO,1988-S,"KAMPALA Guest Chair, red",CHAIR,,2,25338.48,50676.96,30505.36,20171.6,39.8
959,2022-12-03,F 2023,Sales Invoice,SI103554,10000,C0002,CM,1980-S,"KISUMU Swivel Chair, red",CHAIR,KSM,6,27074.58,162447.48,122394.66,40052.82,24.66
960,2022-12-03,F 2023,Sales Invoice,SI103554,20000,C0002,CM,2000-S,"KIGALI Ergonomic Chair, black",CHAIR,,10,34760.42,347604.2,275684.8,71919.4,20.69
961,2022-12-03,F 2023,Sales Invoice,SI103554,30000,C0002,CM,1944-S,HARARE Folding Table,TABLE,NBI,4,48583.77,194335.08,116681.2,77653.88,39.96
962,2022-12-03,F 2023,Sales Invoice,SI103554,40000,C0002,CM,1952-S,"ABUJA Whiteboard, base",MISC,,9,54026.7,486240.3,325093.95,161146.35,33.14
963,2022-12-03,F 2023,Sales Invoice,SI103554,50000,C0002,CM,1968-S,OSLO Filing Cabinet,MISC,MBA,9,31285.91,281573.19,218509.02,63064.17,22.4
964,2023-06-16,F 2023,Sales Invoice,SI103555,10000,C0007,CM,1980-S,"KISUMU Swivel Chair, red",CHAIR,,11,32930.32,362233.52,231789.14,130444.38,36.01
965,2023-06-16,F 2023,Sales Invoice,SI103555,20000,C0007,CM,1896-S,ADDIS ABABA Executive Desk,BENCH,KSM,4,183383.99,733535.96,550885.76,182650.2,24.9
966,2023-06-16,F 2023,Sales Invoice,SI103555,30000,C0007,CM,2004-S,"LAGOS Executive Chair, grey",CHAIR,KSM,8,38912.1,311296.8,195608.56,115688.24,37.16
967,2023-09-26,F 2023,Sales Invoice,SI103556,10000,C0017,AO,1900-S,CAIRO Writing Desk,BENCH,,7,96873.91,678117.37,518888.23,159229.14,23.48
968,2023-05-16,F 2023,Sales Invoice,SI103557,10000,C0004,AO,1896-S,ADDIS ABABA Executive Desk,BENCH,MBA,2,162884.62,325769.24,286358.96,39410.28,12.1
969,2023-05-16,F 2023,Sales Invoice,SI103557,20000,C0004,AO,2008-S,"ACCRA Stacking Chair, blue",CHAIR,,1,14480.15,14480.15,7351.83,7128.32,49.23
970,2023-05-16,F 2023,Sales Invoice,SI103557,30000,C0004,AO,1896-S,ADDIS ABABA Executive Desk,BENCH,,11,216573.29,2382306.19,1249763.9,1132542.29,47.54
971,2023-05-16,F 2023,Sales Invoice,SI103557,40000,C0004,AO,1936-S,ACCRA Round Table,TABLE,,2,97507.68,195015.36,143714.7,51300.66,26.31
972,2023-05-16,F 2023,Sales Invoice,SI103557,50000,C0004,AO,2008-S,"ACCRA Stacking Chair, blue",CHAIR,ELD,4,13784.04,55136.16,36565.44,18570.72,33.68
973,2023-05-16,F 2023,Sales Invoice,SI103557,60000,C0004,AO,1972-S,"MOMBASA Swivel Chair, yellow",CHAIR,KSM,7,28704.8,200933.6,127024.87,73908.73,36.78
974,2023-07-25,F 2023,Sales Invoice,SI103558,10000,C0020,BM,1976-S,LONDON Bookcase,MISC,,6,58293.31,349759.86,198246.18,151513.68,43.32
975,2023-07-25,F 2023,Sales Invoice,SI103558,20000,C0020,BM,1900-S,CAIRO Writing Desk,BENCH,,5,127341.17,636705.85,422585.3,214120.55,33.63
976,2023-07-25,F 2023,Sales Invoice,SI103558,30000,C0020,BM,1900-S,CAIRO Writing Desk,BENCH,,4,109083.86,436335.44,321507.44,114828.0,26.32
977,2023-07-25,F 2023,Sales Invoice,SI103558,40000,C0020,BM,1960-S,"NAIROBI Guest Chair, green",CHAIR,,2,24038.81,48077.62,30686.74,17390.88,36.17
978,2023-08-06,F 2023,Sales Invoice,SI103559,10000,C0002,BM,1972-S,"MOMBASA Swivel Chair, yellow",CHAIR,,2,28772.99,57545.98,35648.2,21897.78,38.05
979,2023-08-06,F 2023,Sales Invoice,SI103559,20000,C0002,BM,1900-S,CAIRO Writing Desk,BENCH,,5,101796.39,508981.95,388442.7,120539.25,23.68
980,2023-08-06,F 2023,Sales Invoice,SI103559,30000,C0002,BM,2008-S,"ACCRA Stacking Chair, blue",CHAIR,,9,12806.48,115258.32,77835.78,37422.54,32.47
981,2023-05-09,F 2023,Sales Invoice,SI103560,10000,C0002,CM,1964-S,Guest Section 1,MISC,,8,128364.8,1026918.4,669433.52,357484.88,34.81
982,2023-05-09,F 2023,Sales Invoice,SI103560,20000,C0002,CM,1964-S,Guest Section 1,MISC,,5,119192.87,595964.35,452013.4,143950.95,24.15
983,2023-03-09,F 2023,Sales Invoice,SI103561,10000,C0007,BM,1928-S,DAKAR Meeting Table,TABLE,,11,153332.46,1686657.06,1078381.59,608275.47,36.06
984,2023-07-15,F 2023,Sales Invoice,SI103562,10000,C0008,CM,1900-S,CAIRO Writing Desk,BENCH,NAK,7,114860.27,804021.89,580829.9,223191.99,27.76
985,2023-07-15,F 2023,Sales Invoice,SI103562,20000,C0008,CM,2004-S,"LAGOS Executive Chair, grey",CHAIR,,1,33074.6,33074.6,23113.88,9960.72,30.12
986,2023-07-26,F 2023,Sales Invoice,SI103563,10000,C0028,AO,1972-S,"MOMBASA Swivel Chair, yellow",CHAIR,,6,25406.04,152436.24,122652.6,29783.64,19.54
987,2023-07-26,F 2023,Sales Invoice,SI103563,20000,C0028,AO,1988-S,"KAMPALA Guest Chair, red",CHAIR,MBA,4,27013.6,108054.4,60955.96,47098.44,43.59
988,2022-11-03,F 2023,Sales Invoice,SI103564,10000,C0002,CM,1908-S,DUBAI Corner Desk,BENCH,,1,145226.61,145226.61,86784.67,58441.94,40.24
989,2023-05-04,F 2023,Sales Invoice,SI103565,10000,C0015,AO,BEAN-1,Coffee Beans 1kg (AA Grade),BEANS,,7,1764.48,12351.36,6880.23,5471.13,44.3
990,2023-05-04,F 2023,Sales Invoice,SI103565,20000,C0015,AO,1900-S,CAIRO Writing Desk,BENCH,,12,95778.27,1149339.24,858820.68,290518.56,25.28
991,2023-05-04,F 2023,Sales Invoice,SI103565,30000,C0015,AO,1952-S,"ABUJA Whiteboard, base",MISC,NAK,6,46814.68,280888.08,194484.78,86403.3,30.76
992,2023-01-12,F 2023,Sales Invoice,SI103566,10000,C0025,AO,1956-S,Conference Bundle 1-6,MISC,,9,368638.69,3317748.21,2312579.07,1005169.14,30.3
993,2023-01-12,F 2023,Sales Invoice,SI103566,20000,C0025,AO,1916-S,JOHANNESBURG Sit-Stand Desk,BENCH,KSM,4,136837.98,547351.92,461170.2,86181.72,15.75
994,2023-01-12,F 2023,Sales Invoice,SI103566,30000,C0025,AO,1916-S,JOHANNESBURG Sit-Stand Desk,BENCH,NBI,10,155274.12,1552741.2,1020503.2,532238.0,34.28
995,2023-01-12,F 2023,Sales Invoice,SI103566,40000,C0025,AO,1900-S,CAIRO Writing Desk,BENCH,NBI,4,103230.27,412921.08,334886.92,78034.16,18.9
996,2023-06-16,F 2023,Sales Invoice,SI103567,10000,C0006,CM,1988-S,"KAMPALA Guest Chair, red",CHAIR,KSM,7,21541.94,150793.58,117709.97,33083.61,21.94
997,2023-06-16,F 2023,Sales Invoice,SI103567,20000,C0006,CM,1908-S,DUBAI Corner Desk,BENCH,,1,122909.4,122909.4,95207.3,27702.1,22.54
998,2023-06-13,F 2023,Sales Invoice,SI103568,10000,C0033,AO,1900-S,CAIRO Writing Desk,BENCH,KSM,11,122236.89,1344605.79,810186.74,534419.05,39.75
999,2023-06-13,F 2023,Sales Invoice,SI103568,20000,C0033,AO,1896-S,ADDIS ABABA Executive Desk,BENCH,,10,195847.5,1958475.0,1333001.8,625473.2,31.94
1000,2023-06-13,F 2023,Sales Invoice,SI103568,30000,C0033,AO,1900-S,CAIRO Writing Desk,BENCH,,4,107051.78,428207.12,293346.44,134860.68,31.49
1001,2023-05-11,F 2023,Sales Invoice,SI103569,10000,C0026,AO,1920-S,LUANDA Conference Table,TABLE,,7,212654.4,1488580.8,1177603.42,310977.38,20.89
1002,2023-05-11,F 2023,Sales Invoice,SI103569,20000,C0026,AO,1936-S,ACCRA Round Table,TABLE,,4,91371.47,365485.88,257072.48,108413.4,29.66
1003,2023-05-11,F 2023,Sales Invoice,SI103569,30000,C0026,AO,1988-S,"KAMPALA Guest Chair, red",CHAIR,,5,21578.88,107894.4,93042.15,14852.25,13.77
1004,2023-05-11,F 2023,Sales Invoice,SI103569,40000,C0026,AO,1928-S,DAKAR Meeting Table,TABLE,,1,163063.7,163063.7,106581.53,56482.17,34.64
1005,2023-05-11,F 2023,Sales Invoice,SI103569,50000,C0026,AO,1952-S,"ABUJA Whiteboard, base",MISC,NBI,5,55998.62,279993.1,179311.4,100681.7,35.96
1006,2023-06-06,F 2023,Sales Invoice,SI103570,10000,C0001,CM,2004-S,"LAGOS Executive Chair, grey",CHAIR,,5,35981.2,179906.0,133601.95,46304.05,25.74
1007,2023-06-06,F 2023,Sales Invoice,SI103570,20000,C0001,CM,2008-S,"ACCRA Stacking Chair, blue",CHAIR,NBI,11,14509.04,159599.44,93909.2,65690.24,41.16
1008,2023-06-06,F 2023,Sales Invoice,SI103570,30000,C0001,CM,1956-S,Conference Bundle 1-6,MISC,MBA,4,390479.06,1561916.24,937366.36,624549.88,39.99
1009,2023-06-06,F 2023,Sales Invoice,SI103570,40000,C0001,CM,1908-S,DUBAI Corner Desk,BENCH,,10,128360.33,1283603.3,810493.8,473109.5,36.86
1010,2022-11-16,F 2023,Sales Invoice,SI103571,10000,C0001,AO,2004-S,"LAGOS Executive Chair, grey",CHAIR,KSM,10,34585.23,345852.3,254654.4,91197.9,26.37
1011,2022-11-16,F 2023,Sales Invoice,SI103571,20000,C0001,AO,1976-S,LONDON Bookcase,MISC,NAK,4,49809.93,199239.72,147402.48,51837.24,26.02
1012,2022-11-16,F 2023,Sales Invoice,SI103571,30000,C0001,AO,1896-S,ADDIS ABABA Executive Desk,BENCH,,5,177508.44,887542.2,671883.8,215658.4,24.3
1013,2022-11-16,F 2023,Sales Invoice,SI103571,40000,C0001,AO,1936-S,ACCRA Round Table,TABLE,KSM,2,110474.71,220949.42,148437.62,72511.8,32.82
1014,2023-02-20,F 2023,Sales Invoice,SI103572,10000,C0032,CM,1936-S,ACCRA Round Table,TABLE,,5,102523.15,512615.75,375390.7,137225.05,26.77
1015,2023-02-20,F 2023,Sales Invoice,SI103572,20000,C0032,CM,1956-S,Conference Bundle 1-6,MISC,MBA,11,363934.43,4003278.73,2458331.15,1544947.58,38.59
1016,2023-09-09,F 2023,Sales Invoice,SI103573,10000,C0008,AO,1984-S,MADRID Monitor Stand,MISC,,6,11161.72,66970.32,45697.02,21273.3,31.77
1017,2023-09-09,F 2023,Sales Invoice,SI103573,20000,C0008,AO,1988-S,"KAMPALA Guest Chair, red",CHAIR,,8,26372.64,210981.12,148019.36,62961.76,29.84
1018,2023-02-08,F 2023,Sales Invoice,SI103574,10000,C0031,AO,2000-S,"KIGALI Ergonomic Chair, black",CHAIR,MBA,3,44617.38,133852.14,74430.78,59421.36,44.39
1019,2023-02-08,F 2023,Sales Invoice,SI103574,20000,C0031,AO,1952-S,"ABUJA Whiteboard, base",MISC,,7,57722.99,404060.93,236520.34,167540.59,41.46
1020,2023-02-08,F 2023,Sales Invoice,SI103574,30000,C0031,AO,1952-S,"ABUJA Whiteboard, base",MISC,NBI,8,49745.39,397963.12,304170.96,93792.16,23.57
1021,2023-05-05,F 2023,Sales Invoice,SI103575,10000,C0024,CM,1936-S,ACCRA Round Table,TABLE,KSM,9,103847.46,934627.14,661973.85,272653.29,29.17
1022,2023-05-05,F 2023,Sales Invoice,SI103575,20000,C0024,CM,1908-S,DUBAI Corner Desk,BENCH,,6,118572.21,711433.26,564350.58,147082.68,20.67
1023,2023-05-05,F 2023,Sales Invoice,SI103575,30000,C0024,CM,1920-S,LUANDA Conference Table,TABLE,,11,258097.91,2839077.01,1807169.21,1031907.8,36.35
1024,2023-05-05,F 2023,Sales Invoice,SI103575,40000,C0024,CM,1988-S,"KAMPALA Guest Chair, red",CHAIR,,5,25003.36,125016.8,91448.6,33568.2,26.85
1025,2023-06-22,F 2023,Sales Invoice,SI103576,10000,C0021,BM,1972-S,"MOMBASA Swivel Chair, yellow",CHAIR,,10,25916.71,259167.1,205291.7,53875.4,20.79
1026,2023-06-22,F 2023,Sales Invoice,SI103576,20000,C0021,BM,1900-S,CAIRO Writing Desk,BENCH,,12,95766.73,1149200.76,1020944.52,128256.24,11.16
1027,2023-06-22,F 2023,Sales Invoice,SI103576,30000,C0021,BM,2004-S,"LAGOS Executive Chair, grey",CHAIR,,5,41445.74,207228.7,108978.7,98250.0,47.41
1028,2023-04-12,F 2023,Sales Invoice,SI103577,10000,C0028,CM,1976-S,LONDON Bookcase,MISC,MBA,9,58403.01,525627.09,304451.91,221175.18,42.08
1029,2023-05-25,F 2023,Sales Invoice,SI103578,10000,C0015,AO,1896-S,ADDIS ABABA Executive Desk,BENCH,MBA,7,173920.43,1217443.01,918450.54,298992.47,24.56
1030,2022-12-27,F 2023,Sales Invoice,SI103579,10000,C0002,CM,1896-S,ADDIS ABABA Executive Desk,BENCH,,8,171570.51,1372564.08,1126021.44,246542.64,17.96
1031,2022-12-27,F 2023,Sales Invoice,SI103579,20000,C0002,CM,1988-S,"KAMPALA Guest Chair, red",CHAIR,,5,25598.22,127991.1,89554.35,38436.75,30.03
1032,2022-12-27,F 2023,Sales Invoice,SI103579,30000,C0002,CM,1964-S,Guest Section 1,MISC,KSM,10,135610.95,1356109.5,957672.2,398437.3,29.38
1033,2023-01-05,F 2023,Sales Invoice,SI103580,10000,C0004,AO,2000-S,"KIGALI Ergonomic Chair, black",CHAIR,,5,38257.95,191289.75,129631.55,61658.2,32.23
1034,2023-07-26,F 2023,Sales Invoice,SI103581,10000,C0006,BM,1972-S,"MOMBASA Swivel Chair, yellow",CHAIR,,6,27519.2,165115.2,110927.46,54187.74,32.82
1035,2023-04-15,F 2023,Sales Invoice,SI103582,10000,C0019,BM,1972-S,"MOMBASA Swivel Chair, yellow",CHAIR,,1,23828.6,23828.6,20637.05,3191.55,13.39
1036,2023-03-31,F 2023,Sales Invoice,SI103583,10000,C0032,NW,1920-S,LUANDA Conference Table,TABLE,,12,238168.85,2858026.2,2102505.0,755521.2,26.44
1037,2023-03-31,F 2023,Sales Invoice,SI103583,20000,C0032,NW,1896-S,ADDIS ABABA Executive Desk,BENCH,MBA,7,215373.34,1507613.38,868196.42,639416.96,42.41
1038,2023-03-31,F 2023,Sales Invoice,SI103583,30000,C0032,NW,1960-S,"NAIROBI Guest Chair, green",CHAIR,MBA,3,22198.43,66595.29,46284.27,20311.02,30.5
1039,2023-03-31,F 2023,Sales Invoice,SI103583,40000,C0032,NW,1964-S,Guest Section 1,MISC,,3,128299.84,384899.52,260781.12,124118.4,32.25
1040,2023-03-31,F 2023,Sales Invoice,SI103583,50000,C0032,NW,2000-S,"KIGALI Ergonomic Chair, black",CHAIR,NBI,6,36974.19,221845.14,182216.4,39628.74,17.86
1041,2023-02-21,F 2023,Sales Invoice,SI103584,10000,C0031,BM,1964-S,Guest Section 1,MISC,,10,144715.29,1447152.9,931207.8,515945.1,35.65
1042,2023-05-12,F 2023,Sales Invoice,SI103585,10000,C0004,CM,1952-S,"ABUJA Whiteboard, base",MISC,,3,47715.68,143147.04,105028.86,38118.18,26.63
1043,2023-05-12,F 2023,Sales Invoice,SI103585,20000,C0004,CM,1896-S,ADDIS ABABA Executive Desk,BENCH,,4,182389.91,729559.64,552963.6,176596.04,24.21
1044,2023-05-12,F 2023,Sales Invoice,SI103585,30000,C0004,CM,2000-S,"KIGALI Ergonomic Chair, black",CHAIR,MBA,12,40083.39,481000.68,342244.92,138755.76,28.85
1045,2023-05-12,F 2023,Sales Invoice,SI103585,40000,C0004,CM,1900-S,CAIRO Writing Desk,BENCH,,8,120511.93,964095.44,580123.2,383972.24,39.83
1046,2023-05-12,F 2023,Sales Invoice,SI103585,50000,C0004,CM,1900-S,CAIRO Writing Desk,BENCH,,12,125566.04,1506792.48,1027452.84,479339.64,31.81
1047,2023-05-12,F 2023,Sales Invoice,SI103585,60000,C0004,CM,1964-S,Guest Section 1,MISC,NBI,3,147584.52,442753.56,284356.74,158396.82,35.78
1048,2023-07-16,F 2023,Sales Invoice,SI103586,10000,C0010,CM,CM-001,Commercial Reception Desk,CM_COMMER,MBA,9,373073.05,3357657.45,2698401.15,659256.3,19.63
1049,2023-07-16,F 2023,Sales Invoice,SI103586,20000,C0010,CM,1988-S,"KAMPALA Guest Chair, red",CHAIR,,8,22465.27,179722.16,141506.4,38215.76,21.26
1050,2023-07-16,F 2023,Sales Invoice,SI103586,30000,C0010,CM,1928-S,DAKAR Meeting Table,TABLE,MBA,11,144593.65,1590530.15,1173759.62,416770.53,26.2
1051,2022-11-24,F 2023,Sales Invoice,SI103587,10000,C0002,CM,1956-S,Conference Bundle 1-6,MISC,,11,362174.62,3983920.82,2786722.4,1197198.42,30.05
1052,2023-09-02,F 2023,Sales Invoice,SI103588,10000,C0033,AO,1984-S,MADRID Monitor Stand,MISC,MBA,6,10432.58,62595.48,43695.42,18900.06,30.19
1053,2023-09-02,F 2023,Sales Invoice,SI103588,20000,C0033,AO,1952-S,"ABUJA Whiteboard, base",MISC,KSM,3,59858.74,179576.22,121199.55,58376.67,32.51
1054,2023-09-02,F 2023,Sales Invoice,SI103588,30000,C0033,AO,2004-S,"LAGOS Executive Chair, grey",CHAIR,,1,38003.15,38003.15,25522.59,12480.56,32.84
1055,2022-11-17,F 2023,Sales Invoice,SI103589,10000,C0002,AO,1964-S,Guest Section 1,MISC,,2,137066.43,274132.86,205620.04,68512.82,24.99
1056,2022-11-17,F 2023,Sales Invoice,SI103589,20000,C0002,AO,1896-S,ADDIS ABABA Executive Desk,BENCH,,11,173231.75,1905549.25,1478006.75,427542.5,22.44
1057,2022-11-17,F 2023,Sales Invoice,SI103589,30000,C0002,AO,1900-S,CAIRO Writing Desk,BENCH,MBA,7,95537.87,668765.09,539741.58,129023.51,19.29
1058,2022-11-17,F 2023,Sales Invoice,SI103589,40000,C0002,AO,1920-S,LUANDA Conference Table,TABLE,,6,230638.03,1383828.18,999488.58,384339.6,27.77
1059,2022-11-17,F 2023,Sales Invoice,SI103589,50000,C0002,AO,1900-S,CAIRO Writing Desk,BENCH,,7,119843.25,838902.75,554072.96,284829.79,33.95
1060,2023-05-05,F 2023,Sales Invoice,SI103590,10000,C0011,CM,1896-S,ADDIS ABABA Executive Desk,BENCH,KSM,1,188768.53,188768.53,127626.89,61141.64,32.39
1061,2023-05-05,F 2023,Sales Invoice,SI103590,20000,C0011,CM,1928-S,DAKAR Meeting Table,TABLE,,12,121862.04,1462344.48,1178427.12,283917.36,19.42
1062,2023-06-26,F 2023,Return Order,RO400021,10000,C0005,AO,1952-S,"ABUJA Whiteboard, base",MISC,MBA,-5,45257.27,-226286.35,-183788.5,-42497.85,18.78
1063,2023-02-05,F 2023,Return Order,RO400022,10000,C0003,BM,1972-S,"MOMBASA Swivel Chair, yellow",CHAIR,,-1,25397.94,-25397.94,-20620.01,-4777.93,18.81
1064,2023-05-26,F 2023,Return Order,RO400023,10000,C0010,BM,2000-S,"KIGALI Ergonomic Chair, black",CHAIR,KSM,-2,33798.45,-67596.9,-59133.68,-8463.22,12.52
1065,2023-05-25,F 2023,Return Order,RO400024,10000,C0002,AO,1972-S,"MOMBASA Swivel Chair, yellow",CHAIR,,-12,28955.63,-347467.56,-238312.56,-109155.0,31.41
1066,2023-05-25,F 2023,Return Order,RO400024,20000,C0002,AO,1928-S,DAKAR Meeting Table,TABLE,MBA,-10,164482.21,-1644822.1,-878513.4,-766308.7,46.59
1067,2023-01-04,F 2023,Return Order,RO400025,10000,C0001,AO,2000-S,"KIGALI Ergonomic Chair, black",CHAIR,,-11,34830.45,-383134.95,-277009.92,-106125.03,27.7
1068,2023-01-04,F 2023,Return Order,RO400025,20000,C0001,AO,1972-S,"MOMBASA Swivel Chair, yellow",CHAIR,,-3,24660.11,-73980.33,-55852.38,-18127.95,24.5
1069,2023-01-04,F 2023,Return Order,RO400025,30000,C0001,AO,1928-S,DAKAR Meeting Table,TABLE,,-12,160019.97,-1920239.64,-1098999.84,-821239.8,42.77
1070,2023-01-04,F 2023,Return Order,RO400025,40000,C0001,AO,CM-001,Commercial Reception Desk,CM_COMMER,KSM,-6,404162.04,-2424972.24,-1628814.42,-796157.82,32.83
1071,2023-01-04,F 2023,Return Order,RO400025,50000,C0001,AO,1952-S,"ABUJA Whiteboard, base",MISC,,-2,52151.42,-104302.84,-74138.84,-30164.0,28.92
1072,2023-01-04,F 2023,Return Order,RO400025,60000,C0001,AO,1960-S,"NAIROBI Guest Chair, green",CHAIR,KSM,-4,26477.48,-105909.92,-56799.72,-49110.2,46.37
1073,2023-08-29,F 2023,Return Order,RO400026,10000,C0025,AO,1908-S,DUBAI Corner Desk,BENCH,,-2,139845.39,-279690.78,-191777.4,-87913.38,31.43
1074,2023-08-29,F 2023,Return Order,RO400026,20000,C0025,AO,1960-S,"NAIROBI Guest Chair, green",CHAIR,,-3,23978.99,-71936.97,-49520.34,-22416.63,31.16
1075,2023-08-29,F 2023,Return Order,RO400026,30000,C0025,AO,1900-S,CAIRO Writing Desk,BENCH,,-1,123274.29,-123274.29,-69487.89,-53786.4,43.63
1076,2023-08-29,F 2023,Return Order,RO400026,40000,C0025,AO,1916-S,JOHANNESBURG Sit-Stand Desk,BENCH,,-7,154074.83,-1078523.81,-772650.69,-305873.12,28.36
1077,2023-05-10,F 2023,Return Order,RO400027,10000,C0026,CM,1920-S,LUANDA Conference Table,TABLE,,-9,205838.75,-1852548.75,-1286346.78,-566201.97,30.56
1078,2023-05-10,F 2023,Return Order,RO400027,20000,C0026,CM,1908-S,DUBAI Corner Desk,BENCH,NBI,-12,117852.36,-1414228.32,-1061963.88,-352264.44,24.91
1079,2023-05-10,F 2023,Return Order,RO400027,30000,C0026,CM,1900-S,CAIRO Writing Desk,BENCH,,-12,111237.3,-1334847.6,-987063.24,-347784.36,26.05
1080,2023-07-11,F 2023,Return Order,RO400028,10000,C0028,AO,1900-S,CAIRO Writing Desk,BENCH,,-8,116114.06,-928912.48,-668920.88,-259991.6,27.99
1081,2023-07-11,F 2023,Return Order,RO400028,20000,C0028,AO,1896-S,ADDIS ABABA Executive Desk,BENCH,,-3,164834.78,-494504.34,-386595.15,-107909.19,21.82
1082,2023-01-27,F 2023,Return Order,RO400029,10000,C0009,AO,1976-S,LONDON Bookcase,MISC,,-12,42770.08,-513240.96,-379741.92,-133499.04,26.01
1083,2023-01-27,F 2023,Return Order,RO400029,20000,C0009,AO,1936-S,ACCRA Round Table,TABLE,KSM,-7,112511.38,-787579.66,-516448.66,-271131.0,34.43
1084,2023-01-27,F 2023,Return Order,RO400029,30000,C0009,AO,1952-S,"ABUJA Whiteboard, base",MISC,KSM,-3,53366.5,-160099.5,-97583.64,-62515.86,39.05
1085,2023-09-07,F 2023,Return Order,RO400030,10000,C0002,AO,1900-S,CAIRO Writing Desk,BENCH,,-7,97947.9,-685635.3,-594053.67,-91581.63,13.36
1086,2023-07-13,F 2023,Return Order,RO400031,10000,C0001,AO,2008-S,"ACCRA Stacking Chair, blue",CHAIR,,-3,14334.66,-43003.98,-24974.97,-18029.01,41.92
1087,2023-07-13,F 2023,Return Order,RO400031,20000,C0001,AO,1952-S,"ABUJA Whiteboard, base",MISC,,-6,45625.45,-273752.7,-241535.94,-32216.76,11.77
1088,2023-07-13,F 2023,Return Order,RO400031,30000,C0001,AO,1988-S,"KAMPALA Guest Chair, red",CHAIR,KSM,-5,23653.74,-118268.7,-93303.2,-24965.5,21.11
1089,2023-07-13,F 2023,Return Order,RO400031,40000,C0001,AO,1952-S,"ABUJA Whiteboard, base",MISC,KSM,-9,55317.26,-497855.34,-348387.75,-149467.59,30.02
1090,2023-06-21,F 2023,Return Order,RO400032,10000,C0001,BM,1976-S,LONDON Bookcase,MISC,NAK,-8,53717.14,-429737.12,-265360.8,-164376.32,38.25
1091,2023-08-09,F 2023,Return Order,RO400033,10000,C0027,BM,1916-S,JOHANNESBURG Sit-Stand Desk,BENCH,NBI,-9,138311.52,-1244803.68,-901527.3,-343276.38,27.58
1092,2023-04-04,F 2023,Return Order,RO400034,10000,C0003,AO,1900-S,CAIRO Writing Desk,BENCH,,-12,104087.85,-1249054.2,-998212.08,-250842.12,20.08
1093,2023-04-04,F 2023,Return Order,RO400034,20000,C0003,AO,1956-S,Conference Bundle 1-6,MISC,,-2,344404.43,-688808.86,-536631.44,-152177.42,22.09
1094,2022-10-04,F 2023,Credit Memo,RC300016,10000,C0023,AO,1900-S,CAIRO Writing Desk,BENCH,,-2,107460.73,-214921.46,-163447.32,-51474.14,23.95
1095,2022-10-04,F 2023,Credit Memo,RC300016,20000,C0023,AO,1920-S,LUANDA Conference Table,TABLE,,-4,212395.54,-849582.16,-723968.08,-125614.08,14.79
1096,2023-01-25,F 2023,Credit Memo,RC300017,10000,C0005,AO,1968-S,OSLO Filing Cabinet,MISC,,-9,39203.06,-352827.54,-220541.94,-132285.6,37.49
1097,2023-01-25,F 2023,Credit Memo,RC300017,20000,C0005,AO,1980-S,"KISUMU Swivel Chair, red",CHAIR,,-1,34560.04,-34560.04,-17857.74,-16702.3,48.33
1098,2023-01-25,F 2023,Credit Memo,RC300017,30000,C0005,AO,2004-S,"LAGOS Executive Chair, grey",CHAIR,,-7,35295.49,-247068.43,-181655.39,-65413.04,26.48
1099,2023-01-25,F 2023,Credit Memo,RC300017,40000,C0005,AO,1952-S,"ABUJA Whiteboard, base",MISC,,-11,51006.97,-561076.67,-427421.39,-133655.28,23.82
1100,2023-01-25,F 2023,Credit Memo,RC300017,50000,C0005,AO,EM-001,Executive Meeting Room Set,EM_COMMER,NAK,-12,868001.94,-10416023.28,-5968277.4,-4447745.88,42.7
1101,2023-05-03,F 2023,Credit Memo,RC300018,10000,C0014,AO,2004-S,"LAGOS Executive Chair, grey",CHAIR,NBI,-12,39237.2,-470846.4,-255487.68,-215358.72,45.74
1102,2023-05-03,F 2023,Credit Memo,RC300018,20000,C0014,AO,1968-S,OSLO Filing Cabinet,MISC,,-10,33847.13,-338471.3,-273964.0,-64507.3,19.06
1103,2023-01-14,F 2023,Credit Memo,RC300019,10000,C0012,CM,1896-S,ADDIS ABABA Executive Desk,BENCH,,-6,189225.14,-1135350.84,-741423.12,-393927.72,34.7
1104,2023-01-14,F 2023,Credit Memo,RC300019,20000,C0012,CM,1988-S,"KAMPALA Guest Chair, red",CHAIR,,-5,28782.31,-143911.55,-82626.05,-61285.5,42.59
1105,2023-01-14,F 2023,Credit Memo,RC300019,30000,C0012,CM,1936-S,ACCRA Round Table,TABLE,,-3,106355.63,-319066.89,-210308.64,-108758.25,34.09
1106,2023-06-19,F 2023,Credit Memo,RC300020,10000,C0008,BM,1980-S,"KISUMU Swivel Chair, red",CHAIR,,-1,25909.23,-25909.23,-20569.36,-5339.87,20.61
1107,2023-06-19,F 2023,Credit Memo,RC300020,20000,C0008,BM,1956-S,Conference Bundle 1-6,MISC,,-5,391902.09,-1959510.45,-1287653.9,-671856.55,34.29
1108,2023-06-19,F 2023,Credit Memo,RC300020,30000,C0008,BM,1960-S,"NAIROBI Guest Chair, green",CHAIR,,-6,19734.13,-118404.78,-83631.6,-34773.18,29.37
1109,2023-08-30,F 2023,Credit Memo,RC300021,10000,C0006,CM,1960-S,"NAIROBI Guest Chair, green",CHAIR,NAK,-6,24409.2,-146455.2,-94130.82,-52324.38,35.73
1110,2023-08-30,F 2023,Credit Memo,RC300021,20000,C0006,CM,1916-S,JOHANNESBURG Sit-Stand Desk,BENCH,,-11,172865.63,-1901521.93,-1146247.3,-755274.63,39.72
1111,2023-03-03,F 2023,Credit Memo,RC300022,10000,C0021,AO,1928-S,DAKAR Meeting Table,TABLE,,-12,126578.14,-1518937.68,-1025771.28,-493166.4,32.47
1112,2023-03-03,F 2023,Credit Memo,RC300022,20000,C0021,AO,1908-S,DUBAI Corner Desk,BENCH,,-4,123724.67,-494898.68,-342098.6,-152800.08,30.88
1113,2023-03-03,F 2023,Credit Memo,RC300022,30000,C0021,AO,1936-S,ACCRA Round Table,TABLE,MBA,-7,92963.27,-650742.89,-430826.27,-219916.62,33.79
1114,2023-06-01,F 2023,Credit Memo,RC300023,10000,C0001,AO,1896-S,ADDIS ABABA Executive Desk,BENCH,,-9,170513.95,-1534625.55,-1137856.32,-396769.23,25.85
1115,2023-06-01,F 2023,Credit Memo,RC300023,20000,C0001,AO,1900-S,CAIRO Writing Desk,BENCH,MBA,-7,115703.19,-809922.33,-527104.62,-282817.71,34.92
1116,2023-06-01,F 2023,Credit Memo,RC300023,30000,C0001,AO,1944-S,HARARE Folding Table,TABLE,,-7,37351.99,-261463.93,-199259.97,-62203.96,23.79
1117,2023-09-30,F 2023,Credit Memo,RC300024,10000,C0033,AO,1908-S,DUBAI Corner Desk,BENCH,KSM,-12,114492.46,-1373909.52,-1086989.4,-286920.12,20.88
1118,2023-09-30,F 2023,Credit Memo,RC300024,20000,C0033,AO,1976-S,LONDON Bookcase,MISC,NBI,-6,47374.57,-284247.42,-198381.24,-85866.18,30.21
1119,2022-11-26,F 2023,Credit Memo,RC300025,10000,C0008,AO,1980-S,"KISUMU Swivel Chair, red",CHAIR,,-6,27916.13,-167496.78,-116768.64,-50728.14,30.29
1120,2023-10-15,F 2024,Invoice,INV500001,10000,C0002,CM,1960-S,"NAIROBI Guest Chair, green",CHAIR,NBI,5,19753.89,98769.45,83316.7,15452.75,15.65
1121,2023-10-15,F 2024,Invoice,INV500001,20000,C0002,CM,1900-S,CAIRO Writing Desk,BENCH,,2,128656.47,257312.94,171673.28,85639.66,33.28
1122,2023-10-15,F 2024,Invoice,INV500001,30000,C0002,CM,1900-S,CAIRO Writing Desk,BENCH,NBI,5,116339.66,581698.3,354469.45,227228.85,39.06
1123,2024-05-31,F 2024,Invoice,INV500002,10000,C0025,CM,1980-S,"KISUMU Swivel Chair, red",CHAIR,,11,28781.43,316595.73,200930.73,115665.0,36.53
1124,2024-03-15,F 2024,Invoice,INV500003,10000,C0010,AO,1896-S,ADDIS ABABA Executive Desk,BENCH,KSM,7,177532.81,1242729.67,894521.39,348208.28,28.02
1125,2024-03-15,F 2024,Invoice,INV500003,20000,C0010,AO,1896-S,ADDIS ABABA Executive Desk,BENCH,KSM,5,162854.22,814271.1,629966.25,184304.85,22.63
1126,2024-03-15,F 2024,Invoice,INV500003,30000,C0010,AO,1916-S,JOHANNESBURG Sit-Stand Desk,BENCH,KSM,12,156256.28,1875075.36,1303049.88,572025.48,30.51
1127,2023-11-13,F 2024,Invoice,INV500004,10000,C0010,AO,1960-S,"NAIROBI Guest Chair, green",CHAIR,,10,19696.14,196961.4,142942.0,54019.4,27.43
1128,2023-11-13,F 2024,Invoice,INV500004,20000,C0010,AO,1960-S,"NAIROBI Guest Chair, green",CHAIR,,11,20955.93,230515.23,172217.32,58297.91,25.29
1129,2024-01-14,F 2024,Invoice,INV500005,10000,C0016,AO,1896-S,ADDIS ABABA Executive Desk,BENCH,,9,195593.79,1760344.11,1067825.16,692518.95,39.34
1130,2024-01-14,F 2024,Invoice,INV500005,20000,C0016,AO,1964-S,Guest Section 1,MISC,,1,123056.82,123056.82,90546.2,32510.62,26.42
1131,2024-01-14,F 2024,Invoice,INV500005,30000,C0016,AO,1908-S,DUBAI Corner Desk,BENCH,,7,151204.53,1058431.71,594554.03,463877.68,43.83
1132,2024-01-14,F 2024,Invoice,INV500005,40000,C0016,AO,1980-S,"KISUMU Swivel Chair, red",CHAIR,,3,31112.57,93337.71,64378.71,28959.0,31.03
1133,2024-04-26,F 2024,Invoice,INV500006,10000,C0001,BM,1980-S,"KISUMU Swivel Chair, red",CHAIR,,12,28283.09,339397.08,230480.76,108916.32,32.09
1134,2024-04-26,F 2024,Invoice,INV500006,20000,C0001,BM,1896-S,ADDIS ABABA Executive Desk,BENCH,MBA,6,209272.99,1255637.94,834264.6,421373.34,33.56
1135,2024-04-26,F 2024,Invoice,INV500006,30000,C0001,BM,1960-S,"NAIROBI Guest Chair, green",CHAIR,,4,26358.62,105434.48,55490.32,49944.16,47.37
1136,2024-04-26,F 2024,Invoice,INV500006,40000,C0001,BM,1952-S,"ABUJA Whiteboard, base",MISC,,7,50658.43,354609.01,282927.12,71681.89,20.21
1137,2024-04-26,F 2024,Invoice,INV500006,50000,C0001,BM,1916-S,JOHANNESBURG Sit-Stand Desk,BENCH,,2,144772.4,289544.8,208278.06,81266.74,28.07
1138,2023-10-10,F 2024,Invoice,INV500007,10000,C0033,AO,1988-S,"KAMPALA Guest Chair, red",CHAIR,,9,28974.08,260766.72,168209.1,92557.62,35.49
1139,2023-10-10,F 2024,Invoice,INV500007,20000,C0033,AO,1896-S,ADDIS ABABA Executive Desk,BENCH,,11,176935.27,1946287.97,1473880.1,472407.87,24.27
1140,2023-10-10,F 2024,Invoice,INV500007,30000,C0033,AO,1908-S,DUBAI Corner Desk,BENCH,,3,131564.21,394692.63,270335.04,124357.59,31.51
1141,2024-07-11,F 2024,Invoice,INV500008,10000,C0001,AO,1956-S,Conference Bundle 1-6,MISC,,5,327360.01,1636800.05,1188560.25,448239.8,27.39
1142,2024-07-11,F 2024,Invoice,INV500008,20000,C0001,AO,1976-S,LONDON Bookcase,MISC,,5,55412.44,277062.2,165631.75,111430.45,40.22
1143,2024-03-28,F 2024,Sales Credit Memo,RC300026,10000,C0002,CM,2000-S,"KIGALI Ergonomic Chair, black",CHAIR,,-3,35059.53,-105178.59,-83764.23,-21414.36,20.36
1144,2024-03-28,F 2024,Sales Credit Memo,RC300026,20000,C0002,CM,1896-S,ADDIS ABABA Executive Desk,BENCH,ELD,-2,195496.33,-390992.66,-258803.46,-132189.2,33.81
1145,2024-03-28,F 2024,Sales Credit Memo,RC300026,30000,C0002,CM,1964-S,Guest Section 1,MISC,,-4,149420.16,-597680.64,-384569.04,-213111.6,35.66
1146,2024-03-28,F 2024,Sales Credit Memo,RC300026,40000,C0002,CM,1928-S,DAKAR Meeting Table,TABLE,KSM,-6,166522.29,-999133.74,-576639.42,-422494.32,42.29
1147,2024-02-17,F 2024,Sales Credit Memo,RC300027,10000,C0034,AO,1900-S,CAIRO Writing Desk,BENCH,,-10,121381.25,-1213812.5,-758626.5,-455186.0,37.5
1148,2024-02-17,F 2024,Sales Credit Memo,RC300027,20000,C0034,AO,1976-S,LONDON Bookcase,MISC,KSM,-10,46833.9,-468339.0,-355735.4,-112603.6,24.04
1149,2024-04-29,F 2024,Sales Credit Memo,RC300028,10000,C0017,BM,1896-S,ADDIS ABABA Executive Desk,BENCH,,-2,209488.37,-418976.74,-274165.16,-144811.58,34.56
1150,2024-04-29,F 2024,Sales Credit Memo,RC300028,20000,C0017,BM,1960-S,"NAIROBI Guest Chair, green",CHAIR,NAK,-11,22162.88,-243791.68,-167172.06,-76619.62,31.43
1151,2025-01-05,F 2025,Sales Invoice,SI103591,10000,C0004,CM,1952-S,"ABUJA Whiteboard, base",MISC,,12,56127.05,673524.6,410881.32,262643.28,39.0
1152,2024-11-19,F 2025,Sales Invoice,SI103592,10000,C0002,AO,2000-S,"KIGALI Ergonomic Chair, black",CHAIR,,12,42160.67,505928.04,347046.72,158881.32,31.4
1153,2024-12-17,F 2025,Sales Invoice,SI103593,10000,C0002,CM,1984-S,MADRID Monitor Stand,MISC,KSM,1,13324.74,13324.74,7361.56,5963.18,44.75
1154,2024-12-17,F 2025,Sales Invoice,SI103593,20000,C0002,CM,1988-S,"KAMPALA Guest Chair, red",CHAIR,,4,29187.89,116751.56,66865.08,49886.48,42.73
1155,2024-12-17,F 2025,Sales Invoice,SI103593,30000,C0002,CM,2000-S,"KIGALI Ergonomic Chair, black",CHAIR,KSM,9,38799.49,349195.41,247892.76,101302.65,29.01
1156,2024-12-17,F 2025,Sales Invoice,SI103593,40000,C0002,CM,1916-S,JOHANNESBURG Sit-Stand Desk,BENCH,,11,182289.25,2005181.75,1254166.1,751015.65,37.45
1157,2024-12-17,F 2025,Sales Invoice,SI103593,50000,C0002,CM,1944-S,HARARE Folding Table,TABLE,,3,44779.03,134337.09,94674.9,39662.19,29.52
1158,2024-12-17,F 2025,Sales Invoice,SI103593,60000,C0002,CM,1908-S,DUBAI Corner Desk,BENCH,ELD,5,125923.82,629619.1,484502.25,145116.85,23.05
1159,2025-03-27,F 2025,Sales Invoice,SI103594,10000,C0011,BM,1964-S,Guest Section 1,MISC,MBA,1,142777.88,142777.88,98150.51,44627.37,31.26
1160,2025-03-27,F 2025,Sales Invoice,SI103594,20000,C0011,BM,1960-S,"NAIROBI Guest Chair, green",CHAIR,,6,19755.99,118535.94,97086.84,21449.1,18.1
1161,2025-03-27,F 2025,Sales Invoice,SI103594,30000,C0011,BM,1928-S,DAKAR Meeting Table,TABLE,,8,152582.22,1220657.76,748996.88,471660.88,38.64
1162,2025-04-03,F 2025,Sales Invoice,SI103595,10000,C0002,AO,1896-S,ADDIS ABABA Executive Desk,BENCH,MBA,1,198876.36,198876.36,114000.79,84875.57,42.68
1163,2025-04-03,F 2025,Sales Invoice,SI103595,20000,C0002,AO,1952-S,"ABUJA Whiteboard, base",MISC,MBA,12,62253.31,747039.72,456655.8,290383.92,38.87
1164,2024-12-03,F 2025,Sales Invoice,SI103596,10000,C0003,AO,1920-S,LUANDA Conference Table,TABLE,,1,232704.1,232704.1,171824.31,60879.79,26.16
1165,2025-03-10,F 2025,Sales Invoice,SI103597,10000,C0026,CM,1900-S,CAIRO Writing Desk,BENCH,,6,130892.89,785357.34,454288.92,331068.42,42.16
1166,2024-11-30,F 2025,Sales Invoice,SI103598,10000,C0021,CM,1952-S,"ABUJA Whiteboard, base",MISC,NAK,11,45234.48,497579.28,378252.05,119327.23,23.98
1167,2024-11-30,F 2025,Sales Invoice,SI103598,20000,C0021,CM,1968-S,OSLO Filing Cabinet,MISC,,7,36666.83,256667.81,172273.71,84394.1,32.88
1168,2024-11-30,F 2025,Sales Invoice,SI103598,30000,C0021,CM,1972-S,"MOMBASA Swivel Chair, yellow",CHAIR,,8,28122.42,224979.36,150672.4,74306.96,33.03
1169,2024-10-27,F 2025,Sales Invoice,SI103599,10000,C0009,BM,1896-S,ADDIS ABABA Executive Desk,BENCH,NBI,2,186458.99,372917.98,249311.28,123606.7,33.15
1170,2025-04-20,F 2025,Sales Invoice,SI103600,10000,C0001,BM,1952-S,"ABUJA Whiteboard, base",MISC,MBA,10,58558.27,585582.7,372760.5,212822.2,36.34
1171,2025-04-20,F 2025,Sales Invoice,SI103600,20000,C0001,BM,1952-S,"ABUJA Whiteboard, base",MISC,,8,53803.15,430425.2,281135.28,149289.92,34.68
1172,2024-10-04,F 2025,Sales Invoice,SI103601,10000,C0001,BM,1988-S,"KAMPALA Guest Chair, red",CHAIR,,10,21281.02,212810.2,152055.4,60754.8,28.55
1173,2024-10-04,F 2025,Sales Invoice,SI103601,20000,C0001,BM,1900-S,CAIRO Writing Desk,BENCH,NBI,10,110574.45,1105744.5,855327.3,250417.2,22.65
1174,2024-10-04,F 2025,Sales Invoice,SI103601,30000,C0001,BM,1960-S,"NAIROBI Guest Chair, green",CHAIR,KSM,5,19986.81,99934.05,84037.95,15896.1,15.91
1175,2024-10-04,F 2025,Sales Invoice,SI103601,40000,C0001,BM,2008-S,"ACCRA Stacking Chair, blue",CHAIR,,10,11209.41,112094.1,78298.0,33796.1,30.15
1176,2024-12-19,F 2025,Sales Invoice,SI103602,10000,C0003,BM,1908-S,DUBAI Corner Desk,BENCH,,11,130033.77,1430371.47,905012.46,525359.01,36.73
1177,2024-12-19,F 2025,Sales Invoice,SI103602,20000,C0003,BM,1956-S,Conference Bundle 1-6,MISC,,1,355296.68,355296.68,243598.36,111698.32,31.44
1178,2024-12-19,F 2025,Sales Invoice,SI103602,30000,C0003,BM,1968-S,OSLO Filing Cabinet,MISC,KSM,2,35805.41,71610.82,51313.94,20296.88,28.34
1179,2024-12-19,F 2025,Sales Invoice,SI103602,40000,C0003,BM,BEAN-1,Coffee Beans 1kg (AA Grade),BEANS,,10,1528.38,15283.8,8568.6,6715.2,43.94
1180,2024-12-19,F 2025,Sales Invoice,SI103602,50000,C0003,BM,2004-S,"LAGOS Executive Chair, grey",CHAIR,,5,39666.33,198331.65,108914.45,89417.2,45.08
1181,2024-12-19,F 2025,Sales Invoice,SI103602,60000,C0003,BM,1952-S,"ABUJA Whiteboard, base",MISC,,1,59902.16,59902.16,37796.22,22105.94,36.9
1182,2025-03-27,F 2025,Sales Invoice,SI103603,10000,C0010,AO,1944-S,HARARE Folding Table,TABLE,,6,46695.34,280172.04,162741.78,117430.26,41.91
1183,2025-04-30,F 2025,Sales Invoice,SI103604,10000,C0004,JK,1960-S,"NAIROBI Guest Chair, green",CHAIR,,2,26430.46,52860.92,28531.58,24329.34,46.03
1184,2025-04-14,F 2025,Sales Invoice,SI103605,10000,C0034,AO,2000-S,"KIGALI Ergonomic Chair, black",CHAIR,,4,35849.0,143396.0,101027.6,42368.4,29.55
1185,2025-02-19,F 2025,Sales Invoice,SI103606,10000,C0002,AO,2000-S,"KIGALI Ergonomic Chair, black",CHAIR,,2,40872.63,81745.26,61051.7,20693.56,25.31
1186,2025-04-20,F 2025,Sales Invoice,SI103607,10000,C0004,CM,1896-S,ADDIS ABABA Executive Desk,BENCH,MBA,6,173257.81,1039546.86,750498.36,289048.5,27.81
1187,2025-04-23,F 2025,Sales Invoice,SI103608,10000,C0028,NW,1960-S,"NAIROBI Guest Chair, green",CHAIR,,3,20494.55,61483.65,47137.41,14346.24,23.33
1188,2025-04-23,F 2025,Sales Invoice,SI103608,20000,C0028,NW,1908-S,DUBAI Corner Desk,BENCH,NAK,12,129038.57,1548462.84,942000.48,606462.36,39.17
1189,2025-04-23,F 2025,Sales Invoice,SI103608,30000,C0028,NW,1988-S,"KAMPALA Guest Chair, red",CHAIR,NBI,1,26105.85,26105.85,15579.61,10526.24,40.32
1190,2025-04-23,F 2025,Sales Invoice,SI103608,40000,C0028,NW,2000-S,"KIGALI Ergonomic Chair, black",CHAIR,NBI,3,41294.37,123883.11,80298.96,43584.15,35.18
1191,2024-11-02,F 2025,Sales Invoice,SI103609,10000,C0034,CM,1988-S,"KAMPALA Guest Chair, red",CHAIR,,2,26847.56,53695.12,31227.44,22467.68,41.84
1192,2024-11-02,F 2025,Sales Invoice,SI103609,20000,C0034,CM,1980-S,"KISUMU Swivel Chair, red",CHAIR,,7,32398.89,226792.23,150373.3,76418.93,33.7
1193,2024-11-02,F 2025,Sales Invoice,SI103609,30000,C0034,CM,1900-S,CAIRO Writing Desk,BENCH,,8,97512.36,780098.88,557123.04,222975.84,28.58
1194,2024-11-02,F 2025,Sales Invoice,SI103609,40000,C0034,CM,1900-S,CAIRO Writing Desk,BENCH,,8,127428.36,1019426.88,569720.16,449706.72,44.11
1195,2025-04-21,F 2025,Sales Invoice,SI103610,10000,C0001,BM,1988-S,"KAMPALA Guest Chair, red",CHAIR,MBA,4,23747.86,94991.44,66515.36,28476.08,29.98
1196,2025-02-24,F 2025,Sales Invoice,SI103611,10000,C0025,AO,1972-S,"MOMBASA Swivel Chair, yellow",CHAIR,,2,25287.57,50575.14,40220.22,10354.92,20.47
1197,2024-10-11,F 2025,Sales Invoice,SI103612,10000,C0010,AO,1900-S,CAIRO Writing Desk,BENCH,,7,114704.35,802930.45,556995.11,245935.34,30.63
1198,2024-10-11,F 2025,Sales Invoice,SI103612,20000,C0010,AO,1960-S,"NAIROBI Guest Chair, green",CHAIR,,8,23557.51,188460.08,124848.4,63611.68,33.75
1199,2024-10-22,F 2025,Sales Invoice,SI103613,10000,C0006,AO,1972-S,"MOMBASA Swivel Chair, yellow",CHAIR,,5,28180.21,140901.05,89123.95,51777.1,36.75
1200,2024-10-22,F 2025,Sales Invoice,SI103613,20000,C0006,AO,1960-S,"NAIROBI Guest Chair, green",CHAIR,,4,25402.97,101611.88,62512.56,39099.32,38.48
1201,2025-04-09,F 2025,Sales Invoice,SI103614,10000,C0016,CM,1936-S,ACCRA Round Table,TABLE,KSM,3,110734.83,332204.49,212511.03,119693.46,36.03
1202,2024-12-06,F 2025,Sales Invoice,SI103615,10000,C0003,AO,1952-S,"ABUJA Whiteboard, base",MISC,KSM,7,50252.31,351766.17,262520.16,89246.01,25.37
1203,2024-12-06,F 2025,Sales Invoice,SI103615,20000,C0003,AO,1960-S,"NAIROBI Guest Chair, green",CHAIR,,11,19754.28,217297.08,152511.04,64786.04,29.81
1204,2024-12-06,F 2025,Sales Invoice,SI103615,30000,C0003,AO,1896-S,ADDIS ABABA Executive Desk,BENCH,,4,166223.24,664892.96,488085.08,176807.88,26.59
1205,2024-12-06,F 2025,Sales Invoice,SI103615,40000,C0003,AO,1920-S,LUANDA Conference Table,TABLE,,9,215765.91,1941893.19,1525687.29,416205.9,21.43
1206,2025-04-21,F 2025,Sales Invoice,SI103616,10000,C0025,AO,1976-S,LONDON Bookcase,MISC,,7,50419.32,352935.24,233329.81,119605.43,33.89
1207,2025-04-21,F 2025,Sales Invoice,SI103616,20000,C0025,AO,1896-S,ADDIS ABABA Executive Desk,BENCH,KSM,10,167457.79,1674577.9,1244275.7,430302.2,25.7
1208,2025-02-05,F 2025,Sales Invoice,SI103617,10000,C0025,CM,1896-S,ADDIS ABABA Executive Desk,BENCH,KSM,11,170412.86,1874541.46,1453788.71,420752.75,22.45
1209,2025-02-05,F 2025,Sales Invoice,SI103617,20000,C0025,CM,2000-S,"KIGALI Ergonomic Chair, black",CHAIR,MBA,10,42613.9,426139.0,284587.2,141551.8,33.22
1210,2024-11-09,F 2025,Sales Invoice,SI103618,10000,C0035,CM,1952-S,"ABUJA Whiteboard, base",MISC,,10,62538.24,625382.4,369810.3,255572.1,40.87
1211,2024-11-09,F 2025,Sales Invoice,SI103618,20000,C0035,CM,1976-S,LONDON Bookcase,MISC,,2,50073.3,100146.6,62129.64,38016.96,37.96
1212,2025-02-23,F 2025,Sales Invoice,SI103619,10000,C0013,CM,1980-S,"KISUMU Swivel Chair, red",CHAIR,KSM,11,28137.44,309511.84,217412.8,92099.04,29.76
1213,2025-02-23,F 2025,Sales Invoice,SI103619,20000,C0013,CM,1900-S,CAIRO Writing Desk,BENCH,,3,97181.47,291544.41,223185.12,68359.29,23.45
1214,2024-11-22,F 2025,Sales Invoice,SI103620,10000,C0013,AO,1960-S,"NAIROBI Guest Chair, green",CHAIR,MBA,9,19196.16,172765.44,124866.72,47898.72,27.72
1215,2025-01-09,F 2025,Sales Invoice,SI103621,10000,C0001,AO,1900-S,CAIRO Writing Desk,BENCH,,2,125330.38,250660.76,171143.12,79517.64,31.72
1216,2025-01-09,F 2025,Sales Invoice,SI103621,20000,C0001,AO,1964-S,Guest Section 1,MISC,,5,141334.44,706672.2,474426.55,232245.65,32.86
1217,2025-03-04,F 2025,Sales Invoice,SI103622,10000,C0004,BM,1936-S,ACCRA Round Table,TABLE,,8,106519.04,852152.32,529065.68,323086.64,37.91
1218,2024-10-17,F 2025,Sales Invoice,SI103623,10000,C0011,CM,2004-S,"LAGOS Executive Chair, grey",CHAIR,,10,40014.33,400143.3,239349.1,160794.2,40.18
1219,2025-04-07,F 2025,Sales Invoice,SI103624,10000,C0012,AO,2008-S,"ACCRA Stacking Chair, blue",CHAIR,NBI,12,10966.02,131592.24,87320.76,44271.48,33.64
1220,2025-04-07,F 2025,Sales Invoice,SI103624,20000,C0012,AO,1964-S,Guest Section 1,MISC,KSM,7,153059.67,1071417.69,631817.55,439600.14,41.03
1221,2025-04-07,F 2025,Sales Invoice,SI103624,30000,C0012,AO,1900-S,CAIRO Writing Desk,BENCH,,11,105358.56,1158944.16,854645.11,304299.05,26.26
1222,2025-04-07,F 2025,Sales Invoice,SI103624,40000,C0012,AO,1976-S,LONDON Bookcase,MISC,MBA,4,44822.69,179290.76,134606.96,44683.8,24.92
1223,2025-04-07,F 2025,Sales Invoice,SI103624,50000,C0012,AO,1908-S,DUBAI Corner Desk,BENCH,KSM,11,142354.03,1565894.33,1035629.43,530264.9,33.86
1224,2024-11-25,F 2025,Sales Invoice,SI103625,10000,C0005,CM,1972-S,"MOMBASA Swivel Chair, yellow",CHAIR,KSM,6,27848.06,167088.36,100695.96,66392.4,39.73
1225,2024-11-25,F 2025,Sales Invoice,SI103625,20000,C0005,CM,2004-S,"LAGOS Executive Chair, grey",CHAIR,,8,31512.93,252103.44,204677.2,47426.24,18.81
1226,2024-11-25,F 2025,Sales Invoice,SI103625,30000,C0005,CM,1960-S,"NAIROBI Guest Chair, green",CHAIR,,11,25237.87,277616.57,161857.41,115759.16,41.7
1227,2025-04-09,F 2025,Sales Invoice,SI103626,10000,C0002,AO,1988-S,"KAMPALA Guest Chair, red",CHAIR,KSM,12,27812.25,333747.0,179421.24,154325.76,46.24
1228,2025-02-02,F 2025,Sales Invoice,SI103627,10000,C0001,AO,1936-S,ACCRA Round Table,TABLE,NBI,8,107639.08,861112.64,546007.36,315105.28,36.59
1229,2025-02-02,F 2025,Sales Invoice,SI103627,20000,C0001,AO,1980-S,"KISUMU Swivel Chair, red",CHAIR,,1,34710.47,34710.47,18091.6,16618.87,47.88
1230,2025-02-02,F 2025,Sales Invoice,SI103627,30000,C0001,AO,1944-S,HARARE Folding Table,TABLE,KSM,3,48890.67,146672.01,93838.59,52833.42,36.02
1231,2024-11-09,F 2025,Sales Invoice,SI103628,10000,C0002,AO,1968-S,OSLO Filing Cabinet,MISC,NBI,9,34136.78,307231.02,246923.64,60307.38,19.63
1232,2024-11-09,F 2025,Sales Invoice,SI103628,20000,C0002,AO,1956-S,Conference Bundle 1-6,MISC,,11,351440.91,3865850.01,2597059.63,1268790.38,32.82
1233,2024-11-09,F 2025,Sales Invoice,SI103628,30000,C0002,AO,1936-S,ACCRA Round Table,TABLE,KSM,8,110832.52,886660.16,532103.44,354556.72,39.99
1234,2025-04-15,F 2025,Sales Invoice,SI103629,10000,C0002,AO,1988-S,"KAMPALA Guest Chair, red",CHAIR,,1,29214.55,29214.55,17911.35,11303.2,38.69
1235,2025-04-15,F 2025,Sales Invoice,SI103629,20000,C0002,AO,1988-S,"KAMPALA Guest Chair, red",CHAIR,,11,23019.17,253210.87,198580.25,54630.62,21.58
1236,2025-04-15,F 2025,Sales Invoice,SI103629,30000,C0002,AO,1956-S,Conference Bundle 1-6,MISC,,11,367493.24,4042425.64,2598387.99,1444037.65,35.72
1237,2025-04-15,F 2025,Sales Invoice,SI103629,40000,C0002,AO,1972-S,"MOMBASA Swivel Chair, yellow",CHAIR,,6,29282.82,175696.92,114537.0,61159.92,34.81
1238,2025-04-15,F 2025,Sales Invoice,SI103629,50000,C0002,AO,1976-S,LONDON Bookcase,MISC,,7,44786.31,313504.17,217393.12,96111.05,30.66
1239,2024-12-31,F 2025,Sales Invoice,SI103630,10000,C0001,AO,1960-S,"NAIROBI Guest Chair, green",CHAIR,NBI,4,20659.15,82636.6,56523.72,26112.88,31.6
1240,2024-12-31,F 2025,Sales Invoice,SI103630,20000,C0001,AO,1928-S,DAKAR Meeting Table,TABLE,,6,124351.1,746106.6,561161.88,184944.72,24.79
1241,2024-12-31,F 2025,Sales Invoice,SI103630,30000,C0001,AO,1952-S,"ABUJA Whiteboard, base",MISC,,8,49966.18,399729.44,294716.88,105012.56,26.27
1242,2025-05-06,F 2025,Sales Invoice,SI103631,10000,C0003,BM,2004-S,"LAGOS Executive Chair, grey",CHAIR,NAK,11,33966.6,373632.6,276928.85,96703.75,25.88
1243,2025-03-27,F 2025,Sales Invoice,SI103632,10000,C0002,AO,1936-S,ACCRA Round Table,TABLE,,11,93602.52,1029627.72,701040.56,328587.16,31.91
1244,2025-03-27,F 2025,Sales Invoice,SI103632,20000,C0002,AO,1916-S,JOHANNESBURG Sit-Stand Desk,BENCH,,7,179037.0,1253259.0,851902.59,401356.41,32.03
1245,2025-03-27,F 2025,Sales Invoice,SI103632,30000,C0002,AO,1936-S,ACCRA Round Table,TABLE,MBA,1,106342.71,106342.71,60942.65,45400.06,42.69
1246,2024-12-19,F 2025,Sales Invoice,SI103633,10000,C0005,AO,1972-S,"MOMBASA Swivel Chair, yellow",CHAIR,,3,31528.3,94584.9,59305.41,35279.49,37.3
1247,2024-11-22,F 2025,Sales Invoice,SI103634,10000,C0003,BM,PART-1,Chair Replacement Wheel Set,PARTS,,8,980.21,7841.68,3130.96,4710.72,60.07
1248,2024-11-22,F 2025,Sales Invoice,SI103634,20000,C0003,BM,1928-S,DAKAR Meeting Table,TABLE,KSM,1,162465.98,162465.98,88313.96,74152.02,45.64
1249,2024-11-22,F 2025,Sales Invoice,SI103634,30000,C0003,BM,2000-S,"KIGALI Ergonomic Chair, black",CHAIR,,1,44864.34,44864.34,25847.87,19016.47,42.39
1250,2024-11-22,F 2025,Sales Invoice,SI103635,10000,C0030,BM,1988-S,"KAMPALA Guest Chair, red",CHAIR,NBI,11,26902.06,295922.66,199368.84,96553.82,32.63
1251,2024-11-22,F 2025,Sales Invoice,SI103635,20000,C0030,BM,1908-S,DUBAI Corner Desk,BENCH,NBI,3,143167.22,429501.66,276729.66,152772.0,35.57
1252,2024-11-22,F 2025,Sales Invoice,SI103635,30000,C0030,BM,1960-S,"NAIROBI Guest Chair, green",CHAIR,MBA,4,22759.23,91036.92,61929.8,29107.12,31.97
1253,2024-11-02,F 2025,Sales Invoice,SI103636,10000,C0009,AO,1976-S,LONDON Bookcase,MISC,,4,46464.49,185857.96,133200.32,52657.64,28.33
1254,2024-11-02,F 2025,Sales Invoice,SI103636,20000,C0009,AO,1980-S,"KISUMU Swivel Chair, red",CHAIR,,4,29475.14,117900.56,82565.64,35334.92,29.97
1255,2024-11-02,F 2025,Sales Invoice,SI103636,30000,C0009,AO,2000-S,"KIGALI Ergonomic Chair, black",CHAIR,NBI,8,45047.43,360379.44,198515.44,161864.0,44.91
1256,2024-11-02,F 2025,Sales Invoice,SI103636,40000,C0009,AO,1900-S,CAIRO Writing Desk,BENCH,,6,114257.07,685542.42,437409.66,248132.76,36.2
1257,2025-02-07,F 2025,Sales Invoice,SI103637,10000,C0006,BM,1984-S,MADRID Monitor Stand,MISC,NBI,8,13907.89,111263.12,63538.64,47724.48,42.89
1258,2025-04-13,F 2025,Sales Invoice,SI103638,10000,C0003,CM,1916-S,JOHANNESBURG Sit-Stand Desk,BENCH,,3,183846.25,551538.75,313445.67,238093.08,43.17
1259,2025-04-13,F 2025,Sales Invoice,SI103638,20000,C0003,CM,1896-S,ADDIS ABABA Executive Desk,BENCH,KSM,10,159102.61,1591026.1,1364214.4,226811.7,14.26
1260,2024-11-20,F 2025,Sales Invoice,SI103639,10000,C0002,AO,1900-S,CAIRO Writing Desk,BENCH,,12,122281.48,1467377.76,975211.44,492166.32,33.54
1261,2025-01-10,F 2025,Sales Invoice,SI103640,10000,C0004,CM,1920-S,LUANDA Conference Table,TABLE,ELD,10,237305.32,2373053.2,1683819.1,689234.1,29.04
1262,2025-01-10,F 2025,Sales Invoice,SI103640,20000,C0004,CM,1972-S,"MOMBASA Swivel Chair, yellow",CHAIR,MBA,10,26141.76,261417.6,165611.9,95805.7,36.65
1263,2025-04-16,F 2025,Sales Invoice,SI103641,10000,C0018,CM,1900-S,CAIRO Writing Desk,BENCH,,12,114952.33,1379427.96,861426.0,518001.96,37.55
1264,2025-04-16,F 2025,Sales Invoice,SI103641,20000,C0018,CM,1896-S,ADDIS ABABA Executive Desk,BENCH,NBI,4,185463.28,741853.12,476592.32,265260.8,35.76
1265,2025-03-11,F 2025,Sales Invoice,SI103642,10000,C0001,BM,1980-S,"KISUMU Swivel Chair, red",CHAIR,,10,27689.21,276892.1,215760.5,61131.6,22.08
1266,2025-03-11,F 2025,Sales Invoice,SI103642,20000,C0001,BM,1920-S,LUANDA Conference Table,TABLE,KSM,11,227865.83,2506524.13,1815330.66,691193.47,27.58
1267,2025-03-11,F 2025,Sales Invoice,SI103642,30000,C0001,BM,1928-S,DAKAR Meeting Table,TABLE,MBA,7,148266.25,1037863.75,676610.69,361253.06,34.81
1268,2025-02-10,F 2025,Sales Invoice,SI103643,10000,C0028,CM,1896-S,ADDIS ABABA Executive Desk,BENCH,KSM,12,180162.17,2161946.04,1603296.0,558650.04,25.84
1269,2025-01-06,F 2025,Sales Invoice,SI103644,10000,C0019,BM,1976-S,LONDON Bookcase,MISC,NBI,2,42865.77,85731.54,61465.06,24266.48,28.31
1270,2025-01-06,F 2025,Sales Invoice,SI103644,20000,C0019,BM,1956-S,Conference Bundle 1-6,MISC,,5,390256.63,1951283.15,1213117.05,738166.1,37.83
1271,2025-01-06,F 2025,Sales Invoice,SI103644,30000,C0019,BM,2004-S,"LAGOS Executive Chair, grey",CHAIR,,3,31630.44,94891.32,78180.21,16711.11,17.61
1272,2025-03-28,F 2025,Sales Invoice,SI103645,10000,C0004,AO,1896-S,ADDIS ABABA Executive Desk,BENCH,,3,186181.76,558545.28,337982.28,220563.0,39.49
1273,2024-11-16,F 2025,Sales Invoice,SI103646,10000,C0001,AO,1988-S,"KAMPALA Guest Chair, red",CHAIR,KSM,4,28920.53,115682.12,62399.0,53283.12,46.06
1274,2024-11-16,F 2025,Sales Invoice,SI103646,20000,C0001,AO,2000-S,"KIGALI Ergonomic Chair, black",CHAIR,,7,42550.8,297855.6,175494.41,122361.19,41.08
1275,2025-03-12,F 2025,Sales Invoice,SI103647,10000,C0003,AO,2000-S,"KIGALI Ergonomic Chair, black",CHAIR,,6,42047.71,252286.26,151495.5,100790.76,39.95
1276,2025-03-12,F 2025,Sales Invoice,SI103647,20000,C0003,AO,1952-S,"ABUJA Whiteboard, base",MISC,,1,61363.37,61363.37,34520.41,26842.96,43.74
1277,2025-02-27,F 2025,Sales Invoice,SI103648,10000,C0001,CM,1952-S,"ABUJA Whiteboard, base",MISC,KSM,7,56498.74,395491.18,240193.87,155297.31,39.27
1278,2025-02-02,F 2025,Sales Invoice,SI103649,10000,C0003,AO,1896-S,ADDIS ABABA Executive Desk,BENCH,MBA,6,181896.48,1091378.88,842428.44,248950.44,22.81
1279,2025-02-02,F 2025,Sales Invoice,SI103649,20000,C0003,AO,1928-S,DAKAR Meeting Table,TABLE,NBI,7,129361.13,905527.91,662107.81,243420.1,26.88
1280,2025-04-25,F 2025,Sales Invoice,SI103650,10000,C0005,AO,1944-S,HARARE Folding Table,TABLE,,3,41360.59,124081.77,92736.12,31345.65,25.26
1281,2025-04-25,F 2025,Sales Invoice,SI103650,20000,C0005,AO,1984-S,MADRID Monitor Stand,MISC,KSM,4,11127.21,44508.84,34023.96,10484.88,23.56
1282,2025-04-25,F 2025,Sales Invoice,SI103650,30000,C0005,AO,1900-S,CAIRO Writing Desk,BENCH,,7,121208.68,848460.76,474460.49,374000.27,44.08
1283,2025-04-27,F 2025,Sales Invoice,SI103651,10000,C0011,AO,CM-001,Commercial Reception Desk,CM_COMMER,,12,415026.64,4980319.68,3063809.16,1916510.52,38.48
1284,2025-04-27,F 2025,Sales Invoice,SI103651,20000,C0011,AO,1896-S,ADDIS ABABA Executive Desk,BENCH,MBA,10,172908.24,1729082.4,1335290.7,393791.7,22.77
1285,2025-04-27,F 2025,Sales Invoice,SI103651,30000,C0011,AO,1976-S,LONDON Bookcase,MISC,MBA,8,42226.7,337813.6,284768.56,53045.04,15.7
1286,2025-04-27,F 2025,Sales Invoice,SI103651,40000,C0011,AO,1944-S,HARARE Folding Table,TABLE,NBI,5,48704.6,243523.0,164780.7,78742.3,32.33
1287,2025-02-24,F 2025,Sales Invoice,SI103652,10000,C0018,CM,1900-S,CAIRO Writing Desk,BENCH,,2,110808.72,221617.44,140405.2,81212.24,36.65
1288,2025-01-28,F 2025,Sales Invoice,SI103653,10000,C0005,AO,1928-S,DAKAR Meeting Table,TABLE,MBA,4,124892.39,499569.56,377111.48,122458.08,24.51
1289,2025-03-29,F 2025,Sales Invoice,SI103654,10000,C0005,AO,1980-S,"KISUMU Swivel Chair, red",CHAIR,,6,32188.98,193133.88,108549.9,84583.98,43.8
1290,2025-03-29,F 2025,Sales Invoice,SI103654,20000,C0005,AO,2000-S,"KIGALI Ergonomic Chair, black",CHAIR,KSM,8,37659.54,301276.32,240116.24,61160.08,20.3
1291,2025-03-29,F 2025,Sales Invoice,SI103654,30000,C0005,AO,1976-S,LONDON Bookcase,MISC,KSM,11,44315.01,487465.11,398545.84,88919.27,18.24
1292,2024-11-27,F 2025,Sales Invoice,SI103655,10000,C0021,CM,1928-S,DAKAR Meeting Table,TABLE,KSM,7,157091.52,1099640.64,619217.48,480423.16,43.69
1293,2024-11-27,F 2025,Sales Invoice,SI103655,20000,C0021,CM,1928-S,DAKAR Meeting Table,TABLE,,9,168406.85,1515661.65,798170.58,717491.07,47.34
1294,2024-11-27,F 2025,Sales Invoice,SI103655,30000,C0021,CM,2000-S,"KIGALI Ergonomic Chair, black",CHAIR,KSM,5,40490.18,202450.9,121279.65,81171.25,40.09
1295,2024-11-18,F 2025,Sales Invoice,SI103656,10000,C0002,BM,1964-S,Guest Section 1,MISC,,7,147966.43,1035765.01,655439.89,380325.12,36.72
1296,2024-11-18,F 2025,Sales Invoice,SI103656,20000,C0002,BM,1908-S,DUBAI Corner Desk,BENCH,,7,141492.33,990446.31,638542.94,351903.37,35.53
1297,2025-03-23,F 2025,Sales Invoice,SI103657,10000,C0002,CM,1920-S,LUANDA Conference Table,TABLE,,2,213288.97,426577.94,317134.56,109443.38,25.66
1298,2025-03-23,F 2025,Sales Invoice,SI103657,20000,C0002,CM,1980-S,"KISUMU Swivel Chair, red",CHAIR,,5,31758.72,158793.6,108639.1,50154.5,31.58
1299,2025-03-23,F 2025,Sales Invoice,SI103657,30000,C0002,CM,1920-S,LUANDA Conference Table,TABLE,NBI,3,208229.87,624689.61,439398.24,185291.37,29.66
1300,2024-10-09,F 2025,Sales Invoice,SI103658,10000,C0004,BM,1972-S,"MOMBASA Swivel Chair, yellow",CHAIR,,12,29654.29,355851.48,226772.52,129078.96,36.27
1301,2024-10-09,F 2025,Sales Invoice,SI103658,20000,C0004,BM,2000-S,"KIGALI Ergonomic Chair, black",CHAIR,,7,38580.86,270066.02,213902.08,56163.94,20.8
1302,2024-10-09,F 2025,Sales Invoice,SI103658,30000,C0004,BM,1936-S,ACCRA Round Table,TABLE,KSM,12,94424.83,1133097.96,739983.0,393114.96,34.69
1303,2024-10-09,F 2025,Sales Invoice,SI103658,40000,C0004,BM,1976-S,LONDON Bookcase,MISC,,3,46599.27,139797.81,91822.41,47975.4,34.32
1304,2024-10-09,F 2025,Sales Invoice,SI103658,50000,C0004,BM,1956-S,Conference Bundle 1-6,MISC,,3,363482.55,1090447.65,752641.38,337806.27,30.98
1305,2024-10-09,F 2025,Sales Invoice,SI103658,60000,C0004,BM,1928-S,DAKAR Meeting Table,TABLE,,6,150222.32,901333.92,620966.46,280367.46,31.11
1306,2024-12-12,F 2025,Sales Invoice,SI103659,10000,C0030,AO,1908-S,DUBAI Corner Desk,BENCH,,2,140121.42,280242.84,191778.46,88464.38,31.57
1307,2024-12-12,F 2025,Sales Invoice,SI103659,20000,C0030,AO,1952-S,"ABUJA Whiteboard, base",MISC,,12,56565.51,678786.12,417149.4,261636.72,38.54
1308,2024-12-12,F 2025,Sales Invoice,SI103659,30000,C0030,AO,1896-S,ADDIS ABABA Executive Desk,BENCH,,8,190900.3,1527202.4,1026340.24,500862.16,32.8
1309,2025-04-10,F 2025,Sales Invoice,SI103660,10000,C0012,AO,1964-S,Guest Section 1,MISC,,2,152453.59,304907.18,180676.72,124230.46,40.74
1310,2025-04-10,F 2025,Sales Invoice,SI103660,20000,C0012,AO,1976-S,LONDON Bookcase,MISC,,7,42966.39,300764.73,260728.79,40035.94,13.31
1311,2024-12-31,F 2025,Sales Invoice,SI103661,10000,C0002,CM,EM-001,Executive Meeting Room Set,EM_COMMER,,11,867955.99,9547515.89,5603116.86,3944399.03,41.31
1312,2025-04-03,F 2025,Sales Invoice,SI103662,10000,C0001,AO,1900-S,CAIRO Writing Desk,BENCH,KSM,12,99367.01,1192404.12,923907.48,268496.64,22.52
1313,2025-04-17,F 2025,Sales Invoice,SI103663,10000,C0023,BM,1952-S,"ABUJA Whiteboard, base",MISC,,11,55437.83,609816.13,404225.69,205590.44,33.71
1314,2025-04-17,F 2025,Sales Invoice,SI103663,20000,C0023,BM,1960-S,"NAIROBI Guest Chair, green",CHAIR,KSM,2,26384.4,52768.8,33952.3,18816.5,35.66
1315,2025-04-17,F 2025,Sales Invoice,SI103663,30000,C0023,BM,1908-S,DUBAI Corner Desk,BENCH,,1,150565.36,150565.36,80683.32,69882.04,46.41
1316,2025-03-27,F 2025,Sales Invoice,SI103664,10000,C0023,BM,1900-S,CAIRO Writing Desk,BENCH,,11,127015.69,1397172.59,860900.37,536272.22,38.38
1317,2024-12-23,F 2025,Sales Invoice,SI103665,10000,C0029,AO,1980-S,"KISUMU Swivel Chair, red",CHAIR,,12,28632.29,343587.48,250537.44,93050.04,27.08
1318,2024-12-23,F 2025,Sales Invoice,SI103665,20000,C0029,AO,1956-S,Conference Bundle 1-6,MISC,,8,387798.24,3102385.92,2173774.72,928611.2,29.93
1319,2024-12-23,F 2025,Sales Invoice,SI103665,30000,C0029,AO,1956-S,Conference Bundle 1-6,MISC,NAK,11,388685.84,4275544.24,2382394.74,1893149.5,44.28
1320,2024-12-23,F 2025,Sales Invoice,SI103665,40000,C0029,AO,1968-S,OSLO Filing Cabinet,MISC,,3,31402.29,94206.87,69304.95,24901.92,26.43
1321,2025-01-23,F 2025,Sales Invoice,SI103666,10000,C0002,CM,1988-S,"KAMPALA Guest Chair, red",CHAIR,KSM,3,21405.94,64217.82,45083.43,19134.39,29.8
1322,2024-10-22,F 2025,Sales Invoice,SI103667,10000,C0008,CM,1908-S,DUBAI Corner Desk,BENCH,,7,144360.54,1010523.78,620482.87,390040.91,38.6
1323,2024-10-22,F 2025,Sales Invoice,SI103667,20000,C0008,CM,1960-S,"NAIROBI Guest Chair, green",CHAIR,,9,23792.14,214129.26,136834.47,77294.79,36.1
1324,2024-11-05,F 2025,Sales Invoice,SI103668,10000,C0016,BM,BEAN-1,Coffee Beans 1kg (AA Grade),BEANS,KSM,6,1579.35,9476.1,5661.54,3814.56,40.25
1325,2024-11-05,F 2025,Sales Invoice,SI103668,20000,C0016,BM,1928-S,DAKAR Meeting Table,TABLE,,1,125439.77,125439.77,97851.23,27588.54,21.99
1326,2025-05-02,F 2025,Sales Invoice,SI103669,10000,C0002,AO,1920-S,LUANDA Conference Table,TABLE,,5,249631.04,1248155.2,766739.75,481415.45,38.57
1327,2025-05-02,F 2025,Sales Invoice,SI103669,20000,C0002,AO,2000-S,"KIGALI Ergonomic Chair, black",CHAIR,,7,37614.64,263302.48,193022.27,70280.21,26.69
1328,2024-12-05,F 2025,Sales Invoice,SI103670,10000,C0032,BM,1988-S,"KAMPALA Guest Chair, red",CHAIR,KSM,11,22742.97,250172.67,198463.1,51709.57,20.67
1329,2024-11-19,F 2025,Sales Invoice,SI103671,10000,C0009,BM,1908-S,DUBAI Corner Desk,BENCH,ELD,3,133511.14,400533.42,258537.42,141996.0,35.45
1330,2024-11-19,F 2025,Sales Invoice,SI103671,20000,C0009,BM,1896-S,ADDIS ABABA Executive Desk,BENCH,,1,198092.3,198092.3,138276.65,59815.65,30.2
1331,2024-11-19,F 2025,Sales Invoice,SI103671,30000,C0009,BM,1908-S,DUBAI Corner Desk,BENCH,KSM,11,139717.29,1536890.19,872127.08,664763.11,43.25
1332,2025-01-01,F 2025,Sales Invoice,SI103672,10000,C0022,CM,1952-S,"ABUJA Whiteboard, base",MISC,NAK,5,57269.84,286349.2,192572.2,93777.0,32.75
1333,2025-01-05,F 2025,Sales Invoice,SI103673,10000,C0022,CM,1908-S,DUBAI Corner Desk,BENCH,,5,146813.48,734067.4,395549.6,338517.8,46.12
1334,2024-12-29,F 2025,Sales Invoice,SI103674,10000,C0027,BM,1920-S,LUANDA Conference Table,TABLE,,1,208192.7,208192.7,159452.72,48739.98,23.41
1335,2024-12-29,F 2025,Sales Invoice,SI103674,20000,C0027,BM,2008-S,"ACCRA Stacking Chair, blue",CHAIR,,12,12495.16,149941.92,100970.16,48971.76,32.66
1336,2025-05-06,F 2025,Sales Invoice,SI103675,10000,C0009,AO,1936-S,ACCRA Round Table,TABLE,,12,94254.51,1131054.12,856985.16,274068.96,24.23
1337,2025-04-07,F 2025,Sales Invoice,SI103676,10000,C0030,AO,2008-S,"ACCRA Stacking Chair, blue",CHAIR,,4,13680.21,54720.84,29804.24,24916.6,45.53
1338,2025-04-07,F 2025,Sales Invoice,SI103676,20000,C0030,AO,1896-S,ADDIS ABABA Executive Desk,BENCH,,6,202634.55,1215807.3,805140.42,410666.88,33.78
1339,2025-04-07,F 2025,Sales Invoice,SI103676,30000,C0030,AO,1896-S,ADDIS ABABA Executive Desk,BENCH,,12,169060.11,2028721.32,1702999.92,325721.4,16.06
1340,2025-05-08,F 2025,Sales Invoice,SI103677,10000,C0003,AO,1956-S,Conference Bundle 1-6,MISC,MBA,11,359952.3,3959475.3,2878036.04,1081439.26,27.31
1341,2025-05-08,F 2025,Sales Invoice,SI103677,20000,C0003,AO,1980-S,"KISUMU Swivel Chair, red",CHAIR,MBA,1,32091.65,32091.65,18401.42,13690.23,42.66
1342,2025-05-08,F 2025,Sales Invoice,SI103677,30000,C0003,AO,1952-S,"ABUJA Whiteboard, base",MISC,,1,47270.02,47270.02,38962.65,8307.37,17.57
1343,2025-04-06,F 2025,Sales Invoice,SI103678,10000,C0006,AO,1928-S,DAKAR Meeting Table,TABLE,,9,134233.0,1208097.0,953961.66,254135.34,21.04
1344,2025-04-06,F 2025,Sales Invoice,SI103678,20000,C0006,AO,1968-S,OSLO Filing Cabinet,MISC,,12,39764.59,477175.08,260791.32,216383.76,45.35
1345,2025-04-06,F 2025,Sales Invoice,SI103678,30000,C0006,AO,2008-S,"ACCRA Stacking Chair, blue",CHAIR,THK,12,13954.32,167451.84,93015.12,74436.72,44.45
1346,2025-02-13,F 2025,Sales Invoice,SI103679,10000,C0001,BM,1980-S,"KISUMU Swivel Chair, red",CHAIR,,9,25696.79,231271.11,189172.35,42098.76,18.2
1347,2025-02-13,F 2025,Sales Invoice,SI103679,20000,C0001,BM,1972-S,"MOMBASA Swivel Chair, yellow",CHAIR,,6,28087.97,168527.82,99733.14,68794.68,40.82
1348,2025-01-04,F 2025,Sales Invoice,SI103680,10000,C0004,CM,1956-S,Conference Bundle 1-6,MISC,,2,352075.77,704151.54,473550.58,230600.96,32.75
1349,2025-01-04,F 2025,Sales Invoice,SI103680,20000,C0004,CM,1960-S,"NAIROBI Guest Chair, green",CHAIR,,11,22834.6,251180.6,169884.0,81296.6,32.37
1350,2025-01-04,F 2025,Sales Invoice,SI103680,30000,C0004,CM,1976-S,LONDON Bookcase,MISC,MBA,11,48081.18,528892.98,352019.25,176873.73,33.44
1351,2025-03-08,F 2025,Sales Invoice,SI103681,10000,C0001,CM,1900-S,CAIRO Writing Desk,BENCH,MBA,5,99003.37,495016.85,391829.5,103187.35,20.85
1352,2024-11-17,F 2025,Sales Invoice,SI103682,10000,C0001,AO,1988-S,"KAMPALA Guest Chair, red",CHAIR,,9,26995.22,242956.98,141344.37,101612.61,41.82
1353,2024-11-17,F 2025,Sales Invoice,SI103682,20000,C0001,AO,1900-S,CAIRO Writing Desk,BENCH,,3,114006.17,342018.51,205721.46,136297.05,39.85
1354,2025-01-04,F 2025,Sales Invoice,SI103683,10000,C0005,AO,1956-S,Conference Bundle 1-6,MISC,,2,399437.77,798875.54,459959.26,338916.28,42.42
1355,2024-11-05,F 2025,Sales Invoice,SI103684,10000,C0005,AO,1964-S,Guest Section 1,MISC,,4,139789.84,559159.36,369327.72,189831.64,33.95
1356,2024-11-05,F 2025,Sales Invoice,SI103684,20000,C0005,AO,1896-S,ADDIS ABABA Executive Desk,BENCH,,6,168211.72,1009270.32,847471.44,161798.88,16.03
1357,2025-01-31,F 2025,Sales Invoice,SI103685,10000,C0034,CM,1900-S,CAIRO Writing Desk,BENCH,,8,126892.65,1015141.2,623815.52,391325.68,38.55
1358,2025-04-14,F 2025,Sales Invoice,SI103686,10000,C0005,CM,1944-S,HARARE Folding Table,TABLE,NBI,7,50094.72,350663.04,218427.37,132235.67,37.71
1359,2025-04-14,F 2025,Sales Invoice,SI103686,20000,C0005,CM,1972-S,"MOMBASA Swivel Chair, yellow",CHAIR,,6,26686.58,160119.48,106252.8,53866.68,33.64
1360,2025-04-14,F 2025,Sales Invoice,SI103686,30000,C0005,CM,1928-S,DAKAR Meeting Table,TABLE,,6,141193.15,847158.9,612769.8,234389.1,27.67
1361,2025-01-31,F 2025,Sales Invoice,SI103687,10000,C0006,AO,1988-S,"KAMPALA Guest Chair, red",CHAIR,,3,23299.98,69899.94,45294.12,24605.82,35.2
1362,2025-01-31,F 2025,Sales Invoice,SI103687,20000,C0006,AO,1972-S,"MOMBASA Swivel Chair, yellow",CHAIR,NBI,5,26271.72,131358.6,92545.3,38813.3,29.55
1363,2025-01-31,F 2025,Sales Invoice,SI103687,30000,C0006,AO,1988-S,"KAMPALA Guest Chair, red",CHAIR,KSM,12,28461.49,341537.88,186085.44,155452.44,45.52
1364,2025-03-06,F 2025,Sales Invoice,SI103688,10000,C0035,AO,1920-S,LUANDA Conference Table,TABLE,,4,264357.28,1057429.12,722869.48,334559.64,31.64
1365,2025-03-06,F 2025,Sales Invoice,SI103688,20000,C0035,AO,1988-S,"KAMPALA Guest Chair, red",CHAIR,,3,28888.19,86664.57,45185.73,41478.84,47.86
1366,2025-03-06,F 2025,Sales Invoice,SI103688,30000,C0035,AO,1960-S,"NAIROBI Guest Chair, green",CHAIR,NAK,7,22578.32,158048.24,100841.02,57207.22,36.2
1367,2024-11-26,F 2025,Sales Invoice,SI103689,10000,C0006,AO,1928-S,DAKAR Meeting Table,TABLE,MBA,5,161418.31,807091.55,464897.85,342193.7,42.4
1368,2024-11-26,F 2025,Sales Invoice,SI103689,20000,C0006,AO,1936-S,ACCRA Round Table,TABLE,,4,102219.5,408878.0,238116.4,170761.6,41.76
1369,2024-10-14,F 2025,Sales Invoice,SI103690,10000,C0004,BM,2000-S,"KIGALI Ergonomic Chair, black",CHAIR,MBA,10,36190.75,361907.5,279211.2,82696.3,22.85
1370,2025-01-02,F 2025,Sales Invoice,SI103691,10000,C0001,AO,1928-S,DAKAR Meeting Table,TABLE,,3,135891.48,407674.44,299570.58,108103.86,26.52
1371,2025-01-02,F 2025,Sales Invoice,SI103691,20000,C0001,AO,1952-S,"ABUJA Whiteboard, base",MISC,,9,53164.08,478476.72,335728.89,142747.83,29.83
1372,2025-01-02,F 2025,Sales Invoice,SI103691,30000,C0001,AO,1916-S,JOHANNESBURG Sit-Stand Desk,BENCH,KSM,2,160023.83,320047.66,232263.12,87784.54,27.43
1373,2024-10-31,F 2025,Sales Invoice,SI103692,10000,C0033,AO,1956-S,Conference Bundle 1-6,MISC,,4,321900.27,1287601.08,1074184.28,213416.8,16.57
1374,2024-10-31,F 2025,Sales Invoice,SI103692,20000,C0033,AO,1908-S,DUBAI Corner Desk,BENCH,KSM,6,143124.69,858748.14,498518.94,360229.2,41.95
1375,2024-10-31,F 2025,Sales Invoice,SI103692,30000,C0033,AO,1908-S,DUBAI Corner Desk,BENCH,,3,110773.61,332320.83,259767.51,72553.32,21.83
1376,2024-10-31,F 2025,Sales Invoice,SI103692,40000,C0033,AO,1988-S,"KAMPALA Guest Chair, red",CHAIR,,9,22986.85,206881.65,145627.02,61254.63,29.61
1377,2025-04-02,F 2025,Sales Invoice,SI103693,10000,C0005,AO,1908-S,DUBAI Corner Desk,BENCH,,9,146517.72,1318659.48,868605.3,450054.18,34.13
1378,2025-04-02,F 2025,Sales Invoice,SI103693,20000,C0005,AO,1984-S,MADRID Monitor Stand,MISC,NBI,5,13965.92,69829.6,36094.4,33735.2,48.31
1379,2025-03-27,F 2025,Sales Invoice,SI103694,10000,C0023,AO,1908-S,DUBAI Corner Desk,BENCH,KSM,9,138698.34,1248285.06,863216.01,385069.05,30.85
1380,2025-03-27,F 2025,Sales Invoice,SI103694,20000,C0023,AO,1896-S,ADDIS ABABA Executive Desk,BENCH,,7,203826.44,1426785.08,810833.17,615951.91,43.17
1381,2024-11-10,F 2025,Sales Invoice,SI103695,10000,C0010,BM,1976-S,LONDON Bookcase,MISC,,9,50729.52,456565.68,286771.05,169794.63,37.19
1382,2024-12-17,F 2025,Sales Invoice,SI103696,10000,C0003,CM,1972-S,"MOMBASA Swivel Chair, yellow",CHAIR,,4,27333.98,109335.92,66183.72,43152.2,39.47
1383,2024-11-07,F 2025,Sales Invoice,SI103697,10000,C0003,CM,1964-S,Guest Section 1,MISC,NBI,1,163880.52,163880.52,99825.68,64054.84,39.09
1384,2025-02-14,F 2025,Sales Invoice,SI103698,10000,C0012,AO,CM-001,Commercial Reception Desk,CM_COMMER,,6,362847.9,2177087.4,1849857.84,327229.56,15.03
1385,2025-02-14,F 2025,Sales Invoice,SI103698,20000,C0012,AO,1936-S,ACCRA Round Table,TABLE,NAK,7,113464.38,794250.66,474740.7,319509.96,40.23
1386,2025-02-14,F 2025,Sales Invoice,SI103698,30000,C0012,AO,1920-S,LUANDA Conference Table,TABLE,NAK,1,256263.24,256263.24,157042.49,99220.75,38.72
1387,2024-11-15,F 2025,Sales Invoice,SI103699,10000,C0001,AO,1964-S,Guest Section 1,MISC,,10,162852.83,1628528.3,855357.8,773170.5,47.48
1388,2024-11-15,F 2025,Sales Invoice,SI103699,20000,C0001,AO,1928-S,DAKAR Meeting Table,TABLE,NBI,11,126060.28,1386663.08,973150.2,413512.88,29.82
1389,2024-11-15,F 2025,Sales Invoice,SI103699,30000,C0001,AO,1988-S,"KAMPALA Guest Chair, red",CHAIR,NBI,5,27790.58,138952.9,75428.6,63524.3,45.72
1390,2025-01-10,F 2025,Sales Invoice,SI103700,10000,C0002,AO,2008-S,"ACCRA Stacking Chair, blue",CHAIR,,8,12967.26,103738.08,64576.4,39161.68,37.75
1391,2025-01-10,F 2025,Sales Invoice,SI103700,20000,C0002,AO,1964-S,Guest Section 1,MISC,,4,162378.69,649514.76,355993.6,293521.16,45.19
1392,2025-01-10,F 2025,Sales Invoice,SI103700,30000,C0002,AO,2000-S,"KIGALI Ergonomic Chair, black",CHAIR,,5,36977.02,184885.1,131395.3,53489.8,28.93
1393,2025-03-05,F 2025,Sales Invoice,SI103701,10000,C0002,AO,1896-S,ADDIS ABABA Executive Desk,BENCH,,11,208368.41,2292052.51,1475829.19,816223.32,35.61
1394,2025-03-05,F 2025,Sales Invoice,SI103701,20000,C0002,AO,1944-S,HARARE Folding Table,TABLE,,1,47530.99,47530.99,28211.85,19319.14,40.65
1395,2025-04-30,F 2025,Sales Invoice,SI103702,10000,C0024,AO,1972-S,"MOMBASA Swivel Chair, yellow",CHAIR,,2,25373.13,50746.26,33223.22,17523.04,34.53
1396,2025-04-30,F 2025,Sales Invoice,SI103702,20000,C0024,AO,1952-S,"ABUJA Whiteboard, base",MISC,KSM,1,48595.44,48595.44,38952.25,9643.19,19.84
1397,2025-04-30,F 2025,Sales Invoice,SI103702,30000,C0024,AO,2004-S,"LAGOS Executive Chair, grey",CHAIR,KSM,12,37024.85,444298.2,264181.92,180116.28,40.54
1398,2025-04-30,F 2025,Sales Invoice,SI103702,40000,C0024,AO,1968-S,OSLO Filing Cabinet,MISC,,3,32552.77,97658.31,72901.2,24757.11,25.35
1399,2025-04-30,F 2025,Sales Invoice,SI103702,50000,C0024,AO,1908-S,DUBAI Corner Desk,BENCH,NBI,5,127939.39,639696.95,446315.2,193381.75,30.23
1400,2024-10-27,F 2025,Sales Invoice,SI103703,10000,C0001,BM,1896-S,ADDIS ABABA Executive Desk,BENCH,,1,218477.61,218477.61,119018.58,99459.03,45.52
1401,2024-10-27,F 2025,Sales Invoice,SI103703,20000,C0001,BM,1980-S,"KISUMU Swivel Chair, red",CHAIR,KSM,11,28076.38,308840.18,207592.44,101247.74,32.78
1402,2024-10-27,F 2025,Sales Invoice,SI103703,30000,C0001,BM,1936-S,ACCRA Round Table,TABLE,,12,88067.58,1056810.96,743440.44,313370.52,29.65
1403,2024-10-27,F 2025,Sales Invoice,SI103703,40000,C0001,BM,1972-S,"MOMBASA Swivel Chair, yellow",CHAIR,,2,29062.75,58125.5,39898.32,18227.18,31.36
1404,2024-12-25,F 2025,Sales Invoice,SI103704,10000,C0030,AO,1968-S,OSLO Filing Cabinet,MISC,,10,38878.91,388789.1,217971.4,170817.7,43.94
1405,2024-12-25,F 2025,Sales Invoice,SI103704,20000,C0030,AO,1980-S,"KISUMU Swivel Chair, red",CHAIR,,7,33212.73,232489.11,134213.87,98275.24,42.27
1406,2024-12-25,F 2025,Sales Invoice,SI103704,30000,C0030,AO,1956-S,Conference Bundle 1-6,MISC,,6,309795.29,1858771.74,1381171.56,477600.18,25.69
1407,2024-12-25,F 2025,Sales Invoice,SI103704,40000,C0030,AO,2008-S,"ACCRA Stacking Chair, blue",CHAIR,,5,12092.44,60462.2,41132.45,19329.75,31.97
1408,2024-12-25,F 2025,Sales Invoice,SI103704,50000,C0030,AO,1960-S,"NAIROBI Guest Chair, green",CHAIR,,3,24153.09,72459.27,42975.27,29484.0,40.69
1409,2025-01-23,F 2025,Sales Invoice,SI103705,10000,C0022,BM,1960-S,"NAIROBI Guest Chair, green",CHAIR,,10,26480.77,264807.7,134893.9,129913.8,49.06
1410,2025-01-23,F 2025,Sales Invoice,SI103705,20000,C0022,BM,2004-S,"LAGOS Executive Chair, grey",CHAIR,,3,34912.45,104737.35,71174.04,33563.31,32.05
1411,2025-01-17,F 2025,Sales Invoice,SI103706,10000,C0034,AO,1920-S,LUANDA Conference Table,TABLE,,3,259957.22,779871.66,456822.81,323048.85,41.42
1412,2025-01-17,F 2025,Sales Invoice,SI103706,20000,C0034,AO,1896-S,ADDIS ABABA Executive Desk,BENCH,,8,187462.69,1499701.52,1098685.68,401015.84,26.74
1413,2025-01-17,F 2025,Sales Invoice,SI103706,30000,C0034,AO,1988-S,"KAMPALA Guest Chair, red",CHAIR,,2,22224.07,44448.14,29664.42,14783.72,33.26
1414,2025-03-27,F 2025,Sales Invoice,SI103707,10000,C0002,CM,2008-S,"ACCRA Stacking Chair, blue",CHAIR,,4,14050.29,56201.16,36598.76,19602.4,34.88
1415,2024-11-04,F 2025,Sales Invoice,SI103708,10000,C0001,CM,1964-S,Guest Section 1,MISC,NBI,3,124145.91,372437.73,307139.25,65298.48,17.53
1416,2024-11-04,F 2025,Sales Invoice,SI103708,20000,C0001,CM,CM-001,Commercial Reception Desk,CM_COMMER,,7,400809.72,2805668.04,2021292.0,784376.04,27.96
1417,2024-11-05,F 2025,Sales Invoice,SI103709,10000,C0015,AO,1944-S,HARARE Folding Table,TABLE,KSM,12,46229.45,554753.4,360994.2,193759.2,34.93
1418,2025-03-19,F 2025,Sales Invoice,SI103710,10000,C0007,BM,1980-S,"KISUMU Swivel Chair, red",CHAIR,,3,27594.62,82783.86,64503.57,18280.29,22.08
1419,2025-03-19,F 2025,Sales Invoice,SI103710,20000,C0007,BM,1916-S,JOHANNESBURG Sit-Stand Desk,BENCH,KSM,7,135436.66,948056.62,683246.13,264810.49,27.93
1420,2025-03-19,F 2025,Sales Invoice,SI103710,30000,C0007,BM,1952-S,"ABUJA Whiteboard, base",MISC,KSM,12,60834.66,730015.92,432053.52,297962.4,40.82
1421,2025-01-22,F 2025,Sales Invoice,SI103711,10000,C0016,CM,1980-S,"KISUMU Swivel Chair, red",CHAIR,,11,26328.79,289616.69,241388.07,48228.62,16.65
1422,2024-10-03,F 2025,Sales Invoice,SI103712,10000,C0005,AO,1896-S,ADDIS ABABA Executive Desk,BENCH,,12,210129.57,2521554.84,1473902.52,1047652.32,41.55
1423,2024-10-03,F 2025,Sales Invoice,SI103712,20000,C0005,AO,1936-S,ACCRA Round Table,TABLE,,7,85544.89,598814.23,468076.84,130737.39,21.83
1424,2024-10-03,F 2025,Sales Invoice,SI103712,30000,C0005,AO,1896-S,ADDIS ABABA Executive Desk,BENCH,,3,169316.61,507949.83,390809.16,117140.67,23.06
1425,2024-10-03,F 2025,Sales Invoice,SI103712,40000,C0005,AO,1896-S,ADDIS ABABA Executive Desk,BENCH,,12,209656.21,2515874.52,1497292.32,1018582.2,40.49
1426,2024-10-03,F 2025,Sales Invoice,SI103712,50000,C0005,AO,1936-S,ACCRA Round Table,TABLE,NBI,8,85113.19,680905.52,563744.4,117161.12,17.21
1427,2024-11-12,F 2025,Sales Invoice,SI103713,10000,C0004,AO,2000-S,"KIGALI Ergonomic Chair, black",CHAIR,NBI,2,35827.54,71655.08,51234.26,20420.82,28.5
1428,2024-11-12,F 2025,Sales Invoice,SI103713,20000,C0004,AO,1960-S,"NAIROBI Guest Chair, green",CHAIR,,5,20514.6,102573.0,71984.55,30588.45,29.82
1429,2024-10-03,F 2025,Sales Invoice,SI103714,10000,C0004,CM,1920-S,LUANDA Conference Table,TABLE,,1,270542.58,270542.58,143907.17,126635.41,46.81
1430,2024-10-03,F 2025,Sales Invoice,SI103714,20000,C0004,CM,1960-S,"NAIROBI Guest Chair, green",CHAIR,MBA,8,23722.39,189779.12,114180.96,75598.16,39.83
1431,2024-10-03,F 2025,Sales Invoice,SI103715,10000,C0020,CM,1900-S,CAIRO Writing Desk,BENCH,NAK,6,106107.09,636642.54,452241.72,184400.82,28.96
1432,2024-10-03,F 2025,Sales Invoice,SI103715,20000,C0020,CM,1936-S,ACCRA Round Table,TABLE,,2,102141.0,204282.0,120775.72,83506.28,40.88
1433,2024-10-03,F 2025,Sales Invoice,SI103715,30000,C0020,CM,1900-S,CAIRO Writing Desk,BENCH,,3,105540.52,316621.56,210888.36,105733.2,33.39
1434,2024-10-03,F 2025,Sales Invoice,SI103715,40000,C0020,CM,1964-S,Guest Section 1,MISC,,1,127299.13,127299.13,103770.08,23529.05,18.48
1435,2024-10-03,F 2025,Sales Invoice,SI103715,50000,C0020,CM,1964-S,Guest Section 1,MISC,,2,142269.09,284538.18,195962.4,88575.78,31.13
1436,2025-03-24,F 2025,Sales Invoice,SI103716,10000,C0021,BM,1984-S,MADRID Monitor Stand,MISC,,9,13376.59,120389.31,79022.34,41366.97,34.36
1437,2025-04-15,F 2025,Sales Invoice,SI103717,10000,C0021,AO,2008-S,"ACCRA Stacking Chair, blue",CHAIR,KSM,7,14706.29,102944.03,61283.67,41660.36,40.47
1438,2025-04-15,F 2025,Sales Invoice,SI103717,20000,C0021,AO,1988-S,"KAMPALA Guest Chair, red",CHAIR,,10,24018.97,240189.7,169795.0,70394.7,29.31
1439,2025-02-05,F 2025,Sales Invoice,SI103718,10000,C0001,AO,2004-S,"LAGOS Executive Chair, grey",CHAIR,,2,35853.02,71706.04,52754.04,18952.0,26.43
1440,2025-02-05,F 2025,Sales Invoice,SI103718,20000,C0001,AO,2000-S,"KIGALI Ergonomic Chair, black",CHAIR,,2,40123.7,80247.4,53526.64,26720.76,33.3
1441,2025-02-05,F 2025,Sales Invoice,SI103718,30000,C0001,AO,1980-S,"KISUMU Swivel Chair, red",CHAIR,,8,26825.51,214604.08,153044.88,61559.2,28.69
1442,2025-01-22,F 2025,Sales Invoice,SI103719,10000,C0002,BM,1916-S,JOHANNESBURG Sit-Stand Desk,BENCH,,1,145719.71,145719.71,119353.21,26366.5,18.09
1443,2025-03-08,F 2025,Sales Invoice,SI103720,10000,C0002,CM,1956-S,Conference Bundle 1-6,MISC,,6,389635.01,2337810.06,1314270.96,1023539.1,43.78
1444,2025-03-08,F 2025,Sales Invoice,SI103720,20000,C0002,CM,2000-S,"KIGALI Ergonomic Chair, black",CHAIR,,11,46499.61,511495.71,304636.75,206858.96,40.44
1445,2025-04-21,F 2025,Sales Invoice,SI103721,10000,C0023,AO,1964-S,Guest Section 1,MISC,NBI,5,153325.05,766625.25,531955.05,234670.2,30.61
1446,2024-11-27,F 2025,Sales Invoice,SI103722,10000,C0005,AO,1900-S,CAIRO Writing Desk,BENCH,,11,131198.3,1443181.3,765715.28,677466.02,46.94
1447,2024-11-16,F 2025,Sales Invoice,SI103723,10000,C0030,BM,1952-S,"ABUJA Whiteboard, base",MISC,,4,56538.56,226154.24,137819.12,88335.12,39.06
1448,2024-11-16,F 2025,Sales Invoice,SI103723,20000,C0030,BM,1920-S,LUANDA Conference Table,TABLE,,4,265291.66,1061166.64,712892.2,348274.44,32.82
1449,2024-11-16,F 2025,Sales Invoice,SI103723,30000,C0030,BM,1960-S,"NAIROBI Guest Chair, green",CHAIR,,3,19540.12,58620.36,51032.52,7587.84,12.94
1450,2024-11-16,F 2025,Sales Invoice,SI103723,40000,C0030,BM,1916-S,JOHANNESBURG Sit-Stand Desk,BENCH,NBI,10,145740.12,1457401.2,1180645.7,276755.5,18.99
1451,2024-11-16,F 2025,Sales Invoice,SI103723,50000,C0030,BM,1952-S,"ABUJA Whiteboard, base",MISC,,8,58996.36,471970.88,281824.72,190146.16,40.29
1452,2025-04-13,F 2025,Sales Invoice,SI103724,10000,C0003,BM,1972-S,"MOMBASA Swivel Chair, yellow",CHAIR,NBI,2,30427.47,60854.94,40065.56,20789.38,34.16
1453,2025-04-13,F 2025,Sales Invoice,SI103724,20000,C0003,BM,1896-S,ADDIS ABABA Executive Desk,BENCH,,7,169817.15,1188720.05,915895.4,272824.65,22.95
1454,2025-04-13,F 2025,Sales Invoice,SI103724,30000,C0003,BM,1956-S,Conference Bundle 1-6,MISC,NAK,2,392849.38,785698.76,513240.88,272457.88,34.68
1455,2024-12-16,F 2025,Sales Invoice,SI103725,10000,C0003,AO,1900-S,CAIRO Writing Desk,BENCH,,12,128980.7,1547768.4,819375.12,728393.28,47.06
1456,2024-12-16,F 2025,Sales Invoice,SI103725,20000,C0003,AO,1968-S,OSLO Filing Cabinet,MISC,NBI,10,38922.66,389226.6,271316.5,117910.1,30.29
1457,2025-03-02,F 2025,Sales Invoice,SI103726,10000,C0017,AO,1980-S,"KISUMU Swivel Chair, red",CHAIR,KSM,11,30561.71,336178.81,223332.12,112846.69,33.57
1458,2025-03-02,F 2025,Sales Invoice,SI103726,20000,C0017,AO,1944-S,HARARE Folding Table,TABLE,MBA,6,39677.09,238062.54,197730.48,40332.06,16.94
1459,2025-02-05,F 2025,Sales Invoice,SI103727,10000,C0002,CM,1896-S,ADDIS ABABA Executive Desk,BENCH,MBA,9,213355.16,1920196.44,1149850.8,770345.64,40.12
1460,2025-02-05,F 2025,Sales Invoice,SI103727,20000,C0002,CM,1964-S,Guest Section 1,MISC,,11,132326.26,1455588.86,1042601.45,412987.41,28.37
1461,2025-02-05,F 2025,Sales Invoice,SI103727,30000,C0002,CM,1988-S,"KAMPALA Guest Chair, red",CHAIR,,4,21818.67,87274.68,62887.76,24386.92,27.94
1462,2025-02-05,F 2025,Sales Invoice,SI103727,40000,C0002,CM,1896-S,ADDIS ABABA Executive Desk,BENCH,KSM,6,172452.7,1034716.2,772875.0,261841.2,25.31
1463,2025-02-05,F 2025,Sales Invoice,SI103727,50000,C0002,CM,1984-S,MADRID Monitor Stand,MISC,MBA,6,10202.71,61216.26,54134.52,7081.74,11.57
1464,2025-02-06,F 2025,Sales Invoice,SI103728,10000,C0002,CM,PART-2,Desk Leg Leveller Kit,PARTS,,7,623.21,4362.47,1786.19,2576.28,59.06
1465,2025-02-06,F 2025,Sales Invoice,SI103728,20000,C0002,CM,1908-S,DUBAI Corner Desk,BENCH,,6,141256.62,847539.72,584369.4,263170.32,31.05
1466,2024-11-15,F 2025,Sales Invoice,SI103729,10000,C0002,BM,2000-S,"KIGALI Ergonomic Chair, black",CHAIR,,11,44580.24,490382.64,289692.59,200690.05,40.93
1467,2024-11-15,F 2025,Sales Invoice,SI103729,20000,C0002,BM,1920-S,LUANDA Conference Table,TABLE,,2,203163.81,406327.62,330734.72,75592.9,18.6
1468,2025-03-16,F 2025,Sales Invoice,SI103730,10000,C0031,AO,1952-S,"ABUJA Whiteboard, base",MISC,,10,61092.25,610922.5,389034.5,221888.0,36.32
1469,2025-02-26,F 2025,Sales Invoice,SI103731,10000,C0015,CM,1988-S,"KAMPALA Guest Chair, red",CHAIR,NBI,8,28007.6,224060.8,146033.76,78027.04,34.82
1470,2025-02-26,F 2025,Sales Invoice,SI103731,20000,C0015,CM,1976-S,LONDON Bookcase,MISC,,6,57765.73,346594.38,197811.0,148783.38,42.93
1471,2025-02-26,F 2025,Sales Invoice,SI103731,30000,C0015,CM,1956-S,Conference Bundle 1-6,MISC,MBA,12,408613.8,4903365.6,2866332.24,2037033.36,41.54
1472,2025-02-26,F 2025,Sales Invoice,SI103731,40000,C0015,CM,1952-S,"ABUJA Whiteboard, base",MISC,,9,46817.05,421353.45,312871.14,108482.31,25.75
1473,2025-05-03,F 2025,Sales Invoice,SI103732,10000,C0030,CM,1960-S,"NAIROBI Guest Chair, green",CHAIR,NBI,7,20138.15,140967.05,97653.99,43313.06,30.73
1474,2025-05-03,F 2025,Sales Invoice,SI103732,20000,C0030,CM,1956-S,Conference Bundle 1-6,MISC,,9,409400.24,3684602.16,2359443.06,1325159.1,35.96
1475,2025-05-03,F 2025,Sales Invoice,SI103732,30000,C0030,CM,1984-S,MADRID Monitor Stand,MISC,,7,14004.22,98029.54,59455.13,38574.41,39.35
1476,2025-03-14,F 2025,Sales Invoice,SI103733,10000,C0001,AO,1896-S,ADDIS ABABA Executive Desk,BENCH,,11,169700.05,1866700.55,1566397.58,300302.97,16.09
1477,2025-03-14,F 2025,Sales Invoice,SI103733,20000,C0001,AO,2004-S,"LAGOS Executive Chair, grey",CHAIR,NBI,3,38300.06,114900.18,79410.45,35489.73,30.89
1478,2025-03-14,F 2025,Sales Invoice,SI103733,30000,C0001,AO,1900-S,CAIRO Writing Desk,BENCH,KSM,11,124287.22,1367159.42,790739.62,576419.8,42.16
1479,2025-03-14,F 2025,Sales Invoice,SI103733,40000,C0001,AO,1968-S,OSLO Filing Cabinet,MISC,,9,37596.73,338370.57,203319.63,135050.94,39.91
1480,2025-03-14,F 2025,Sales Invoice,SI103733,50000,C0001,AO,1960-S,"NAIROBI Guest Chair, green",CHAIR,,1,21403.16,21403.16,15887.64,5515.52,25.77
1481,2025-03-31,F 2025,Sales Invoice,SI103734,10000,C0034,BM,1960-S,"NAIROBI Guest Chair, green",CHAIR,,12,20070.56,240846.72,192417.36,48429.36,20.11
1482,2025-03-31,F 2025,Sales Invoice,SI103734,20000,C0034,BM,2008-S,"ACCRA Stacking Chair, blue",CHAIR,,4,14538.75,58155.0,36332.16,21822.84,37.53
1483,2025-05-04,F 2025,Sales Invoice,SI103735,10000,C0021,AO,1952-S,"ABUJA Whiteboard, base",MISC,,11,51899.11,570890.21,449129.12,121761.09,21.33
1484,2025-05-04,F 2025,Sales Invoice,SI103735,20000,C0021,AO,1960-S,"NAIROBI Guest Chair, green",CHAIR,MBA,10,26291.49,262914.9,134941.3,127973.6,48.67
1485,2025-05-04,F 2025,Sales Invoice,SI103735,30000,C0021,AO,1972-S,"MOMBASA Swivel Chair, yellow",CHAIR,,3,28317.28,84951.84,61108.23,23843.61,28.07
1486,2025-05-04,F 2025,Sales Invoice,SI103735,40000,C0021,AO,1900-S,CAIRO Writing Desk,BENCH,,6,130959.97,785759.82,431052.84,354706.98,45.14
1487,2025-04-22,F 2025,Sales Invoice,SI103736,10000,C0001,AO,1972-S,"MOMBASA Swivel Chair, yellow",CHAIR,,11,27989.05,307879.55,224827.79,83051.76,26.98
1488,2025-04-22,F 2025,Sales Invoice,SI103736,20000,C0001,AO,1896-S,ADDIS ABABA Executive Desk,BENCH,,3,167629.1,502887.3,406610.85,96276.45,19.14
1489,2025-04-22,F 2025,Sales Invoice,SI103736,30000,C0001,AO,1916-S,JOHANNESBURG Sit-Stand Desk,BENCH,,10,146709.11,1467091.1,1216190.5,250900.6,17.1
1490,2025-04-22,F 2025,Sales Invoice,SI103736,40000,C0001,AO,2008-S,"ACCRA Stacking Chair, blue",CHAIR,,10,11317.54,113175.4,89583.1,23592.3,20.85
1491,2025-04-22,F 2025,Sales Invoice,SI103736,50000,C0001,AO,2000-S,"KIGALI Ergonomic Chair, black",CHAIR,,2,34731.54,69463.08,57758.34,11704.74,16.85
1492,2025-02-09,F 2025,Sales Invoice,SI103737,10000,C0002,CM,1968-S,OSLO Filing Cabinet,MISC,KSM,1,38192.54,38192.54,26773.52,11419.02,29.9
1493,2025-02-09,F 2025,Sales Invoice,SI103737,20000,C0002,CM,1976-S,LONDON Bookcase,MISC,,5,49370.7,246853.5,160420.65,86432.85,35.01
1494,2025-03-31,F 2025,Sales Invoice,SI103738,10000,C0003,BM,1900-S,CAIRO Writing Desk,BENCH,,9,104423.03,939807.27,621115.65,318691.62,33.91
1495,2025-03-31,F 2025,Sales Invoice,SI103738,20000,C0003,BM,1988-S,"KAMPALA Guest Chair, red",CHAIR,,12,23180.49,278165.88,182635.2,95530.68,34.34
1496,2025-03-31,F 2025,Sales Invoice,SI103738,30000,C0003,BM,1952-S,"ABUJA Whiteboard, base",MISC,KSM,5,45072.41,225362.05,177504.05,47858.0,21.24
1497,2025-01-19,F 2025,Sales Invoice,SI103739,10000,C0005,CM,1956-S,Conference Bundle 1-6,MISC,,10,384297.01,3842970.1,2725831.9,1117138.2,29.07
1498,2025-01-19,F 2025,Sales Invoice,SI103739,20000,C0005,CM,2008-S,"ACCRA Stacking Chair, blue",CHAIR,MBA,11,14273.78,157011.58,90050.29,66961.29,42.65
1499,2025-01-19,F 2025,Sales Invoice,SI103739,30000,C0005,CM,1984-S,MADRID Monitor Stand,MISC,NBI,5,11699.7,58498.5,41452.9,17045.6,29.14
1500,2025-03-15,F 2025,Sales Invoice,SI103740,10000,C0008,CM,1972-S,"MOMBASA Swivel Chair, yellow",CHAIR,,6,23853.73,143122.38,110453.58,32668.8,22.83
1501,2025-03-15,F 2025,Sales Invoice,SI103740,20000,C0008,CM,1988-S,"KAMPALA Guest Chair, red",CHAIR,,6,28151.39,168908.34,104452.26,64456.08,38.16
1502,2024-12-21,F 2025,Sales Invoice,SI103741,10000,C0018,BM,1916-S,JOHANNESBURG Sit-Stand Desk,BENCH,,6,170128.54,1020771.24,601050.54,419720.7,41.12
1503,2025-03-04,F 2025,Sales Invoice,SI103742,10000,C0002,AO,1936-S,ACCRA Round Table,TABLE,,11,86558.09,952138.99,804114.85,148024.14,15.55
1504,2025-03-04,F 2025,Sales Invoice,SI103742,20000,C0002,AO,1952-S,"ABUJA Whiteboard, base",MISC,,6,50207.95,301247.7,209471.76,91775.94,30.47
1505,2025-02-04,F 2025,Sales Invoice,SI103743,10000,C0035,AO,1972-S,"MOMBASA Swivel Chair, yellow",CHAIR,,3,31429.31,94287.93,49828.35,44459.58,47.15
1506,2025-02-04,F 2025,Sales Invoice,SI103743,20000,C0035,AO,1960-S,"NAIROBI Guest Chair, green",CHAIR,NAK,1,20388.03,20388.03,14745.67,5642.36,27.67
1507,2025-01-27,F 2025,Sales Invoice,SI103744,10000,C0025,AO,1968-S,OSLO Filing Cabinet,MISC,,9,39295.98,353663.82,222989.67,130674.15,36.95
1508,2025-01-27,F 2025,Sales Invoice,SI103744,20000,C0025,AO,1972-S,"MOMBASA Swivel Chair, yellow",CHAIR,KSM,7,30952.29,216666.03,116853.66,99812.37,46.07
1509,2025-01-11,F 2025,Sales Invoice,SI103745,10000,C0020,AO,1960-S,"NAIROBI Guest Chair, green",CHAIR,NBI,5,23535.68,117678.4,78072.9,39605.5,33.66
1510,2025-01-11,F 2025,Sales Invoice,SI103745,20000,C0020,AO,1984-S,MADRID Monitor Stand,MISC,,2,12111.64,24223.28,14553.98,9669.3,39.92
1511,2024-11-27,F 2025,Sales Invoice,SI103746,10000,C0001,AO,2004-S,"LAGOS Executive Chair, grey",CHAIR,,12,41215.71,494588.52,264844.56,229743.96,46.45
1512,2025-04-04,F 2025,Sales Invoice,SI103747,10000,C0004,CM,PART-1,Chair Replacement Wheel Set,PARTS,NBI,12,972.08,11664.96,3854.4,7810.56,66.96
1513,2025-04-04,F 2025,Sales Invoice,SI103747,20000,C0004,CM,1972-S,"MOMBASA Swivel Chair, yellow",CHAIR,,5,23852.21,119261.05,85963.2,33297.85,27.92
1514,2025-04-04,F 2025,Sales Invoice,SI103747,30000,C0004,CM,1956-S,Conference Bundle 1-6,MISC,,5,321268.57,1606342.85,1282975.85,323367.0,20.13
1515,2025-04-04,F 2025,Sales Invoice,SI103747,40000,C0004,CM,1972-S,"MOMBASA Swivel Chair, yellow",CHAIR,MBA,6,29383.36,176300.16,117126.48,59173.68,33.56
1516,2025-04-04,F 2025,Sales Invoice,SI103747,50000,C0004,CM,1984-S,MADRID Monitor Stand,MISC,,7,11250.45,78753.15,54390.28,24362.87,30.94
1517,2024-12-01,F 2025,Sales Invoice,SI103748,10000,C0014,BM,2004-S,"LAGOS Executive Chair, grey",CHAIR,KSM,12,32957.88,395494.56,256870.8,138623.76,35.05
1518,2024-12-01,F 2025,Sales Invoice,SI103748,20000,C0014,BM,1936-S,ACCRA Round Table,TABLE,KSM,6,102829.72,616978.32,438033.84,178944.48,29.0
1519,2024-12-01,F 2025,Sales Invoice,SI103748,30000,C0014,BM,1944-S,HARARE Folding Table,TABLE,,4,39179.78,156719.12,114058.68,42660.44,27.22
1520,2024-12-01,F 2025,Sales Invoice,SI103748,40000,C0014,BM,1988-S,"KAMPALA Guest Chair, red",CHAIR,,11,24579.53,270374.83,175687.82,94687.01,35.02
1521,2024-12-01,F 2025,Sales Invoice,SI103748,50000,C0014,BM,1972-S,"MOMBASA Swivel Chair, yellow",CHAIR,,4,28848.6,115394.4,75779.84,39614.56,34.33
1522,2024-12-01,F 2025,Sales Invoice,SI103748,60000,C0014,BM,2004-S,"LAGOS Executive Chair, grey",CHAIR,NBI,5,32514.19,162570.95,106341.2,56229.75,34.59
1523,2024-10-28,F 2025,Sales Invoice,SI103749,10000,C0002,CM,CM-001,Commercial Reception Desk,CM_COMMER,,10,373426.34,3734263.4,2660097.3,1074166.1,28.77
1524,2024-10-28,F 2025,Sales Invoice,SI103749,20000,C0002,CM,2000-S,"KIGALI Ergonomic Chair, black",CHAIR,,3,34643.04,103929.12,89306.64,14622.48,14.07
1525,2024-10-27,F 2025,Sales Invoice,SI103750,10000,C0027,AO,1988-S,"KAMPALA Guest Chair, red",CHAIR,KSM,8,23603.56,188828.48,131092.72,57735.76,30.58
1526,2024-10-27,F 2025,Sales Invoice,SI103750,20000,C0027,AO,1896-S,ADDIS ABABA Executive Desk,BENCH,,5,189132.16,945660.8,664735.75,280925.05,29.71
1527,2024-10-27,F 2025,Sales Invoice,SI103750,30000,C0027,AO,1988-S,"KAMPALA Guest Chair, red",CHAIR,,7,21825.86,152781.02,118845.44,33935.58,22.21
1528,2024-12-09,F 2025,Sales Invoice,SI103751,10000,C0001,AO,1976-S,LONDON Bookcase,MISC,,4,45095.03,180380.12,148582.48,31797.64,17.63
1529,2024-12-09,F 2025,Sales Invoice,SI103751,20000,C0001,AO,1908-S,DUBAI Corner Desk,BENCH,,8,126347.33,1010778.64,698786.16,311992.48,30.87
1530,2024-12-03,F 2025,Sales Invoice,SI103752,10000,C0002,CM,1960-S,"NAIROBI Guest Chair, green",CHAIR,,5,21079.97,105399.85,75362.65,30037.2,28.5
1531,2025-03-08,F 2025,Sales Invoice,SI103753,10000,C0005,BM,1988-S,"KAMPALA Guest Chair, red",CHAIR,NBI,12,22931.57,275178.84,190402.08,84776.76,30.81
1532,2025-03-08,F 2025,Sales Invoice,SI103753,20000,C0005,BM,2008-S,"ACCRA Stacking Chair, blue",CHAIR,,5,10879.26,54396.3,43482.0,10914.3,20.06
1533,2024-11-17,F 2025,Sales Invoice,SI103754,10000,C0015,AO,2004-S,"LAGOS Executive Chair, grey",CHAIR,,12,37994.39,455932.68,259364.04,196568.64,43.11
1534,2024-11-17,F 2025,Sales Invoice,SI103754,20000,C0015,AO,1980-S,"KISUMU Swivel Chair, red",CHAIR,,8,28421.81,227374.48,161591.68,65782.8,28.93
1535,2024-12-25,F 2025,Sales Invoice,SI103755,10000,C0034,AO,1980-S,"KISUMU Swivel Chair, red",CHAIR,,1,34524.82,34524.82,20430.69,14094.13,40.82
1536,2024-12-25,F 2025,Sales Invoice,SI103755,20000,C0034,AO,1900-S,CAIRO Writing Desk,BENCH,,4,115661.13,462644.52,333191.72,129452.8,27.98
1537,2024-12-25,F 2025,Sales Invoice,SI103755,30000,C0034,AO,1928-S,DAKAR Meeting Table,TABLE,,5,160170.54,800852.7,475528.75,325323.95,40.62
1538,2024-12-25,F 2025,Sales Invoice,SI103755,40000,C0034,AO,1980-S,"KISUMU Swivel Chair, red",CHAIR,,2,30288.23,60576.46,43522.18,17054.28,28.15
1539,2025-02-03,F 2025,Sales Invoice,SI103756,10000,C0035,BM,1900-S,CAIRO Writing Desk,BENCH,,6,112749.51,676497.06,504317.76,172179.3,25.45
1540,2024-12-25,F 2025,Sales Invoice,SI103757,10000,C0021,CM,1968-S,OSLO Filing Cabinet,MISC,,10,36258.0,362580.0,220242.6,142337.4,39.26
1541,2024-12-25,F 2025,Sales Invoice,SI103757,20000,C0021,CM,1920-S,LUANDA Conference Table,TABLE,KSM,3,272056.2,816168.6,510996.63,305171.97,37.39
1542,2024-12-25,F 2025,Sales Invoice,SI103757,30000,C0021,CM,1980-S,"KISUMU Swivel Chair, red",CHAIR,KSM,8,29962.96,239703.68,175377.44,64326.24,26.84
1543,2024-12-25,F 2025,Sales Invoice,SI103757,40000,C0021,CM,1896-S,ADDIS ABABA Executive Desk,BENCH,MBA,4,208345.79,833383.16,533815.48,299567.68,35.95
1544,2025-03-13,F 2025,Sales Invoice,SI103758,10000,C0002,AO,1908-S,DUBAI Corner Desk,BENCH,,8,137109.72,1096877.76,643478.32,453399.44,41.34
1545,2025-03-13,F 2025,Sales Invoice,SI103758,20000,C0002,AO,1968-S,OSLO Filing Cabinet,MISC,,6,39595.4,237572.4,135459.18,102113.22,42.98
1546,2025-03-13,F 2025,Sales Invoice,SI103758,30000,C0002,AO,PART-2,Desk Leg Leveller Kit,PARTS,KSM,5,798.89,3994.45,1558.65,2435.8,60.98
1547,2025-05-02,F 2025,Sales Invoice,SI103759,10000,C0006,BM,1984-S,MADRID Monitor Stand,MISC,,6,13401.5,80409.0,44785.98,35623.02,44.3
1548,2025-05-02,F 2025,Sales Invoice,SI103759,20000,C0006,BM,1936-S,ACCRA Round Table,TABLE,,8,97981.66,783853.28,603281.04,180572.24,23.04
1549,2025-02-20,F 2025,Sales Invoice,SI103760,10000,C0003,BM,1952-S,"ABUJA Whiteboard, base",MISC,NBI,1,52665.03,52665.03,40856.08,11808.95,22.42
1550,2024-11-01,F 2025,Sales Invoice,SI103761,10000,C0003,AO,1928-S,DAKAR Meeting Table,TABLE,NBI,1,151148.8,151148.8,104778.04,46370.76,30.68
1551,2024-11-01,F 2025,Sales Invoice,SI103761,20000,C0003,AO,1952-S,"ABUJA Whiteboard, base",MISC,,9,49560.43,446043.87,360887.85,85156.02,19.09
1552,2024-10-23,F 2025,Sales Invoice,SI103762,10000,C0002,BM,1896-S,ADDIS ABABA Executive Desk,BENCH,MBA,2,215363.67,430727.34,229397.22,201330.12,46.74
1553,2024-10-23,F 2025,Sales Invoice,SI103762,20000,C0002,BM,1988-S,"KAMPALA Guest Chair, red",CHAIR,NAK,11,24256.2,266818.2,180247.54,86570.66,32.45
1554,2024-10-23,F 2025,Sales Invoice,SI103762,30000,C0002,BM,1972-S,"MOMBASA Swivel Chair, yellow",CHAIR,,5,25855.79,129278.95,87531.65,41747.3,32.29
1555,2025-01-20,F 2025,Sales Invoice,SI103763,10000,C0004,BM,1928-S,DAKAR Meeting Table,TABLE,,4,143170.44,572681.76,422777.16,149904.6,26.18
1556,2025-01-20,F 2025,Sales Invoice,SI103763,20000,C0004,BM,2004-S,"LAGOS Executive Chair, grey",CHAIR,,5,39389.44,196947.2,123544.05,73403.15,37.27
1557,2025-01-05,F 2025,Sales Invoice,SI103764,10000,C0025,CM,1908-S,DUBAI Corner Desk,BENCH,KSM,12,132917.91,1595014.92,1041506.04,553508.88,34.7
1558,2025-01-28,F 2025,Sales Invoice,SI103765,10000,C0005,AO,1900-S,CAIRO Writing Desk,BENCH,,9,110517.79,994660.11,634488.57,360171.54,36.21
1559,2025-01-28,F 2025,Sales Invoice,SI103765,20000,C0005,AO,1980-S,"KISUMU Swivel Chair, red",CHAIR,,5,30798.54,153992.7,106201.05,47791.65,31.04
1560,2025-01-28,F 2025,Sales Invoice,SI103765,30000,C0005,AO,1920-S,LUANDA Conference Table,TABLE,NBI,10,274940.03,2749400.3,1785212.1,964188.2,35.07
1561,2025-01-28,F 2025,Sales Invoice,SI103765,40000,C0005,AO,1972-S,"MOMBASA Swivel Chair, yellow",CHAIR,NBI,11,27963.51,307598.61,184012.4,123586.21,40.18
1562,2025-01-28,F 2025,Sales Invoice,SI103765,50000,C0005,AO,1900-S,CAIRO Writing Desk,BENCH,NAK,1,105773.99,105773.99,77658.51,28115.48,26.58
1563,2024-10-28,F 2025,Sales Invoice,SI103766,10000,C0001,AO,1900-S,CAIRO Writing Desk,BENCH,,6,107909.4,647456.4,452119.5,195336.9,30.17
1564,2025-02-08,F 2025,Sales Invoice,SI103767,10000,C0001,BM,1980-S,"KISUMU Swivel Chair, red",CHAIR,MBA,12,28803.93,345647.16,239169.72,106477.44,30.81
1565,2025-03-13,F 2025,Sales Invoice,SI103768,10000,C0003,CM,PART-1,Chair Replacement Wheel Set,PARTS,,1,893.31,893.31,311.15,582.16,65.17
1566,2025-03-13,F 2025,Sales Invoice,SI103768,20000,C0003,CM,1960-S,"NAIROBI Guest Chair, green",CHAIR,,3,21169.95,63509.85,41702.31,21807.54,34.34
1567,2024-11-22,F 2025,Sales Invoice,SI103769,10000,C0001,AO,1896-S,ADDIS ABABA Executive Desk,BENCH,,2,196510.12,393020.24,267898.54,125121.7,31.84
1568,2024-11-22,F 2025,Sales Invoice,SI103769,20000,C0001,AO,1988-S,"KAMPALA Guest Chair, red",CHAIR,,9,21397.4,192576.6,165336.84,27239.76,14.14
1569,2025-03-18,F 2025,Sales Invoice,SI103770,10000,C0006,BM,1980-S,"KISUMU Swivel Chair, red",CHAIR,KSM,12,28302.09,339625.08,224884.56,114740.52,33.78
1570,2025-03-18,F 2025,Sales Invoice,SI103770,20000,C0006,BM,1908-S,DUBAI Corner Desk,BENCH,,8,142492.67,1139941.36,779508.32,360433.04,31.62
1571,2025-03-18,F 2025,Sales Invoice,SI103770,30000,C0006,BM,1920-S,LUANDA Conference Table,TABLE,KSM,6,271606.82,1629640.92,860079.9,769561.02,47.22
1572,2024-10-28,F 2025,Sales Invoice,SI103771,10000,C0023,AO,2000-S,"KIGALI Ergonomic Chair, black",CHAIR,,2,44229.63,88459.26,52400.32,36058.94,40.76
1573,2025-03-15,F 2025,Sales Invoice,SI103772,10000,C0014,BM,1968-S,OSLO Filing Cabinet,MISC,KSM,6,33930.52,203583.12,146704.32,56878.8,27.94
1574,2025-03-15,F 2025,Sales Invoice,SI103772,20000,C0014,BM,2000-S,"KIGALI Ergonomic Chair, black",CHAIR,,3,42649.74,127949.22,74544.69,53404.53,41.74
1575,2024-12-29,F 2025,Sales Invoice,SI103773,10000,C0008,CM,1980-S,"KISUMU Swivel Chair, red",CHAIR,,3,33533.74,100601.22,54735.15,45866.07,45.59
1576,2024-12-29,F 2025,Sales Invoice,SI103773,20000,C0008,CM,1936-S,ACCRA Round Table,TABLE,,3,115977.75,347933.25,199735.17,148198.08,42.59
1577,2025-01-09,F 2025,Sales Invoice,SI103774,10000,C0025,AO,1984-S,MADRID Monitor Stand,MISC,MBA,10,13470.26,134702.6,77462.2,57240.4,42.49
1578,2025-01-09,F 2025,Sales Invoice,SI103774,20000,C0025,AO,1952-S,"ABUJA Whiteboard, base",MISC,,9,52339.36,471054.24,339975.54,131078.7,27.83
1579,2025-02-26,F 2025,Sales Invoice,SI103775,10000,C0010,AO,1960-S,"NAIROBI Guest Chair, green",CHAIR,,12,20520.42,246245.04,169765.8,76479.24,31.06
1580,2025-02-26,F 2025,Sales Invoice,SI103775,20000,C0010,AO,1976-S,LONDON Bookcase,MISC,KSM,8,55534.54,444276.32,287728.88,156547.44,35.24
1581,2025-04-06,F 2025,Sales Invoice,SI103776,10000,C0001,CM,1944-S,HARARE Folding Table,TABLE,,7,47877.53,335142.71,224697.9,110444.81,32.95
1582,2025-04-06,F 2025,Sales Invoice,SI103776,20000,C0001,CM,1920-S,LUANDA Conference Table,TABLE,,2,265661.77,531323.54,325187.38,206136.16,38.8
1583,2025-04-06,F 2025,Sales Invoice,SI103776,30000,C0001,CM,1896-S,ADDIS ABABA Executive Desk,BENCH,,11,168760.19,1856362.09,1344174.7,512187.39,27.59
1584,2025-04-06,F 2025,Sales Invoice,SI103776,40000,C0001,CM,1936-S,ACCRA Round Table,TABLE,,7,100707.0,704949.0,431182.71,273766.29,38.83
1585,2024-11-20,F 2025,Sales Invoice,SI103777,10000,C0005,AO,1988-S,"KAMPALA Guest Chair, red",CHAIR,NBI,3,28047.0,84141.0,54988.41,29152.59,34.65
1586,2024-10-23,F 2025,Sales Invoice,SI103778,10000,C0012,BM,1988-S,"KAMPALA Guest Chair, red",CHAIR,,3,21316.91,63950.73,46683.66,17267.07,27.0
1587,2024-10-23,F 2025,Sales Invoice,SI103778,20000,C0012,BM,1908-S,DUBAI Corner Desk,BENCH,MBA,2,146232.69,292465.38,191314.76,101150.62,34.59
1588,2024-10-23,F 2025,Sales Invoice,SI103778,30000,C0012,BM,1944-S,HARARE Folding Table,TABLE,,9,40556.43,365007.87,262724.94,102282.93,28.02
1589,2025-01-30,F 2025,Sales Invoice,SI103779,10000,C0004,AO,1964-S,Guest Section 1,MISC,NBI,2,160260.09,320520.18,199331.3,121188.88,37.81
1590,2025-01-30,F 2025,Sales Invoice,SI103779,20000,C0004,AO,1916-S,JOHANNESBURG Sit-Stand Desk,BENCH,,3,148585.19,445755.57,352388.76,93366.81,20.95
1591,2025-01-30,F 2025,Sales Invoice,SI103779,30000,C0004,AO,1988-S,"KAMPALA Guest Chair, red",CHAIR,NBI,10,25213.95,252139.5,173459.7,78679.8,31.2
1592,2025-01-30,F 2025,Sales Invoice,SI103779,40000,C0004,AO,2000-S,"KIGALI Ergonomic Chair, black",CHAIR,NBI,5,35189.68,175948.4,122008.6,53939.8,30.66
1593,2024-11-10,F 2025,Sales Invoice,SI103780,10000,C0001,CM,1964-S,Guest Section 1,MISC,,10,135235.05,1352350.5,971441.9,380908.6,28.17
1594,2024-11-10,F 2025,Sales Invoice,SI103780,20000,C0001,CM,1936-S,ACCRA Round Table,TABLE,NAK,2,89951.66,179903.32,147003.58,32899.74,18.29
1595,2025-03-17,F 2025,Sales Invoice,SI103781,10000,C0003,AO,2004-S,"LAGOS Executive Chair, grey",CHAIR,KSM,1,37050.3,37050.3,23134.62,13915.68,37.56
1596,2025-04-12,F 2025,Sales Invoice,SI103782,10000,C0028,BM,1960-S,"NAIROBI Guest Chair, green",CHAIR,KSM,10,20339.09,203390.9,166391.1,36999.8,18.19
1597,2024-10-10,F 2025,Sales Invoice,SI103783,10000,C0001,AO,1944-S,HARARE Folding Table,TABLE,,2,47726.34,95452.68,61674.12,33778.56,35.39
1598,2024-10-10,F 2025,Sales Invoice,SI103783,20000,C0001,AO,1944-S,HARARE Folding Table,TABLE,KSM,2,41067.17,82134.34,57393.76,24740.58,30.12
1599,2025-01-19,F 2025,Sales Invoice,SI103784,10000,C0021,AO,1988-S,"KAMPALA Guest Chair, red",CHAIR,,1,22413.23,22413.23,17091.34,5321.89,23.74
1600,2025-01-19,F 2025,Sales Invoice,SI103784,20000,C0021,AO,1920-S,LUANDA Conference Table,TABLE,,7,276916.21,1938413.47,1231191.36,707222.11,36.48
1601,2025-01-19,F 2025,Sales Invoice,SI103784,30000,C0021,AO,1960-S,"NAIROBI Guest Chair, green",CHAIR,,7,23931.8,167522.6,110937.61,56584.99,33.78
1602,2025-01-19,F 2025,Sales Invoice,SI103784,40000,C0021,AO,1980-S,"KISUMU Swivel Chair, red",CHAIR,MBA,8,27694.53,221556.24,156525.04,65031.2,29.35
1603,2024-12-30,F 2025,Sales Invoice,SI103785,10000,C0005,AO,1988-S,"KAMPALA Guest Chair, red",CHAIR,KSM,10,21244.11,212441.1,179301.8,33139.3,15.6
1604,2025-04-25,F 2025,Sales Invoice,SI103786,10000,C0010,CM,1960-S,"NAIROBI Guest Chair, green",CHAIR,,12,24824.23,297890.76,160901.52,136989.24,45.99
1605,2025-04-25,F 2025,Sales Invoice,SI103786,20000,C0010,CM,1896-S,ADDIS ABABA Executive Desk,BENCH,KSM,5,215199.62,1075998.1,662636.25,413361.85,38.42
1606,2025-04-25,F 2025,Sales Invoice,SI103786,30000,C0010,CM,1988-S,"KAMPALA Guest Chair, red",CHAIR,KSM,5,25999.75,129998.75,74090.65,55908.1,43.01
1607,2025-04-25,F 2025,Sales Invoice,SI103786,40000,C0010,CM,1928-S,DAKAR Meeting Table,TABLE,,2,133460.3,266920.6,208204.78,58715.82,22.0
1608,2025-04-25,F 2025,Sales Invoice,SI103786,50000,C0010,CM,1944-S,HARARE Folding Table,TABLE,,6,41359.87,248159.22,196839.18,51320.04,20.68
1609,2025-04-25,F 2025,Sales Invoice,SI103786,60000,C0010,CM,2004-S,"LAGOS Executive Chair, grey",CHAIR,KSM,6,37704.7,226228.2,141366.78,84861.42,37.51
1610,2025-02-12,F 2025,Sales Invoice,SI103787,10000,C0004,CM,1972-S,"MOMBASA Swivel Chair, yellow",CHAIR,,6,26304.4,157826.4,106969.62,50856.78,32.22
1611,2025-02-12,F 2025,Sales Invoice,SI103787,20000,C0004,CM,2000-S,"KIGALI Ergonomic Chair, black",CHAIR,,4,36859.8,147439.2,109120.84,38318.36,25.99
1612,2024-12-18,F 2025,Sales Invoice,SI103788,10000,C0002,BM,1956-S,Conference Bundle 1-6,MISC,,3,377863.11,1133589.33,792208.44,341380.89,30.12
1613,2024-12-18,F 2025,Sales Invoice,SI103788,20000,C0002,BM,1952-S,"ABUJA Whiteboard, base",MISC,,2,51996.2,103992.4,66032.5,37959.9,36.5
1614,2025-02-28,F 2025,Sales Invoice,SI103789,10000,C0024,AO,2000-S,"KIGALI Ergonomic Chair, black",CHAIR,,10,40242.58,402425.8,285715.5,116710.3,29.0
1615,2025-01-22,F 2025,Sales Invoice,SI103790,10000,C0002,AO,1896-S,ADDIS ABABA Executive Desk,BENCH,KSM,1,210989.05,210989.05,124136.34,86852.71,41.16
1616,2024-10-07,F 2025,Sales Invoice,SI103791,10000,C0020,CM,1956-S,Conference Bundle 1-6,MISC,KSM,5,374395.26,1871976.3,1257060.75,614915.55,32.85
1617,2024-10-07,F 2025,Sales Invoice,SI103791,20000,C0020,CM,2008-S,"ACCRA Stacking Chair, blue",CHAIR,KSM,10,11856.21,118562.1,74287.5,44274.6,37.34
1618,2025-04-07,F 2025,Sales Invoice,SI103792,10000,C0023,BM,1984-S,MADRID Monitor Stand,MISC,,11,10452.79,114980.69,100771.99,14208.7,12.36
1619,2025-04-07,F 2025,Sales Invoice,SI103792,20000,C0023,BM,1896-S,ADDIS ABABA Executive Desk,BENCH,,12,198481.1,2381773.2,1669260.24,712512.96,29.92
1620,2025-01-06,F 2025,Sales Invoice,SI103793,10000,C0035,AO,1968-S,OSLO Filing Cabinet,MISC,,5,33702.43,168512.15,128706.15,39806.0,23.62
1621,2024-12-03,F 2025,Sales Invoice,SI103794,10000,C0003,CM,1960-S,"NAIROBI Guest Chair, green",CHAIR,NBI,5,25750.88,128754.4,72329.95,56424.45,43.82
1622,2024-12-03,F 2025,Sales Invoice,SI103794,20000,C0003,CM,1956-S,Conference Bundle 1-6,MISC,KSM,10,316615.79,3166157.9,2606098.9,560059.0,17.69
1623,2025-05-03,F 2025,Sales Invoice,SI103795,10000,C0002,AO,1896-S,ADDIS ABABA Executive Desk,BENCH,,8,214469.69,1715757.52,1099062.4,616695.12,35.94
1624,2025-05-03,F 2025,Sales Invoice,SI103795,20000,C0002,AO,1916-S,JOHANNESBURG Sit-Stand Desk,BENCH,,7,176135.25,1232946.75,781318.09,451628.66,36.63
1625,2025-03-06,F 2025,Sales Invoice,SI103796,10000,C0033,BM,2000-S,"KIGALI Ergonomic Chair, black",CHAIR,,5,42185.01,210925.05,143464.95,67460.1,31.98
1626,2025-03-06,F 2025,Sales Invoice,SI103796,20000,C0033,BM,1980-S,"KISUMU Swivel Chair, red",CHAIR,KSM,10,32096.69,320966.9,207459.2,113507.7,35.36
1627,2024-11-17,F 2025,Sales Invoice,SI103797,10000,C0027,BM,1960-S,"NAIROBI Guest Chair, green",CHAIR,ELD,12,26531.21,318374.52,171868.68,146505.84,46.02
1628,2024-11-17,F 2025,Sales Invoice,SI103797,20000,C0027,BM,CM-001,Commercial Reception Desk,CM_COMMER,,1,407108.19,407108.19,272492.07,134616.12,33.07
1629,2025-04-02,F 2025,Sales Invoice,SI103798,10000,C0002,AO,1908-S,DUBAI Corner Desk,BENCH,,2,112015.19,224030.38,185838.76,38191.62,17.05
1630,2025-01-04,F 2025,Sales Invoice,SI103799,10000,C0016,CM,1896-S,ADDIS ABABA Executive Desk,BENCH,NBI,5,194250.74,971253.7,592370.95,378882.75,39.01
1631,2024-12-25,F 2025,Sales Invoice,SI103800,10000,C0029,CM,1976-S,LONDON Bookcase,MISC,,5,53943.19,269715.95,158672.4,111043.55,41.17
1632,2024-12-25,F 2025,Sales Invoice,SI103800,20000,C0029,CM,1976-S,LONDON Bookcase,MISC,NBI,10,50808.26,508082.6,363247.6,144835.0,28.51
1633,2025-02-08,F 2025,Sales Invoice,SI103801,10000,C0019,BM,1936-S,ACCRA Round Table,TABLE,KSM,4,113766.22,455064.88,281137.08,173927.8,38.22
1634,2025-02-08,F 2025,Sales Invoice,SI103801,20000,C0019,BM,1980-S,"KISUMU Swivel Chair, red",CHAIR,MBA,11,30013.71,330150.81,238238.11,91912.7,27.84
1635,2025-02-08,F 2025,Sales Invoice,SI103801,30000,C0019,BM,1988-S,"KAMPALA Guest Chair, red",CHAIR,KSM,9,27959.79,251638.11,164862.27,86775.84,34.48
1636,2025-02-08,F 2025,Sales Invoice,SI103801,40000,C0019,BM,1908-S,DUBAI Corner Desk,BENCH,,2,118270.73,236541.46,159906.18,76635.28,32.4
1637,2025-01-29,F 2025,Sales Invoice,SI103802,10000,C0008,BM,1988-S,"KAMPALA Guest Chair, red",CHAIR,,10,22127.09,221270.9,158268.8,63002.1,28.47
1638,2025-01-29,F 2025,Sales Invoice,SI103802,20000,C0008,BM,1952-S,"ABUJA Whiteboard, base",MISC,NAK,6,59187.93,355127.58,232818.96,122308.62,34.44
1639,2025-03-27,F 2025,Sales Invoice,SI103803,10000,C0017,AO,2008-S,"ACCRA Stacking Chair, blue",CHAIR,,6,11380.16,68280.96,51322.02,16958.94,24.84
1640,2025-03-27,F 2025,Sales Invoice,SI103803,20000,C0017,AO,1900-S,CAIRO Writing Desk,BENCH,,4,107604.98,430419.92,277641.04,152778.88,35.5
1641,2025-03-27,F 2025,Sales Invoice,SI103803,30000,C0017,AO,1956-S,Conference Bundle 1-6,MISC,MBA,3,340469.72,1021409.16,778078.62,243330.54,23.82
1642,2025-03-27,F 2025,Sales Invoice,SI103803,40000,C0017,AO,1928-S,DAKAR Meeting Table,TABLE,,11,136041.35,1496454.85,1140774.25,355680.6,23.77
1643,2024-12-20,F 2025,Sales Invoice,SI103804,10000,C0004,AO,1980-S,"KISUMU Swivel Chair, red",CHAIR,MBA,8,28300.37,226402.96,150805.44,75597.52,33.39
1644,2024-12-20,F 2025,Sales Invoice,SI103804,20000,C0004,AO,1964-S,Guest Section 1,MISC,KSM,1,131638.12,131638.12,103007.68,28630.44,21.75
1645,2025-04-01,F 2025,Sales Invoice,SI103805,10000,C0019,CM,1960-S,"NAIROBI Guest Chair, green",CHAIR,,7,22618.73,158331.11,115756.2,42574.91,26.89
1646,2025-02-09,F 2025,Sales Invoice,SI103806,10000,C0030,CM,2008-S,"ACCRA Stacking Chair, blue",CHAIR,,7,13032.25,91225.75,63520.66,27705.09,30.37
1647,2025-02-09,F 2025,Sales Invoice,SI103806,20000,C0030,CM,2004-S,"LAGOS Executive Chair, grey",CHAIR,ELD,6,31009.29,186055.74,157458.54,28597.2,15.37
1648,2025-02-09,F 2025,Sales Invoice,SI103806,30000,C0030,CM,1960-S,"NAIROBI Guest Chair, green",CHAIR,MBA,12,22841.04,274092.48,198487.56,75604.92,27.58
1649,2025-02-09,F 2025,Sales Invoice,SI103806,40000,C0030,CM,1920-S,LUANDA Conference Table,TABLE,,12,231300.35,2775604.2,1849920.84,925683.36,33.35
1650,2025-02-09,F 2025,Sales Invoice,SI103806,50000,C0030,CM,1972-S,"MOMBASA Swivel Chair, yellow",CHAIR,NBI,3,23431.69,70295.07,60218.46,10076.61,14.33
1651,2025-02-08,F 2025,Sales Invoice,SI103807,10000,C0028,AO,2008-S,"ACCRA Stacking Chair, blue",CHAIR,,11,11191.63,123107.93,83711.98,39395.95,32.0
1652,2025-02-08,F 2025,Sales Invoice,SI103807,20000,C0028,AO,1944-S,HARARE Folding Table,TABLE,,5,42848.95,214244.75,149956.9,64287.85,30.01
1653,2025-02-08,F 2025,Sales Invoice,SI103807,30000,C0028,AO,2008-S,"ACCRA Stacking Chair, blue",CHAIR,,10,14364.81,143648.1,81165.0,62483.1,43.5
1654,2025-01-18,F 2025,Sales Invoice,SI103808,10000,C0004,AO,1984-S,MADRID Monitor Stand,MISC,ELD,1,11452.88,11452.88,8624.44,2828.44,24.7
1655,2025-01-18,F 2025,Sales Invoice,SI103808,20000,C0004,AO,1988-S,"KAMPALA Guest Chair, red",CHAIR,,9,27454.85,247093.65,150749.37,96344.28,38.99
1656,2025-01-18,F 2025,Sales Invoice,SI103808,30000,C0004,AO,2008-S,"ACCRA Stacking Chair, blue",CHAIR,,3,13228.01,39684.03,22691.97,16992.06,42.82
1657,2024-11-13,F 2025,Sales Invoice,SI103809,10000,C0030,AO,1952-S,"ABUJA Whiteboard, base",MISC,,4,56147.39,224589.56,128645.16,95944.4,42.72
1658,2024-11-13,F 2025,Sales Invoice,SI103809,20000,C0030,AO,1956-S,Conference Bundle 1-6,MISC,NAK,3,330973.0,992919.0,781074.48,211844.52,21.34
1659,2024-11-13,F 2025,Sales Invoice,SI103809,30000,C0030,AO,1908-S,DUBAI Corner Desk,BENCH,,4,117733.19,470932.76,376470.52,94462.24,20.06
1660,2024-11-13,F 2025,Sales Invoice,SI103809,40000,C0030,AO,1988-S,"KAMPALA Guest Chair, red",CHAIR,,10,25086.7,250867.0,178627.1,72239.9,28.8
1661,2024-11-13,F 2025,Sales Invoice,SI103809,50000,C0030,AO,1896-S,ADDIS ABABA Executive Desk,BENCH,,2,164383.03,328766.06,263033.64,65732.42,19.99
1662,2024-11-13,F 2025,Sales Invoice,SI103809,60000,C0030,AO,1964-S,Guest Section 1,MISC,ELD,8,147208.07,1177664.56,742378.96,435285.6,36.96
1663,2025-04-06,F 2025,Sales Invoice,SI103810,10000,C0034,BM,1944-S,HARARE Folding Table,TABLE,,4,50832.28,203329.12,114695.52,88633.6,43.59
1664,2025-04-06,F 2025,Sales Invoice,SI103810,20000,C0034,BM,2000-S,"KIGALI Ergonomic Chair, black",CHAIR,,11,34066.75,374734.25,280677.43,94056.82,25.1
1665,2025-04-06,F 2025,Sales Invoice,SI103810,30000,C0034,BM,1936-S,ACCRA Round Table,TABLE,NBI,1,96339.22,96339.22,59628.05,36711.17,38.11
1666,2025-04-06,F 2025,Sales Invoice,SI103810,40000,C0034,BM,2004-S,"LAGOS Executive Chair, grey",CHAIR,,9,33949.73,305547.57,233274.6,72272.97,23.65
1667,2025-03-12,F 2025,Sales Invoice,SI103811,10000,C0003,BM,1964-S,Guest Section 1,MISC,,4,126891.75,507567.0,396119.44,111447.56,21.96
1668,2025-03-12,F 2025,Sales Invoice,SI103811,20000,C0003,BM,1956-S,Conference Bundle 1-6,MISC,,12,371995.95,4463951.4,2762769.6,1701181.8,38.11
1669,2025-03-12,F 2025,Sales Invoice,SI103811,30000,C0003,BM,1972-S,"MOMBASA Swivel Chair, yellow",CHAIR,,9,29129.31,262163.79,160280.19,101883.6,38.86
1670,2024-10-18,F 2025,Sales Invoice,SI103812,10000,C0010,AO,1960-S,"NAIROBI Guest Chair, green",CHAIR,,12,20082.31,240987.72,177302.28,63685.44,26.43
1671,2024-10-18,F 2025,Sales Invoice,SI103812,20000,C0010,AO,1920-S,LUANDA Conference Table,TABLE,NBI,8,247489.93,1979919.44,1192429.92,787489.52,39.77
1672,2024-10-18,F 2025,Sales Invoice,SI103812,30000,C0010,AO,1956-S,Conference Bundle 1-6,MISC,,5,394897.7,1974488.5,1165671.45,808817.05,40.96
1673,2025-03-03,F 2025,Sales Invoice,SI103813,10000,C0006,AO,1972-S,"MOMBASA Swivel Chair, yellow",CHAIR,,5,25541.28,127706.4,97557.85,30148.55,23.61
1674,2025-01-17,F 2025,Sales Invoice,SI103814,10000,C0005,AO,1972-S,"MOMBASA Swivel Chair, yellow",CHAIR,MBA,12,28263.66,339163.92,213359.88,125804.04,37.09
1675,2025-01-17,F 2025,Sales Invoice,SI103814,20000,C0005,AO,1956-S,Conference Bundle 1-6,MISC,,8,402347.06,3218776.48,2193070.24,1025706.24,31.87
1676,2024-12-08,F 2025,Sales Invoice,SI103815,10000,C0028,AO,1960-S,"NAIROBI Guest Chair, green",CHAIR,,6,21669.79,130018.74,99985.5,30033.24,23.1
1677,2024-12-08,F 2025,Sales Invoice,SI103815,20000,C0028,AO,1896-S,ADDIS ABABA Executive Desk,BENCH,,7,181119.37,1267835.59,828999.15,438836.44,34.61
1678,2024-12-08,F 2025,Sales Invoice,SI103815,30000,C0028,AO,1988-S,"KAMPALA Guest Chair, red",CHAIR,,11,28839.12,317230.32,203348.2,113882.12,35.9
1679,2024-12-08,F 2025,Sales Invoice,SI103815,40000,C0028,AO,1916-S,JOHANNESBURG Sit-Stand Desk,BENCH,,3,155332.84,465998.52,305686.26,160312.26,34.4
1680,2025-03-07,F 2025,Sales Invoice,SI103816,10000,C0002,BM,1976-S,LONDON Bookcase,MISC,KSM,1,53953.3,53953.3,30990.64,22962.66,42.56
1681,2025-03-07,F 2025,Sales Invoice,SI103816,20000,C0002,BM,1968-S,OSLO Filing Cabinet,MISC,,9,39320.83,353887.47,225246.51,128640.96,36.35
1682,2025-02-15,F 2025,Sales Invoice,SI103817,10000,C0002,AO,1964-S,Guest Section 1,MISC,,4,125901.33,503605.32,367833.16,135772.16,26.96
1683,2025-02-15,F 2025,Sales Invoice,SI103817,20000,C0002,AO,1896-S,ADDIS ABABA Executive Desk,BENCH,,9,199094.85,1791853.65,1024090.2,767763.45,42.85
1684,2024-10-06,F 2025,Sales Invoice,SI103818,10000,C0008,BM,1952-S,"ABUJA Whiteboard, base",MISC,,1,60380.76,60380.76,34360.71,26020.05,43.09
1685,2024-10-06,F 2025,Sales Invoice,SI103818,20000,C0008,BM,1952-S,"ABUJA Whiteboard, base",MISC,NBI,4,54402.49,217609.96,130182.48,87427.48,40.18
1686,2025-01-05,F 2025,Sales Invoice,SI103819,10000,C0002,BM,2000-S,"KIGALI Ergonomic Chair, black",CHAIR,KSM,2,46540.66,93081.32,57138.0,35943.32,38.61
1687,2025-01-05,F 2025,Sales Invoice,SI103819,20000,C0002,BM,1944-S,HARARE Folding Table,TABLE,,1,46356.96,46356.96,26099.77,20257.19,43.7
1688,2025-01-05,F 2025,Sales Invoice,SI103819,30000,C0002,BM,1980-S,"KISUMU Swivel Chair, red",CHAIR,NBI,12,31789.71,381476.52,235206.24,146270.28,38.34
1689,2025-05-08,F 2025,Sales Invoice,SI103820,10000,C0003,AO,1960-S,"NAIROBI Guest Chair, green",CHAIR,NAK,5,21948.38,109741.9,76862.45,32879.45,29.96
1690,2025-05-08,F 2025,Sales Invoice,SI103820,20000,C0003,AO,1916-S,JOHANNESBURG Sit-Stand Desk,BENCH,NAK,7,159035.03,1113245.21,699480.6,413764.61,37.17
1691,2025-02-21,F 2025,Sales Invoice,SI103821,10000,C0003,AO,1908-S,DUBAI Corner Desk,BENCH,,7,140323.74,982266.18,638874.67,343391.51,34.96
1692,2025-02-21,F 2025,Sales Invoice,SI103821,20000,C0003,AO,1896-S,ADDIS ABABA Executive Desk,BENCH,,9,177531.9,1597787.1,1196697.06,401090.04,25.1
1693,2025-02-21,F 2025,Sales Invoice,SI103821,30000,C0003,AO,1960-S,"NAIROBI Guest Chair, green",CHAIR,,4,24043.94,96175.76,57443.52,38732.24,40.27
1694,2024-12-19,F 2025,Sales Invoice,SI103822,10000,C0023,AO,1972-S,"MOMBASA Swivel Chair, yellow",CHAIR,,3,28346.2,85038.6,50667.03,34371.57,40.42
1695,2024-12-19,F 2025,Sales Invoice,SI103822,20000,C0023,AO,1972-S,"MOMBASA Swivel Chair, yellow",CHAIR,KSM,7,30351.12,212457.84,117220.74,95237.1,44.83
1696,2024-12-19,F 2025,Sales Invoice,SI103822,30000,C0023,AO,1916-S,JOHANNESBURG Sit-Stand Desk,BENCH,,4,171776.47,687105.88,395999.76,291106.12,42.37
1697,2024-12-19,F 2025,Sales Invoice,SI103822,40000,C0023,AO,1944-S,HARARE Folding Table,TABLE,,3,38611.65,115834.95,80137.05,35697.9,30.82
1698,2024-12-19,F 2025,Sales Invoice,SI103822,50000,C0023,AO,1964-S,Guest Section 1,MISC,NBI,5,127261.92,636309.6,440771.45,195538.15,30.73
1699,2024-12-19,F 2025,Sales Invoice,SI103822,60000,C0023,AO,1908-S,DUBAI Corner Desk,BENCH,,6,121782.44,730694.64,533949.72,196744.92,26.93
1700,2025-02-01,F 2025,Sales Invoice,SI103823,10000,C0026,AO,1972-S,"MOMBASA Swivel Chair, yellow",CHAIR,,2,24746.91,49493.82,38806.52,10687.3,21.59
1701,2025-02-01,F 2025,Sales Invoice,SI103823,20000,C0026,AO,1960-S,"NAIROBI Guest Chair, green",CHAIR,,9,21317.98,191861.82,121677.75,70184.07,36.58
1702,2025-02-01,F 2025,Sales Invoice,SI103823,30000,C0026,AO,CM-001,Commercial Reception Desk,CM_COMMER,,1,417684.39,417684.39,260357.04,157327.35,37.67
1703,2025-02-01,F 2025,Sales Invoice,SI103823,40000,C0026,AO,1908-S,DUBAI Corner Desk,BENCH,,3,150531.03,451593.09,254706.06,196887.03,43.6
1704,2025-02-01,F 2025,Sales Invoice,SI103823,50000,C0026,AO,2000-S,"KIGALI Ergonomic Chair, black",CHAIR,MBA,7,33610.69,235274.83,200429.46,34845.37,14.81
1705,2025-02-01,F 2025,Sales Invoice,SI103823,60000,C0026,AO,2000-S,"KIGALI Ergonomic Chair, black",CHAIR,KSM,6,45396.18,272377.08,178275.18,94101.9,34.55
1706,2024-11-06,F 2025,Sales Invoice,SI103824,10000,C0014,AO,1984-S,MADRID Monitor Stand,MISC,,6,12849.33,77095.98,45057.12,32038.86,41.56
1707,2024-11-06,F 2025,Sales Invoice,SI103824,20000,C0014,AO,1976-S,LONDON Bookcase,MISC,,12,43546.5,522558.0,409146.24,113411.76,21.7
1708,2024-11-06,F 2025,Sales Invoice,SI103824,30000,C0014,AO,1908-S,DUBAI Corner Desk,BENCH,,8,141540.88,1132327.04,640251.28,492075.76,43.46
1709,2024-11-06,F 2025,Sales Invoice,SI103824,40000,C0014,AO,1960-S,"NAIROBI Guest Chair, green",CHAIR,KSM,1,21025.0,21025.0,14219.27,6805.73,32.37
1710,2025-02-15,F 2025,Sales Invoice,SI103825,10000,C0001,AO,1920-S,LUANDA Conference Table,TABLE,,2,278773.56,557547.12,308138.68,249408.44,44.73
1711,2025-02-15,F 2025,Sales Invoice,SI103825,20000,C0001,AO,1920-S,LUANDA Conference Table,TABLE,NBI,4,237761.13,951044.52,585762.28,365282.24,38.41
1712,2025-02-15,F 2025,Sales Invoice,SI103825,30000,C0001,AO,1916-S,JOHANNESBURG Sit-Stand Desk,BENCH,MBA,5,143408.95,717044.75,484759.35,232285.4,32.39
1713,2025-02-21,F 2025,Sales Invoice,SI103826,10000,C0014,BM,1980-S,"KISUMU Swivel Chair, red",CHAIR,,12,27903.67,334844.04,257371.92,77472.12,23.14
1714,2024-11-02,F 2025,Sales Invoice,SI103827,10000,C0010,CM,2004-S,"LAGOS Executive Chair, grey",CHAIR,KSM,10,33838.36,338383.6,253739.9,84643.7,25.01
1715,2024-11-02,F 2025,Sales Invoice,SI103827,20000,C0010,CM,1920-S,LUANDA Conference Table,TABLE,,8,208879.83,1671038.64,1376311.76,294726.88,17.64
1716,2024-11-02,F 2025,Sales Invoice,SI103827,30000,C0010,CM,1988-S,"KAMPALA Guest Chair, red",CHAIR,NBI,10,21455.56,214555.6,182192.6,32363.0,15.08
1717,2024-12-22,F 2025,Sales Invoice,SI103828,10000,C0033,AO,1952-S,"ABUJA Whiteboard, base",MISC,,7,56652.08,396564.56,235295.83,161268.73,40.67
1718,2024-10-31,F 2025,Sales Invoice,SI103829,10000,C0004,AO,1936-S,ACCRA Round Table,TABLE,,6,95830.42,574982.52,398945.88,176036.64,30.62
1719,2024-10-31,F 2025,Sales Invoice,SI103829,20000,C0004,AO,1964-S,Guest Section 1,MISC,NBI,4,146672.29,586689.16,414516.96,172172.2,29.35
1720,2024-10-31,F 2025,Sales Invoice,SI103829,30000,C0004,AO,1936-S,ACCRA Round Table,TABLE,NBI,7,87186.72,610307.04,508216.94,102090.1,16.73
1721,2025-03-25,F 2025,Sales Invoice,SI103830,10000,C0029,AO,1980-S,"KISUMU Swivel Chair, red",CHAIR,,6,26855.23,161131.38,117142.38,43989.0,27.3
1722,2025-03-25,F 2025,Sales Invoice,SI103830,20000,C0029,AO,1896-S,ADDIS ABABA Executive Desk,BENCH,MBA,10,218334.15,2183341.5,1209907.1,973434.4,44.58
1723,2025-03-25,F 2025,Sales Invoice,SI103830,30000,C0029,AO,1896-S,ADDIS ABABA Executive Desk,BENCH,,3,182752.5,548257.5,416317.89,131939.61,24.07
1724,2025-01-01,F 2025,Sales Invoice,SI103831,10000,C0001,BM,1972-S,"MOMBASA Swivel Chair, yellow",CHAIR,,6,30077.1,180462.6,114965.28,65497.32,36.29
1725,2025-01-01,F 2025,Sales Invoice,SI103831,20000,C0001,BM,2000-S,"KIGALI Ergonomic Chair, black",CHAIR,,11,43962.72,483589.92,274407.87,209182.05,43.26
1726,2025-03-28,F 2025,Sales Invoice,SI103832,10000,C0003,BM,1916-S,JOHANNESBURG Sit-Stand Desk,BENCH,ELD,1,170598.3,170598.3,97454.19,73144.11,42.88
1727,2025-03-11,F 2025,Sales Invoice,SI103833,10000,C0002,AO,1928-S,DAKAR Meeting Table,TABLE,,9,166025.02,1494225.18,801636.48,692588.7,46.35
1728,2025-03-11,F 2025,Sales Invoice,SI103833,20000,C0002,AO,1968-S,OSLO Filing Cabinet,MISC,NBI,3,35542.41,106627.23,75100.83,31526.4,29.57
1729,2025-03-11,F 2025,Sales Invoice,SI103833,30000,C0002,AO,1972-S,"MOMBASA Swivel Chair, yellow",CHAIR,,2,30098.18,60196.36,38584.14,21612.22,35.9
1730,2024-10-25,F 2025,Sales Invoice,SI103834,10000,C0003,CM,1928-S,DAKAR Meeting Table,TABLE,NBI,12,130103.69,1561244.28,1130407.2,430837.08,27.6
1731,2024-10-25,F 2025,Sales Invoice,SI103834,20000,C0003,CM,2004-S,"LAGOS Executive Chair, grey",CHAIR,KSM,12,34375.99,412511.88,255431.76,157080.12,38.08
1732,2024-10-25,F 2025,Sales Invoice,SI103834,30000,C0003,CM,2008-S,"ACCRA Stacking Chair, blue",CHAIR,NBI,1,13448.41,13448.41,8866.24,4582.17,34.07
1733,2024-10-25,F 2025,Sales Invoice,SI103834,40000,C0003,CM,1928-S,DAKAR Meeting Table,TABLE,,2,167486.85,334973.7,176803.32,158170.38,47.22
1734,2024-12-08,F 2025,Sales Invoice,SI103835,10000,C0005,AO,1988-S,"KAMPALA Guest Chair, red",CHAIR,NBI,9,28612.54,257512.86,137154.24,120358.62,46.74
1735,2024-10-01,F 2025,Sales Invoice,SI103836,10000,C0008,AO,1900-S,CAIRO Writing Desk,BENCH,,12,110401.07,1324812.84,823314.84,501498.0,37.85
1736,2024-10-24,F 2025,Sales Invoice,SI103837,10000,C0001,AO,1920-S,LUANDA Conference Table,TABLE,,1,221910.74,221910.74,154777.57,67133.17,30.25
1737,2024-10-24,F 2025,Sales Invoice,SI103837,20000,C0001,AO,1896-S,ADDIS ABABA Executive Desk,BENCH,,2,202428.9,404857.8,266931.96,137925.84,34.07
1738,2025-03-24,F 2025,Sales Invoice,SI103838,10000,C0029,BM,1952-S,"ABUJA Whiteboard, base",MISC,,3,58474.08,175422.24,111514.35,63907.89,36.43
1739,2024-12-11,F 2025,Sales Invoice,SI103839,10000,C0003,AO,1980-S,"KISUMU Swivel Chair, red",CHAIR,KSM,4,30575.39,122301.56,89175.6,33125.96,27.09
1740,2024-12-07,F 2025,Sales Invoice,SI103840,10000,C0003,AO,1952-S,"ABUJA Whiteboard, base",MISC,NBI,9,56765.58,510890.22,315751.59,195138.63,38.2
1741,2024-12-07,F 2025,Sales Invoice,SI103840,20000,C0003,AO,1960-S,"NAIROBI Guest Chair, green",CHAIR,,10,23009.04,230090.4,159317.2,70773.2,30.76
1742,2025-03-29,F 2025,Sales Invoice,SI103841,10000,C0012,AO,2000-S,"KIGALI Ergonomic Chair, black",CHAIR,NBI,6,34816.48,208898.88,171403.86,37495.02,17.95
1743,2025-03-29,F 2025,Sales Invoice,SI103841,20000,C0012,AO,1952-S,"ABUJA Whiteboard, base",MISC,,2,49397.61,98795.22,70297.54,28497.68,28.85
1744,2025-03-29,F 2025,Sales Invoice,SI103841,30000,C0012,AO,2000-S,"KIGALI Ergonomic Chair, black",CHAIR,,2,42390.51,84781.02,53480.38,31300.64,36.92
1745,2025-01-28,F 2025,Sales Invoice,SI103842,10000,C0004,BM,1920-S,LUANDA Conference Table,TABLE,,1,267070.77,267070.77,164268.42,102802.35,38.49
1746,2025-01-28,F 2025,Sales Invoice,SI103842,20000,C0004,BM,1968-S,OSLO Filing Cabinet,MISC,KSM,3,42334.96,127004.88,65642.55,61362.33,48.31
1747,2024-10-26,F 2025,Sales Invoice,SI103843,10000,C0004,AO,1908-S,DUBAI Corner Desk,BENCH,,1,138101.8,138101.8,81213.14,56888.66,41.19
1748,2025-03-27,F 2025,Sales Invoice,SI103844,10000,C0004,AO,1988-S,"KAMPALA Guest Chair, red",CHAIR,,6,28026.95,168161.7,109312.44,58849.26,35.0
1749,2025-03-27,F 2025,Sales Invoice,SI103844,20000,C0004,AO,1960-S,"NAIROBI Guest Chair, green",CHAIR,,4,25580.41,102321.64,54596.44,47725.2,46.64
1750,2025-03-27,F 2025,Sales Invoice,SI103844,30000,C0004,AO,1896-S,ADDIS ABABA Executive Desk,BENCH,,5,189289.6,946448.0,600201.0,346247.0,36.58
1751,2025-03-27,F 2025,Sales Invoice,SI103844,40000,C0004,AO,1908-S,DUBAI Corner Desk,BENCH,MBA,5,152119.22,760596.1,394747.25,365848.85,48.1
1752,2024-11-20,F 2025,Sales Invoice,SI103845,10000,C0009,CM,1928-S,DAKAR Meeting Table,TABLE,KSM,1,132059.52,132059.52,100336.43,31723.09,24.02
1753,2025-04-24,F 2025,Sales Invoice,SI103846,10000,C0004,AO,1928-S,DAKAR Meeting Table,TABLE,,4,140580.64,562322.56,363323.2,198999.36,35.39
1754,2025-04-24,F 2025,Sales Invoice,SI103846,20000,C0004,AO,1988-S,"KAMPALA Guest Chair, red",CHAIR,,4,24837.23,99348.92,72058.76,27290.16,27.47
1755,2025-02-20,F 2025,Sales Invoice,SI103847,10000,C0004,CM,2008-S,"ACCRA Stacking Chair, blue",CHAIR,,8,12473.41,99787.28,71214.16,28573.12,28.63
1756,2025-02-20,F 2025,Sales Invoice,SI103847,20000,C0004,CM,1900-S,CAIRO Writing Desk,BENCH,KSM,7,111723.64,782065.48,489675.9,292389.58,37.39
1757,2024-10-25,F 2025,Sales Invoice,SI103848,10000,C0003,AO,1896-S,ADDIS ABABA Executive Desk,BENCH,KSM,6,189642.91,1137857.46,796269.72,341587.74,30.02
1758,2024-10-25,F 2025,Sales Invoice,SI103848,20000,C0003,AO,1896-S,ADDIS ABABA Executive Desk,BENCH,KSM,7,165284.12,1156988.84,877149.28,279839.56,24.19
1759,2024-10-25,F 2025,Sales Invoice,SI103848,30000,C0003,AO,CM-001,Commercial Reception Desk,CM_COMMER,KSM,1,425947.53,425947.53,246411.4,179536.13,42.15
1760,2024-10-25,F 2025,Sales Invoice,SI103848,40000,C0003,AO,2008-S,"ACCRA Stacking Chair, blue",CHAIR,,6,10999.94,65999.64,50430.42,15569.22,23.59
1761,2024-10-25,F 2025,Sales Invoice,SI103848,50000,C0003,AO,1896-S,ADDIS ABABA Executive Desk,BENCH,,2,197152.57,394305.14,243994.5,150310.64,38.12
1762,2024-11-24,F 2025,Sales Invoice,SI103849,10000,C0001,AO,1980-S,"KISUMU Swivel Chair, red",CHAIR,NBI,3,30023.67,90071.01,55778.67,34292.34,38.07
1763,2024-11-24,F 2025,Sales Invoice,SI103849,20000,C0001,AO,1960-S,"NAIROBI Guest Chair, green",CHAIR,,7,24110.7,168774.9,117900.3,50874.6,30.14
1764,2024-10-28,F 2025,Sales Invoice,SI103850,10000,C0001,AO,1972-S,"MOMBASA Swivel Chair, yellow",CHAIR,,7,26187.38,183311.66,115646.86,67664.8,36.91
1765,2024-10-28,F 2025,Sales Invoice,SI103850,20000,C0001,AO,1916-S,JOHANNESBURG Sit-Stand Desk,BENCH,KSM,7,145922.95,1021460.65,754660.69,266799.96,26.12
1766,2024-10-28,F 2025,Sales Invoice,SI103850,30000,C0001,AO,1928-S,DAKAR Meeting Table,TABLE,,7,147983.52,1035884.64,698515.79,337368.85,32.57
1767,2025-03-12,F 2025,Sales Invoice,SI103851,10000,C0022,AO,1900-S,CAIRO Writing Desk,BENCH,NAK,8,112687.02,901496.16,639235.6,262260.56,29.09
1768,2025-03-12,F 2025,Sales Invoice,SI103851,20000,C0022,AO,1972-S,"MOMBASA Swivel Chair, yellow",CHAIR,,3,29328.79,87986.37,50358.78,37627.59,42.77
1769,2025-03-12,F 2025,Sales Invoice,SI103851,30000,C0022,AO,1928-S,DAKAR Meeting Table,TABLE,KSM,3,157382.31,472146.93,271566.81,200580.12,42.48
1770,2025-03-12,F 2025,Sales Invoice,SI103851,40000,C0022,AO,2000-S,"KIGALI Ergonomic Chair, black",CHAIR,,9,38024.59,342221.31,267095.07,75126.24,21.95
1771,2025-03-12,F 2025,Sales Invoice,SI103851,50000,C0022,AO,1960-S,"NAIROBI Guest Chair, green",CHAIR,,5,26285.92,131429.6,72205.8,59223.8,45.06
1772,2024-10-13,F 2025,Sales Invoice,SI103852,10000,C0016,CM,2004-S,"LAGOS Executive Chair, grey",CHAIR,,5,36290.06,181450.3,125820.35,55629.95,30.66
1773,2024-12-15,F 2025,Sales Invoice,SI103853,10000,C0001,AO,1920-S,LUANDA Conference Table,TABLE,,10,205030.31,2050303.1,1489423.6,560879.5,27.36
1774,2024-12-15,F 2025,Sales Invoice,SI103853,20000,C0001,AO,1896-S,ADDIS ABABA Executive Desk,BENCH,KSM,3,167617.12,502851.36,403985.46,98865.9,19.66
1775,2025-03-12,F 2025,Sales Invoice,SI103854,10000,C0028,AO,1900-S,CAIRO Writing Desk,BENCH,NBI,10,121868.82,1218688.2,697366.5,521321.7,42.78
1776,2025-03-12,F 2025,Sales Invoice,SI103854,20000,C0028,AO,1944-S,HARARE Folding Table,TABLE,,9,45743.78,411694.02,245590.29,166103.73,40.35
1777,2024-10-10,F 2025,Sales Invoice,SI103855,10000,C0034,AO,1964-S,Guest Section 1,MISC,,7,160819.02,1125733.14,647906.28,477826.86,42.45
1778,2024-10-10,F 2025,Sales Invoice,SI103855,20000,C0034,AO,1920-S,LUANDA Conference Table,TABLE,MBA,5,237195.57,1185977.85,864708.15,321269.7,27.09
1779,2024-10-10,F 2025,Sales Invoice,SI103855,30000,C0034,AO,2000-S,"KIGALI Ergonomic Chair, black",CHAIR,MBA,11,42918.33,472101.63,274023.75,198077.88,41.96
1780,2024-10-30,F 2025,Sales Invoice,SI103856,10000,C0010,CM,1920-S,LUANDA Conference Table,TABLE,NBI,9,233865.73,2104791.57,1607285.16,497506.41,23.64
1781,2024-10-30,F 2025,Sales Invoice,SI103856,20000,C0010,CM,1896-S,ADDIS ABABA Executive Desk,BENCH,,8,210630.04,1685040.32,1045826.24,639214.08,37.93
1782,2024-10-30,F 2025,Sales Invoice,SI103856,30000,C0010,CM,1936-S,ACCRA Round Table,TABLE,,3,109375.98,328127.94,200094.51,128033.43,39.02
1783,2024-10-30,F 2025,Sales Invoice,SI103856,40000,C0010,CM,1968-S,OSLO Filing Cabinet,MISC,,11,38422.47,422647.17,299006.4,123640.77,29.25
1784,2024-10-30,F 2025,Sales Invoice,SI103856,50000,C0010,CM,1952-S,"ABUJA Whiteboard, base",MISC,,11,47404.78,521452.58,401387.14,120065.44,23.03
1785,2024-10-30,F 2025,Sales Invoice,SI103856,60000,C0010,CM,EM-001,Executive Meeting Room Set,EM_COMMER,KSM,6,763640.07,4581840.42,2728470.96,1853369.46,40.45
1786,2024-11-26,F 2025,Sales Invoice,SI103857,10000,C0003,AO,1956-S,Conference Bundle 1-6,MISC,,10,407845.41,4078454.1,2649223.9,1429230.2,35.04
1787,2024-11-26,F 2025,Sales Invoice,SI103857,20000,C0003,AO,1900-S,CAIRO Writing Desk,BENCH,,9,113049.17,1017442.53,694385.91,323056.62,31.75
1788,2024-11-26,F 2025,Sales Invoice,SI103857,30000,C0003,AO,1896-S,ADDIS ABABA Executive Desk,BENCH,,8,215794.93,1726359.44,944669.28,781690.16,45.28
1789,2024-11-13,F 2025,Sales Invoice,SI103858,10000,C0003,BM,1964-S,Guest Section 1,MISC,,2,144688.29,289376.58,200510.56,88866.02,30.71
1790,2024-11-23,F 2025,Sales Invoice,SI103859,10000,C0008,BM,1952-S,"ABUJA Whiteboard, base",MISC,,8,47295.4,378363.2,284109.36,94253.84,24.91
1791,2024-11-23,F 2025,Sales Invoice,SI103859,20000,C0008,BM,1980-S,"KISUMU Swivel Chair, red",CHAIR,KSM,6,30921.32,185527.92,131021.64,54506.28,29.38
1792,2025-04-11,F 2025,Sales Invoice,SI103860,10000,C0009,CM,1988-S,"KAMPALA Guest Chair, red",CHAIR,NBI,9,25205.64,226850.76,147014.64,79836.12,35.19
1793,2025-04-11,F 2025,Sales Invoice,SI103860,20000,C0009,CM,1972-S,"MOMBASA Swivel Chair, yellow",CHAIR,,4,31677.35,126709.4,81386.56,45322.84,35.77
1794,2025-05-10,F 2025,Sales Invoice,SI103861,10000,C0020,AO,1896-S,ADDIS ABABA Executive Desk,BENCH,MBA,7,205996.14,1441972.98,847314.09,594658.89,41.24
1795,2025-05-10,F 2025,Sales Invoice,SI103861,20000,C0020,AO,2000-S,"KIGALI Ergonomic Chair, black",CHAIR,KSM,6,46135.44,276812.64,183631.44,93181.2,33.66
1796,2025-05-10,F 2025,Sales Invoice,SI103861,30000,C0020,AO,1920-S,LUANDA Conference Table,TABLE,,11,236867.06,2605537.66,1625200.5,980337.16,37.63
1797,2025-05-08,F 2025,Sales Invoice,SI103862,10000,C0019,AO,1976-S,LONDON Bookcase,MISC,,3,48817.2,146451.6,106896.36,39555.24,27.01
1798,2025-02-14,F 2025,Sales Invoice,SI103863,10000,C0021,CM,1928-S,DAKAR Meeting Table,TABLE,NAK,2,156868.26,313736.52,184637.4,129099.12,41.15
1799,2025-02-14,F 2025,Sales Invoice,SI103863,20000,C0021,CM,1896-S,ADDIS ABABA Executive Desk,BENCH,,11,202239.21,2224631.31,1529890.34,694740.97,31.23
1800,2025-02-14,F 2025,Sales Invoice,SI103863,30000,C0021,CM,1900-S,CAIRO Writing Desk,BENCH,MBA,2,121510.88,243021.76,170096.52,72925.24,30.01
1801,2024-12-23,F 2025,Sales Invoice,SI103864,10000,C0002,BM,1928-S,DAKAR Meeting Table,TABLE,NBI,6,151401.61,908409.66,540220.2,368189.46,40.53
1802,2024-12-23,F 2025,Sales Invoice,SI103864,20000,C0002,BM,1896-S,ADDIS ABABA Executive Desk,BENCH,,9,197467.38,1777206.42,1094099.4,683107.02,38.44
1803,2024-12-23,F 2025,Sales Invoice,SI103864,30000,C0002,BM,2008-S,"ACCRA Stacking Chair, blue",CHAIR,MBA,4,12049.34,48197.36,34156.92,14040.44,29.13
1804,2024-12-22,F 2025,Sales Invoice,SI103865,10000,C0001,AO,1916-S,JOHANNESBURG Sit-Stand Desk,BENCH,ELD,8,185466.83,1483734.64,903410.08,580324.56,39.11
1805,2025-04-22,F 2025,Sales Invoice,SI103866,10000,C0005,AO,1952-S,"ABUJA Whiteboard, base",MISC,,6,61811.13,370866.78,219204.66,151662.12,40.89
1806,2025-04-22,F 2025,Sales Invoice,SI103866,20000,C0005,AO,1936-S,ACCRA Round Table,TABLE,KSM,2,106833.17,213666.34,129245.16,84421.18,39.51
1807,2025-04-22,F 2025,Sales Invoice,SI103866,30000,C0005,AO,1964-S,Guest Section 1,MISC,,8,123443.64,987549.12,733048.16,254500.96,25.77
1808,2024-12-06,F 2025,Sales Invoice,SI103867,10000,C0008,CM,1920-S,LUANDA Conference Table,TABLE,NBI,9,239019.73,2151177.57,1482717.69,668459.88,31.07
1809,2024-12-06,F 2025,Sales Invoice,SI103867,20000,C0008,CM,1960-S,"NAIROBI Guest Chair, green",CHAIR,,7,24078.64,168550.48,104292.72,64257.76,38.12
1810,2024-12-06,F 2025,Sales Invoice,SI103867,30000,C0008,CM,1896-S,ADDIS ABABA Executive Desk,BENCH,NBI,9,205100.98,1845908.82,1246387.32,599521.5,32.48
1811,2024-10-27,F 2025,Sales Invoice,SI103868,10000,C0002,AO,1952-S,"ABUJA Whiteboard, base",MISC,KSM,2,50050.88,100101.76,79084.72,21017.04,21.0
1812,2024-10-27,F 2025,Sales Invoice,SI103868,20000,C0002,AO,1980-S,"KISUMU Swivel Chair, red",CHAIR,,4,32943.85,131775.4,80436.4,51339.0,38.96
1813,2024-10-27,F 2025,Sales Invoice,SI103868,30000,C0002,AO,1928-S,DAKAR Meeting Table,TABLE,KSM,2,122742.59,245485.18,177486.42,67998.76,27.7
1814,2024-10-27,F 2025,Sales Invoice,SI103868,40000,C0002,AO,1952-S,"ABUJA Whiteboard, base",MISC,NBI,6,56772.75,340636.5,203226.9,137409.6,40.34
1815,2025-03-29,F 2025,Sales Invoice,SI103869,10000,C0002,AO,1980-S,"KISUMU Swivel Chair, red",CHAIR,,9,32378.05,291402.45,165352.41,126050.04,43.26
1816,2025-01-01,F 2025,Sales Invoice,SI103870,10000,C0004,BM,1916-S,JOHANNESBURG Sit-Stand Desk,BENCH,,5,149244.13,746220.65,512373.4,233847.25,31.34
1817,2025-01-01,F 2025,Sales Invoice,SI103870,20000,C0004,BM,1944-S,HARARE Folding Table,TABLE,NBI,12,49024.33,588291.96,370192.92,218099.04,37.07
1818,2025-01-01,F 2025,Sales Invoice,SI103870,30000,C0004,BM,2000-S,"KIGALI Ergonomic Chair, black",CHAIR,,4,37422.16,149688.64,116694.88,32993.76,22.04
1819,2025-02-27,F 2025,Sales Invoice,SI103871,10000,C0004,AO,1964-S,Guest Section 1,MISC,,9,119631.89,1076687.01,919438.2,157248.81,14.6
1820,2025-02-27,F 2025,Sales Invoice,SI103871,20000,C0004,AO,2008-S,"ACCRA Stacking Chair, blue",CHAIR,,3,11047.73,33143.19,26772.87,6370.32,19.22
1821,2025-01-05,F 2025,Sales Invoice,SI103872,10000,C0007,CM,1908-S,DUBAI Corner Desk,BENCH,KSM,3,142224.23,426672.69,288747.69,137925.0,32.33
1822,2024-10-17,F 2025,Sales Invoice,SI103873,10000,C0003,AO,2000-S,"KIGALI Ergonomic Chair, black",CHAIR,,12,43252.35,519028.2,334852.68,184175.52,35.48
1823,2025-01-26,F 2025,Sales Invoice,SI103874,10000,C0013,BM,1944-S,HARARE Folding Table,TABLE,,9,40385.68,363471.12,283616.01,79855.11,21.97
1824,2024-10-09,F 2025,Sales Invoice,SI103875,10000,C0001,AO,1960-S,"NAIROBI Guest Chair, green",CHAIR,,9,25056.25,225506.25,129827.79,95678.46,42.43
1825,2024-10-09,F 2025,Sales Invoice,SI103875,20000,C0001,AO,1972-S,"MOMBASA Swivel Chair, yellow",CHAIR,,1,28870.64,28870.64,20393.59,8477.05,29.36
1826,2025-04-23,F 2025,Sales Invoice,SI103876,10000,C0016,BM,1988-S,"KAMPALA Guest Chair, red",CHAIR,NAK,12,24251.75,291021.0,223697.04,67323.96,23.13
1827,2025-04-23,F 2025,Sales Invoice,SI103876,20000,C0016,BM,2000-S,"KIGALI Ergonomic Chair, black",CHAIR,NBI,5,46294.85,231474.25,131317.6,100156.65,43.27
1828,2025-04-23,F 2025,Sales Invoice,SI103876,30000,C0016,BM,1960-S,"NAIROBI Guest Chair, green",CHAIR,,3,23224.53,69673.59,40269.9,29403.69,42.2
1829,2025-02-27,F 2025,Sales Invoice,SI103877,10000,C0007,CM,1964-S,Guest Section 1,MISC,,1,129679.02,129679.02,97748.81,31930.21,24.62
1830,2024-10-30,F 2025,Sales Invoice,SI103878,10000,C0006,AO,1920-S,LUANDA Conference Table,TABLE,,10,262526.14,2625261.4,1763901.9,861359.5,32.81
1831,2025-05-09,F 2025,Sales Invoice,SI103879,10000,C0018,CM,1928-S,DAKAR Meeting Table,TABLE,,10,160716.92,1607169.2,1065794.0,541375.2,33.69
1832,2025-05-09,F 2025,Sales Invoice,SI103879,20000,C0018,CM,1960-S,"NAIROBI Guest Chair, green",CHAIR,,7,24356.87,170498.09,110169.92,60328.17,35.38
1833,2025-02-07,F 2025,Sales Invoice,SI103880,10000,C0003,AO,2000-S,"KIGALI Ergonomic Chair, black",CHAIR,,9,43417.83,390760.47,250268.94,140491.53,35.95
1834,2025-02-07,F 2025,Sales Invoice,SI103880,20000,C0003,AO,2004-S,"LAGOS Executive Chair, grey",CHAIR,,8,37243.68,297949.44,204724.88,93224.56,31.29
1835,2025-02-07,F 2025,Sales Invoice,SI103880,30000,C0003,AO,1960-S,"NAIROBI Guest Chair, green",CHAIR,,9,26284.85,236563.65,130042.44,106521.21,45.03
1836,2025-01-19,F 2025,Sales Invoice,SI103881,10000,C0001,BM,2008-S,"ACCRA Stacking Chair, blue",CHAIR,KSM,11,11356.88,124925.68,94154.17,30771.51,24.63
1837,2025-01-19,F 2025,Sales Invoice,SI103881,20000,C0001,BM,1952-S,"ABUJA Whiteboard, base",MISC,KSM,4,48320.22,193280.88,134569.8,58711.08,30.38
1838,2025-01-19,F 2025,Sales Invoice,SI103881,30000,C0001,BM,1900-S,CAIRO Writing Desk,BENCH,,11,114191.78,1256109.58,822036.82,434072.76,34.56
1839,2025-01-19,F 2025,Sales Invoice,SI103881,40000,C0001,BM,1980-S,"KISUMU Swivel Chair, red",CHAIR,,3,29246.52,87739.56,60815.01,26924.55,30.69
1840,2024-11-10,F 2025,Sales Invoice,SI103882,10000,C0002,BM,EM-001,Executive Meeting Room Set,EM_COMMER,KSM,11,665226.86,7317495.46,5723078.79,1594416.67,21.79
1841,2024-11-10,F 2025,Sales Invoice,SI103882,20000,C0002,BM,1988-S,"KAMPALA Guest Chair, red",CHAIR,,5,23167.05,115835.25,80584.15,35251.1,30.43
1842,2024-11-10,F 2025,Sales Invoice,SI103882,30000,C0002,BM,1980-S,"KISUMU Swivel Chair, red",CHAIR,,6,31983.83,191902.98,110058.42,81844.56,42.65
1843,2024-11-10,F 2025,Sales Invoice,SI103882,40000,C0002,BM,2004-S,"LAGOS Executive Chair, grey",CHAIR,KSM,10,31975.64,319756.4,229783.5,89972.9,28.14
1844,2024-11-10,F 2025,Sales Invoice,SI103882,50000,C0002,BM,1896-S,ADDIS ABABA Executive Desk,BENCH,NAK,7,162088.29,1134618.03,988979.39,145638.64,12.84
1845,2025-04-15,F 2025,Sales Invoice,SI103883,10000,C0023,AO,1928-S,DAKAR Meeting Table,TABLE,,5,150600.57,753002.85,503844.0,249158.85,33.09
1846,2025-04-21,F 2025,Sales Invoice,SI103884,10000,C0008,AO,1952-S,"ABUJA Whiteboard, base",MISC,,10,53629.74,536297.4,371366.5,164930.9,30.75
1847,2025-04-21,F 2025,Sales Invoice,SI103884,20000,C0008,AO,1988-S,"KAMPALA Guest Chair, red",CHAIR,,6,24010.57,144063.42,107671.26,36392.16,25.26
1848,2025-04-21,F 2025,Sales Invoice,SI103884,30000,C0008,AO,1984-S,MADRID Monitor Stand,MISC,NAK,1,11458.72,11458.72,7648.89,3809.83,33.25
1849,2025-03-30,F 2025,Sales Invoice,SI103885,10000,C0002,AO,1896-S,ADDIS ABABA Executive Desk,BENCH,,2,170296.56,340593.12,229468.76,111124.36,32.63
1850,2025-03-30,F 2025,Sales Invoice,SI103885,20000,C0002,AO,1896-S,ADDIS ABABA Executive Desk,BENCH,KSM,5,190122.21,950611.05,627087.05,323524.0,34.03
1851,2025-03-30,F 2025,Sales Invoice,SI103885,30000,C0002,AO,2004-S,"LAGOS Executive Chair, grey",CHAIR,,12,36466.38,437596.56,259795.32,177801.24,40.63
1852,2024-12-16,F 2025,Sales Invoice,SI103886,10000,C0009,BM,2004-S,"LAGOS Executive Chair, grey",CHAIR,,9,32766.34,294897.06,201140.28,93756.78,31.79
1853,2024-12-16,F 2025,Sales Invoice,SI103886,20000,C0009,BM,2000-S,"KIGALI Ergonomic Chair, black",CHAIR,NBI,1,37901.1,37901.1,26581.27,11319.83,29.87
1854,2025-03-29,F 2025,Sales Invoice,SI103887,10000,C0004,BM,1968-S,OSLO Filing Cabinet,MISC,,8,33195.13,265561.04,207884.96,57676.08,21.72
1855,2025-03-29,F 2025,Sales Invoice,SI103887,20000,C0004,BM,1988-S,"KAMPALA Guest Chair, red",CHAIR,KSM,6,25421.6,152529.6,112814.52,39715.08,26.04
1856,2025-03-29,F 2025,Sales Invoice,SI103887,30000,C0004,BM,2000-S,"KIGALI Ergonomic Chair, black",CHAIR,KSM,12,44311.78,531741.36,368105.76,163635.6,30.77
1857,2025-03-29,F 2025,Sales Invoice,SI103887,40000,C0004,BM,1896-S,ADDIS ABABA Executive Desk,BENCH,,8,159493.28,1275946.24,1065518.32,210427.92,16.49
1858,2025-02-09,F 2025,Sales Invoice,SI103888,10000,C0008,AO,1984-S,MADRID Monitor Stand,MISC,,6,11964.84,71789.04,53976.3,17812.74,24.81
1859,2025-02-09,F 2025,Sales Invoice,SI103888,20000,C0008,AO,1920-S,LUANDA Conference Table,TABLE,,12,249447.56,2993370.72,2000515.2,992855.52,33.17
1860,2025-02-09,F 2025,Sales Invoice,SI103888,30000,C0008,AO,1972-S,"MOMBASA Swivel Chair, yellow",CHAIR,,3,31493.77,94481.31,57931.59,36549.72,38.68
1861,2025-02-09,F 2025,Sales Invoice,SI103888,40000,C0008,AO,1976-S,LONDON Bookcase,MISC,,10,47317.51,473175.1,373940.1,99235.0,20.97
1862,2025-02-09,F 2025,Sales Invoice,SI103888,50000,C0008,AO,1928-S,DAKAR Meeting Table,TABLE,ELD,5,166143.97,830719.85,471715.95,359003.9,43.22
1863,2025-02-09,F 2025,Sales Invoice,SI103888,60000,C0008,AO,1980-S,"KISUMU Swivel Chair, red",CHAIR,,6,30334.21,182005.26,113745.48,68259.78,37.5
1864,2025-02-13,F 2025,Sales Invoice,SI103889,10000,C0019,CM,1968-S,OSLO Filing Cabinet,MISC,NBI,7,41426.67,289986.69,184758.0,105228.69,36.29
1865,2025-02-13,F 2025,Sales Invoice,SI103889,20000,C0019,CM,1960-S,"NAIROBI Guest Chair, green",CHAIR,NBI,4,21909.06,87636.24,65218.72,22417.52,25.58
1866,2025-02-13,F 2025,Sales Invoice,SI103889,30000,C0019,CM,1916-S,JOHANNESBURG Sit-Stand Desk,BENCH,,6,157531.34,945188.04,582402.96,362785.08,38.38
1867,2025-02-13,F 2025,Sales Invoice,SI103889,40000,C0019,CM,1956-S,Conference Bundle 1-6,MISC,,6,403544.39,2421266.34,1361518.38,1059747.96,43.77
1868,2025-02-13,F 2025,Sales Invoice,SI103889,50000,C0019,CM,1980-S,"KISUMU Swivel Chair, red",CHAIR,,3,30077.76,90233.28,66454.26,23779.02,26.35
1869,2025-03-04,F 2025,Sales Invoice,SI103890,10000,C0001,CM,2008-S,"ACCRA Stacking Chair, blue",CHAIR,,2,11315.5,22631.0,18195.9,4435.1,19.6
1870,2024-11-23,F 2025,Sales Invoice,SI103891,10000,C0002,AO,1988-S,"KAMPALA Guest Chair, red",CHAIR,NBI,4,25482.79,101931.16,59254.24,42676.92,41.87
1871,2024-11-23,F 2025,Sales Invoice,SI103891,20000,C0002,AO,1976-S,LONDON Bookcase,MISC,,2,43144.48,86288.96,70779.86,15509.1,17.97
1872,2024-11-23,F 2025,Sales Invoice,SI103891,30000,C0002,AO,1944-S,HARARE Folding Table,TABLE,,12,48079.77,576957.24,385006.2,191951.04,33.27
1873,2024-11-23,F 2025,Sales Invoice,SI103891,40000,C0002,AO,1988-S,"KAMPALA Guest Chair, red",CHAIR,NAK,7,24551.73,171862.11,106421.21,65440.9,38.08
1874,2024-11-23,F 2025,Sales Invoice,SI103891,50000,C0002,AO,1908-S,DUBAI Corner Desk,BENCH,KSM,10,133569.66,1335696.6,928062.6,407634.0,30.52
1875,2024-11-23,F 2025,Sales Invoice,SI103891,60000,C0002,AO,1972-S,"MOMBASA Swivel Chair, yellow",CHAIR,ELD,8,31648.16,253185.28,157775.36,95409.92,37.68
1876,2025-01-15,F 2025,Sales Invoice,SI103892,10000,C0034,AO,2008-S,"ACCRA Stacking Chair, blue",CHAIR,,5,13292.06,66460.3,45327.15,21133.15,31.8
1877,2025-01-15,F 2025,Sales Invoice,SI103892,20000,C0034,AO,1896-S,ADDIS ABABA Executive Desk,BENCH,,7,205040.63,1435284.41,821543.38,613741.03,42.76
1878,2025-01-15,F 2025,Sales Invoice,SI103892,30000,C0034,AO,1976-S,LONDON Bookcase,MISC,,2,49576.44,99152.88,65253.6,33899.28,34.19
1879,2025-01-15,F 2025,Sales Invoice,SI103892,40000,C0034,AO,PART-2,Desk Leg Leveller Kit,PARTS,NBI,2,597.64,1195.28,500.1,695.18,58.16
1880,2024-10-05,F 2025,Sales Invoice,SI103893,10000,C0003,CM,2004-S,"LAGOS Executive Chair, grey",CHAIR,,3,39479.23,118437.69,73003.71,45433.98,38.36
1881,2024-10-05,F 2025,Sales Invoice,SI103893,20000,C0003,CM,1908-S,DUBAI Corner Desk,BENCH,,3,135165.88,405497.64,248145.57,157352.07,38.8
1882,2024-10-05,F 2025,Sales Invoice,SI103893,30000,C0003,CM,1952-S,"ABUJA Whiteboard, base",MISC,,12,49573.75,594885.0,426230.04,168654.96,28.35
1883,2024-11-10,F 2025,Sales Invoice,SI103894,10000,C0002,AO,1980-S,"KISUMU Swivel Chair, red",CHAIR,,11,31210.17,343311.87,216463.72,126848.15,36.95
1884,2024-11-10,F 2025,Sales Invoice,SI103894,20000,C0002,AO,1980-S,"KISUMU Swivel Chair, red",CHAIR,,8,25239.43,201915.44,166654.64,35260.8,17.46
1885,2025-05-04,F 2025,Sales Invoice,SI103895,10000,C0003,AO,2004-S,"LAGOS Executive Chair, grey",CHAIR,MBA,8,36440.58,291524.64,198516.8,93007.84,31.9
1886,2025-05-04,F 2025,Sales Invoice,SI103895,20000,C0003,AO,1960-S,"NAIROBI Guest Chair, green",CHAIR,,7,23716.24,166013.68,112936.18,53077.5,31.97
1887,2025-05-04,F 2025,Sales Invoice,SI103895,30000,C0003,AO,1972-S,"MOMBASA Swivel Chair, yellow",CHAIR,NAK,6,28167.77,169006.62,116351.52,52655.1,31.16
1888,2025-05-04,F 2025,Sales Invoice,SI103895,40000,C0003,AO,1972-S,"MOMBASA Swivel Chair, yellow",CHAIR,MBA,8,23596.77,188774.16,163204.24,25569.92,13.55
1889,2025-01-21,F 2025,Sales Invoice,SI103896,10000,C0010,AO,2004-S,"LAGOS Executive Chair, grey",CHAIR,,8,31418.38,251347.04,205220.0,46127.04,18.35
1890,2025-01-21,F 2025,Sales Invoice,SI103896,20000,C0010,AO,1908-S,DUBAI Corner Desk,BENCH,,10,123427.95,1234279.5,797173.7,437105.8,35.41
1891,2025-01-21,F 2025,Sales Invoice,SI103896,30000,C0010,AO,1956-S,Conference Bundle 1-6,MISC,,10,388094.26,3880942.6,2413353.6,1467589.0,37.82
1892,2024-11-06,F 2025,Sales Invoice,SI103897,10000,C0001,AO,1896-S,ADDIS ABABA Executive Desk,BENCH,,10,183332.44,1833324.4,1329374.2,503950.2,27.49
1893,2025-03-18,F 2025,Sales Invoice,SI103898,10000,C0016,AO,1920-S,LUANDA Conference Table,TABLE,KSM,9,238520.58,2146685.22,1469711.07,676974.15,31.54
1894,2025-03-18,F 2025,Sales Invoice,SI103898,20000,C0016,AO,1972-S,"MOMBASA Swivel Chair, yellow",CHAIR,KSM,7,24165.16,169156.12,126112.07,43044.05,25.45
1895,2025-05-06,F 2025,Sales Invoice,SI103899,10000,C0029,AO,1960-S,"NAIROBI Guest Chair, green",CHAIR,,4,25046.32,100185.28,61467.2,38718.08,38.65
1896,2025-05-06,F 2025,Sales Invoice,SI103899,20000,C0029,AO,1956-S,Conference Bundle 1-6,MISC,,4,410729.2,1642916.8,896286.56,746630.24,45.45
1897,2025-02-01,F 2025,Sales Invoice,SI103900,10000,C0002,CM,CM-001,Commercial Reception Desk,CM_COMMER,,7,442284.22,3095989.54,2154825.05,941164.49,30.4
1898,2025-02-01,F 2025,Sales Invoice,SI103900,20000,C0002,CM,1908-S,DUBAI Corner Desk,BENCH,,2,144606.23,289212.46,186741.7,102470.76,35.43
1899,2025-02-01,F 2025,Sales Invoice,SI103900,30000,C0002,CM,2004-S,"LAGOS Executive Chair, grey",CHAIR,,3,34546.22,103638.66,79766.76,23871.9,23.03
1900,2025-02-01,F 2025,Sales Invoice,SI103900,40000,C0002,CM,1908-S,DUBAI Corner Desk,BENCH,KSM,11,134246.19,1476708.09,986366.48,490341.61,33.21
1901,2024-12-07,F 2025,Sales Invoice,SI103901,10000,C0004,AO,1984-S,MADRID Monitor Stand,MISC,NBI,3,10688.01,32064.03,21677.7,10386.33,32.39
1902,2024-12-07,F 2025,Sales Invoice,SI103901,20000,C0004,AO,1972-S,"MOMBASA Swivel Chair, yellow",CHAIR,,12,28266.2,339194.4,223979.52,115214.88,33.97
1903,2024-12-07,F 2025,Sales Invoice,SI103901,30000,C0004,AO,1896-S,ADDIS ABABA Executive Desk,BENCH,,2,217388.1,434776.2,244000.22,190775.98,43.88
1904,2025-04-28,F 2025,Sales Invoice,SI103902,10000,C0035,CM,1956-S,Conference Bundle 1-6,MISC,KSM,4,386122.13,1544488.52,1074914.12,469574.4,30.4
1905,2025-02-12,F 2025,Sales Invoice,SI103903,10000,C0002,BM,1908-S,DUBAI Corner Desk,BENCH,MBA,9,125251.24,1127261.16,779803.02,347458.14,30.82
1906,2025-02-12,F 2025,Sales Invoice,SI103903,20000,C0002,BM,1908-S,DUBAI Corner Desk,BENCH,,6,138210.46,829262.76,532599.72,296663.04,35.77
1907,2025-02-12,F 2025,Sales Invoice,SI103903,30000,C0002,BM,1964-S,Guest Section 1,MISC,,4,125532.98,502131.92,354535.88,147596.04,29.39
1908,2025-02-12,F 2025,Sales Invoice,SI103903,40000,C0002,BM,1976-S,LONDON Bookcase,MISC,,10,55710.61,557106.1,315057.0,242049.1,43.45
1909,2025-01-11,F 2025,Sales Invoice,SI103904,10000,C0029,AO,1968-S,OSLO Filing Cabinet,MISC,,8,32754.53,262036.24,210096.0,51940.24,19.82
1910,2025-01-11,F 2025,Sales Invoice,SI103904,20000,C0029,AO,1972-S,"MOMBASA Swivel Chair, yellow",CHAIR,MBA,12,30543.56,366522.72,240721.92,125800.8,34.32
1911,2025-01-11,F 2025,Sales Invoice,SI103904,30000,C0029,AO,1920-S,LUANDA Conference Table,TABLE,,2,274370.65,548741.3,362437.78,186303.52,33.95
1912,2025-01-11,F 2025,Sales Invoice,SI103904,40000,C0029,AO,1956-S,Conference Bundle 1-6,MISC,,4,352780.57,1411122.28,991681.12,419441.16,29.72
1913,2025-01-11,F 2025,Sales Invoice,SI103904,50000,C0029,AO,1920-S,LUANDA Conference Table,TABLE,NAK,4,224181.95,896727.8,580716.24,316011.56,35.24
1914,2025-01-11,F 2025,Sales Invoice,SI103904,60000,C0029,AO,2000-S,"KIGALI Ergonomic Chair, black",CHAIR,MBA,7,34855.07,243985.49,202922.23,41063.26,16.83
1915,2024-11-08,F 2025,Sales Invoice,SI103905,10000,C0002,AO,2004-S,"LAGOS Executive Chair, grey",CHAIR,,11,35882.44,394706.84,253282.7,141424.14,35.83
1916,2025-03-10,F 2025,Sales Invoice,SI103906,10000,C0003,BM,1956-S,Conference Bundle 1-6,MISC,,9,314093.47,2826841.23,2287276.29,539564.94,19.09
1917,2025-03-10,F 2025,Sales Invoice,SI103906,20000,C0003,BM,EM-001,Executive Meeting Room Set,EM_COMMER,NAK,12,657846.08,7894152.96,6295544.76,1598608.2,20.25
1918,2025-01-06,F 2025,Sales Invoice,SI103907,10000,C0003,CM,1896-S,ADDIS ABABA Executive Desk,BENCH,NBI,3,214496.32,643488.96,367207.14,276281.82,42.93
1919,2025-01-06,F 2025,Sales Invoice,SI103907,20000,C0003,CM,1952-S,"ABUJA Whiteboard, base",MISC,KSM,4,52931.8,211727.2,150076.64,61650.56,29.12
1920,2025-01-06,F 2025,Sales Invoice,SI103907,30000,C0003,CM,1984-S,MADRID Monitor Stand,MISC,,6,11410.47,68462.82,50193.9,18268.92,26.68
1921,2025-03-29,F 2025,Sales Invoice,SI103908,10000,C0005,CM,1964-S,Guest Section 1,MISC,MBA,5,144091.87,720459.35,459552.25,260907.1,36.21
1922,2025-03-29,F 2025,Sales Invoice,SI103908,20000,C0005,CM,1920-S,LUANDA Conference Table,TABLE,NAK,6,226190.42,1357142.52,955275.54,401866.98,29.61
1923,2025-03-29,F 2025,Sales Invoice,SI103908,30000,C0005,CM,1972-S,"MOMBASA Swivel Chair, yellow",CHAIR,,2,22993.05,45986.1,34746.04,11240.06,24.44
1924,2024-11-26,F 2025,Sales Invoice,SI103909,10000,C0015,BM,1952-S,"ABUJA Whiteboard, base",MISC,,12,48924.48,587093.76,463209.48,123884.28,21.1
1925,2025-03-05,F 2025,Sales Invoice,SI103910,10000,C0031,BM,1920-S,LUANDA Conference Table,TABLE,,10,235559.26,2355592.6,1752234.8,603357.8,25.61
1926,2025-03-05,F 2025,Sales Invoice,SI103910,20000,C0031,BM,1972-S,"MOMBASA Swivel Chair, yellow",CHAIR,MBA,4,24146.66,96586.64,78137.6,18449.04,19.1
1927,2025-01-16,F 2025,Sales Invoice,SI103911,10000,C0018,CM,1928-S,DAKAR Meeting Table,TABLE,,8,162977.43,1303819.44,769080.88,534738.56,41.01
1928,2025-01-11,F 2025,Sales Invoice,SI103912,10000,C0012,CM,1928-S,DAKAR Meeting Table,TABLE,,1,138479.02,138479.02,92471.38,46007.64,33.22
1929,2025-01-11,F 2025,Sales Invoice,SI103912,20000,C0012,CM,2004-S,"LAGOS Executive Chair, grey",CHAIR,KSM,5,36637.84,183189.2,110662.2,72527.0,39.59
1930,2025-01-11,F 2025,Sales Invoice,SI103912,30000,C0012,CM,1964-S,Guest Section 1,MISC,,5,145976.01,729880.05,513964.4,215915.65,29.58
1931,2024-12-03,F 2025,Sales Invoice,SI103913,10000,C0021,AO,1936-S,ACCRA Round Table,TABLE,,11,112204.18,1234245.98,678348.33,555897.65,45.04
1932,2024-12-03,F 2025,Sales Invoice,SI103913,20000,C0021,AO,1952-S,"ABUJA Whiteboard, base",MISC,KSM,9,54470.43,490233.87,309833.46,180400.41,36.8
1933,2025-04-18,F 2025,Sales Invoice,SI103914,10000,C0026,CM,2004-S,"LAGOS Executive Chair, grey",CHAIR,NAK,10,40558.42,405584.2,215604.2,189980.0,46.84
1934,2025-04-18,F 2025,Sales Invoice,SI103914,20000,C0026,CM,2004-S,"LAGOS Executive Chair, grey",CHAIR,KSM,5,31058.31,155291.55,106136.55,49155.0,31.65
1935,2025-04-18,F 2025,Sales Invoice,SI103914,30000,C0026,CM,2004-S,"LAGOS Executive Chair, grey",CHAIR,,8,36116.59,288932.72,170397.44,118535.28,41.03
1936,2025-04-18,F 2025,Sales Invoice,SI103914,40000,C0026,CM,1964-S,Guest Section 1,MISC,MBA,8,144841.32,1158730.56,742696.56,416034.0,35.9
1937,2025-04-12,F 2025,Sales Invoice,SI103915,10000,C0002,AO,1980-S,"KISUMU Swivel Chair, red",CHAIR,,5,30819.0,154095.0,109751.3,44343.7,28.78
1938,2025-04-12,F 2025,Sales Invoice,SI103916,10000,C0002,BM,1972-S,"MOMBASA Swivel Chair, yellow",CHAIR,NBI,2,27864.7,55729.4,37386.0,18343.4,32.92
1939,2025-04-12,F 2025,Sales Invoice,SI103916,20000,C0002,BM,1896-S,ADDIS ABABA Executive Desk,BENCH,,5,220581.52,1102907.6,635715.15,467192.45,42.36
1940,2025-04-12,F 2025,Sales Invoice,SI103916,30000,C0002,BM,1972-S,"MOMBASA Swivel Chair, yellow",CHAIR,NBI,7,29857.01,208999.07,125329.61,83669.46,40.03
1941,2025-04-23,F 2025,Sales Invoice,SI103917,10000,C0008,AO,PART-2,Desk Leg Leveller Kit,PARTS,,8,628.11,5024.88,2386.32,2638.56,52.51
1942,2024-12-10,F 2025,Sales Invoice,SI103918,10000,C0002,AO,1988-S,"KAMPALA Guest Chair, red",CHAIR,,4,27080.73,108322.92,63829.24,44493.68,41.08
1943,2024-12-10,F 2025,Sales Invoice,SI103918,20000,C0002,AO,2000-S,"KIGALI Ergonomic Chair, black",CHAIR,,1,39632.38,39632.38,27568.72,12063.66,30.44
1944,2024-12-10,F 2025,Sales Invoice,SI103918,30000,C0002,AO,1916-S,JOHANNESBURG Sit-Stand Desk,BENCH,,10,154988.38,1549883.8,1090567.0,459316.8,29.64
1945,2025-01-11,F 2025,Sales Invoice,SI103919,10000,C0029,BM,1944-S,HARARE Folding Table,TABLE,NBI,12,46487.75,557853.0,383564.52,174288.48,31.24
1946,2025-01-11,F 2025,Sales Invoice,SI103919,20000,C0029,BM,1896-S,ADDIS ABABA Executive Desk,BENCH,,6,208721.59,1252329.54,789019.14,463310.4,37.0
1947,2025-01-11,F 2025,Sales Invoice,SI103919,30000,C0029,BM,2008-S,"ACCRA Stacking Chair, blue",CHAIR,NAK,12,11309.1,135709.2,98733.84,36975.36,27.25
1948,2025-01-11,F 2025,Sales Invoice,SI103919,40000,C0029,BM,1988-S,"KAMPALA Guest Chair, red",CHAIR,MBA,9,24731.87,222586.83,139556.79,83030.04,37.3
1949,2025-01-11,F 2025,Sales Invoice,SI103919,50000,C0029,BM,BEAN-1,Coffee Beans 1kg (AA Grade),BEANS,NBI,12,1860.92,22331.04,11213.16,11117.88,49.79
1950,2025-01-11,F 2025,Sales Invoice,SI103919,60000,C0029,BM,1920-S,LUANDA Conference Table,TABLE,NAK,12,277136.6,3325639.2,2054070.72,1271568.48,38.24
1951,2025-04-29,F 2025,Sales Invoice,SI103920,10000,C0006,JK,1960-S,"NAIROBI Guest Chair, green",CHAIR,,10,22715.01,227150.1,146848.9,80301.2,35.35
1952,2025-04-29,F 2025,Sales Invoice,SI103920,20000,C0006,JK,PART-2,Desk Leg Leveller Kit,PARTS,,1,627.1,627.1,279.17,347.93,55.48
1953,2024-12-28,F 2025,Sales Invoice,SI103921,10000,C0016,AO,2008-S,"ACCRA Stacking Chair, blue",CHAIR,MBA,12,10884.3,130611.6,95316.6,35295.0,27.02
1954,2024-10-08,F 2025,Sales Invoice,SI103922,10000,C0007,BM,1976-S,LONDON Bookcase,MISC,,7,42774.28,299419.96,221250.96,78169.0,26.11
1955,2024-10-08,F 2025,Sales Invoice,SI103922,20000,C0007,BM,1928-S,DAKAR Meeting Table,TABLE,,6,164385.59,986313.54,562619.58,423693.96,42.96
1956,2024-10-08,F 2025,Sales Invoice,SI103922,30000,C0007,BM,1896-S,ADDIS ABABA Executive Desk,BENCH,NBI,9,187933.6,1691402.4,1139459.85,551942.55,32.63
1957,2025-03-06,F 2025,Sales Invoice,SI103923,10000,C0019,AO,1952-S,"ABUJA Whiteboard, base",MISC,KSM,2,45862.19,91724.38,81419.94,10304.44,11.23
1958,2025-03-06,F 2025,Sales Invoice,SI103923,20000,C0019,AO,1944-S,HARARE Folding Table,TABLE,ELD,4,41627.04,166508.16,123769.8,42738.36,25.67
1959,2025-03-06,F 2025,Sales Invoice,SI103923,30000,C0019,AO,1956-S,Conference Bundle 1-6,MISC,,1,359762.68,359762.68,264383.25,95379.43,26.51
1960,2024-10-23,F 2025,Sales Invoice,SI103924,10000,C0004,AO,1936-S,ACCRA Round Table,TABLE,NBI,7,111425.28,779976.96,445660.04,334316.92,42.86
1961,2024-10-23,F 2025,Sales Invoice,SI103924,20000,C0004,AO,1980-S,"KISUMU Swivel Chair, red",CHAIR,NBI,5,30374.25,151871.25,92172.4,59698.85,39.31
1962,2024-10-23,F 2025,Sales Invoice,SI103924,30000,C0004,AO,1900-S,CAIRO Writing Desk,BENCH,,3,119359.84,358079.52,223532.04,134547.48,37.57
1963,2025-03-15,F 2025,Sales Invoice,SI103925,10000,C0004,BM,1908-S,DUBAI Corner Desk,BENCH,,1,138528.14,138528.14,95625.36,42902.78,30.97
1964,2025-03-15,F 2025,Sales Invoice,SI103925,20000,C0004,BM,1928-S,DAKAR Meeting Table,TABLE,,2,145931.32,291862.64,188241.86,103620.78,35.5
1965,2025-03-15,F 2025,Sales Invoice,SI103925,30000,C0004,BM,1960-S,"NAIROBI Guest Chair, green",CHAIR,,7,25861.28,181028.96,106818.04,74210.92,40.99
1966,2025-01-04,F 2025,Sales Invoice,SI103926,10000,C0033,CM,1920-S,LUANDA Conference Table,TABLE,,3,229050.15,687150.45,528890.79,158259.66,23.03
1967,2025-03-24,F 2025,Sales Invoice,SI103927,10000,C0010,CM,1968-S,OSLO Filing Cabinet,MISC,,12,36383.92,436607.04,292737.72,143869.32,32.95
1968,2025-03-24,F 2025,Sales Invoice,SI103927,20000,C0010,CM,1956-S,Conference Bundle 1-6,MISC,,8,369385.15,2955081.2,1960864.08,994217.12,33.64
1969,2025-04-22,F 2025,Sales Invoice,SI103928,10000,C0023,CM,2000-S,"KIGALI Ergonomic Chair, black",CHAIR,,6,35386.45,212318.7,151758.0,60560.7,28.52
1970,2025-04-22,F 2025,Sales Invoice,SI103928,20000,C0023,CM,1972-S,"MOMBASA Swivel Chair, yellow",CHAIR,MBA,4,23636.86,94547.44,76548.16,17999.28,19.04
1971,2025-01-25,F 2025,Sales Invoice,SI103929,10000,C0009,CM,1896-S,ADDIS ABABA Executive Desk,BENCH,,2,172002.72,344005.44,236763.48,107241.96,31.17
1972,2025-01-25,F 2025,Sales Invoice,SI103929,20000,C0009,CM,1980-S,"KISUMU Swivel Chair, red",CHAIR,,8,28601.24,228809.92,168344.4,60465.52,26.43
1973,2025-01-31,F 2025,Sales Invoice,SI103930,10000,C0030,CM,1956-S,Conference Bundle 1-6,MISC,KSM,2,312945.24,625890.48,458288.72,167601.76,26.78
1974,2025-01-31,F 2025,Sales Invoice,SI103930,20000,C0030,CM,1968-S,OSLO Filing Cabinet,MISC,,10,40236.73,402367.3,257951.0,144416.3,35.89
1975,2025-01-31,F 2025,Sales Invoice,SI103930,30000,C0030,CM,1908-S,DUBAI Corner Desk,BENCH,KSM,4,131157.06,524628.24,352200.08,172428.16,32.87
1976,2024-12-14,F 2025,Sales Invoice,SI103931,10000,C0005,CM,1972-S,"MOMBASA Swivel Chair, yellow",CHAIR,,1,24827.37,24827.37,16995.93,7831.44,31.54
1977,2024-12-14,F 2025,Sales Invoice,SI103931,20000,C0005,CM,1896-S,ADDIS ABABA Executive Desk,BENCH,KSM,8,210376.95,1683015.6,906636.32,776379.28,46.13
1978,2025-03-28,F 2025,Sales Invoice,SI103932,10000,C0024,AO,1972-S,"MOMBASA Swivel Chair, yellow",CHAIR,,10,23334.42,233344.2,188262.8,45081.4,19.32
1979,2024-12-20,F 2025,Sales Invoice,SI103933,10000,C0008,BM,2004-S,"LAGOS Executive Chair, grey",CHAIR,NBI,4,32062.63,128250.52,98984.6,29265.92,22.82
1980,2025-03-25,F 2025,Sales Invoice,SI103934,10000,C0019,CM,1980-S,"KISUMU Swivel Chair, red",CHAIR,,6,25456.52,152739.12,122081.34,30657.78,20.07
1981,2025-03-25,F 2025,Sales Invoice,SI103934,20000,C0019,CM,1900-S,CAIRO Writing Desk,BENCH,,3,97266.51,291799.53,217597.92,74201.61,25.43
1982,2024-11-22,F 2025,Sales Invoice,SI103935,10000,C0008,AO,1960-S,"NAIROBI Guest Chair, green",CHAIR,MBA,7,20461.78,143232.46,118101.55,25130.91,17.55
1983,2024-11-22,F 2025,Sales Invoice,SI103935,20000,C0008,AO,1960-S,"NAIROBI Guest Chair, green",CHAIR,,4,23575.23,94300.92,61728.12,32572.8,34.54
1984,2024-11-22,F 2025,Sales Invoice,SI103935,30000,C0008,AO,1980-S,"KISUMU Swivel Chair, red",CHAIR,NBI,7,25256.27,176793.89,147376.81,29417.08,16.64
1985,2024-10-12,F 2025,Sales Invoice,SI103936,10000,C0009,AO,2000-S,"KIGALI Ergonomic Chair, black",CHAIR,MBA,7,42200.85,295405.95,182495.6,112910.35,38.22
1986,2024-10-12,F 2025,Sales Invoice,SI103936,20000,C0009,AO,2004-S,"LAGOS Executive Chair, grey",CHAIR,KSM,11,31179.54,342974.94,260781.51,82193.43,23.96
1987,2024-10-12,F 2025,Sales Invoice,SI103936,30000,C0009,AO,1896-S,ADDIS ABABA Executive Desk,BENCH,,7,220214.2,1541499.4,974984.71,566514.69,36.75
1988,2025-04-18,F 2025,Sales Invoice,SI103937,10000,C0010,AO,1896-S,ADDIS ABABA Executive Desk,BENCH,KSM,12,169475.68,2033708.16,1657785.24,375922.92,18.48
1989,2025-04-18,F 2025,Sales Invoice,SI103937,20000,C0010,AO,1960-S,"NAIROBI Guest Chair, green",CHAIR,,2,23586.23,47172.46,32549.52,14622.94,31.0
1990,2025-04-18,F 2025,Sales Invoice,SI103937,30000,C0010,AO,1980-S,"KISUMU Swivel Chair, red",CHAIR,MBA,6,33062.11,198372.66,110838.24,87534.42,44.13
1991,2025-04-02,F 2025,Sales Invoice,SI103938,10000,C0005,CM,2000-S,"KIGALI Ergonomic Chair, black",CHAIR,,10,42173.52,421735.2,259458.4,162276.8,38.48
1992,2025-04-02,F 2025,Sales Invoice,SI103938,20000,C0005,CM,1964-S,Guest Section 1,MISC,,4,151368.45,605473.8,365651.64,239822.16,39.61
1993,2024-11-02,F 2025,Sales Invoice,SI103939,10000,C0001,BM,1972-S,"MOMBASA Swivel Chair, yellow",CHAIR,KSM,1,26990.42,26990.42,18902.25,8088.17,29.97
1994,2024-11-02,F 2025,Sales Invoice,SI103939,20000,C0001,BM,1952-S,"ABUJA Whiteboard, base",MISC,KSM,4,49069.44,196277.76,141986.6,54291.16,27.66
1995,2025-01-22,F 2025,Sales Invoice,SI103940,10000,C0001,BM,1952-S,"ABUJA Whiteboard, base",MISC,,4,46948.89,187795.56,135570.28,52225.28,27.81
1996,2025-01-22,F 2025,Sales Invoice,SI103940,20000,C0001,BM,1960-S,"NAIROBI Guest Chair, green",CHAIR,MBA,3,25507.47,76522.41,45647.7,30874.71,40.35
1997,2025-01-22,F 2025,Sales Invoice,SI103940,30000,C0001,BM,2008-S,"ACCRA Stacking Chair, blue",CHAIR,,4,12356.65,49426.6,30041.36,19385.24,39.22
1998,2025-01-22,F 2025,Sales Invoice,SI103940,40000,C0001,BM,1976-S,LONDON Bookcase,MISC,,9,43648.04,392832.36,304227.81,88604.55,22.56
1999,2025-01-22,F 2025,Sales Invoice,SI103940,50000,C0001,BM,1928-S,DAKAR Meeting Table,TABLE,NBI,8,150559.97,1204479.76,690150.16,514329.6,42.7
2000,2025-03-04,F 2025,Sales Invoice,SI103941,10000,C0009,BM,1984-S,MADRID Monitor Stand,MISC,,1,13304.12,13304.12,8206.55,5097.57,38.32
2001,2024-10-05,F 2025,Sales Invoice,SI103942,10000,C0002,BM,1896-S,ADDIS ABABA Executive Desk,BENCH,,3,166201.94,498605.82,382363.32,116242.5,23.31
2002,2024-10-05,F 2025,Sales Invoice,SI103942,20000,C0002,BM,1960-S,"NAIROBI Guest Chair, green",CHAIR,,1,20092.69,20092.69,15577.48,4515.21,22.47
2003,2024-10-05,F 2025,Sales Invoice,SI103942,30000,C0002,BM,1988-S,"KAMPALA Guest Chair, red",CHAIR,,11,27852.44,306376.84,202406.38,103970.46,33.94
2004,2024-10-05,F 2025,Sales Invoice,SI103942,40000,C0002,BM,1956-S,Conference Bundle 1-6,MISC,,8,389208.95,3113671.6,2030198.64,1083472.96,34.8
2005,2024-10-05,F 2025,Sales Invoice,SI103942,50000,C0002,BM,1920-S,LUANDA Conference Table,TABLE,,8,242279.08,1938232.64,1255682.24,682550.4,35.22
2006,2024-12-04,F 2025,Sales Invoice,SI103943,10000,C0035,AO,1968-S,OSLO Filing Cabinet,MISC,,3,31116.05,93348.15,74025.96,19322.19,20.7
2007,2024-12-04,F 2025,Sales Invoice,SI103943,20000,C0035,AO,2000-S,"KIGALI Ergonomic Chair, black",CHAIR,THK,12,36566.35,438796.2,353942.16,84854.04,19.34
2008,2024-11-11,F 2025,Sales Invoice,SI103944,10000,C0001,AO,1980-S,"KISUMU Swivel Chair, red",CHAIR,NBI,8,32761.32,262090.56,155439.52,106651.04,40.69
2009,2024-11-11,F 2025,Sales Invoice,SI103944,20000,C0001,AO,BEAN-1,Coffee Beans 1kg (AA Grade),BEANS,MBA,3,1671.02,5013.06,2856.42,2156.64,43.02
2010,2024-11-11,F 2025,Sales Invoice,SI103944,30000,C0001,AO,1896-S,ADDIS ABABA Executive Desk,BENCH,MBA,7,205944.59,1441612.13,938300.02,503312.11,34.91
2011,2024-11-11,F 2025,Sales Invoice,SI103944,40000,C0001,AO,1900-S,CAIRO Writing Desk,BENCH,KSM,6,98811.62,592869.72,421404.96,171464.76,28.92
2012,2024-11-22,F 2025,Sales Invoice,SI103945,10000,C0016,AO,1976-S,LONDON Bookcase,MISC,MBA,12,49869.1,598429.2,381807.72,216621.48,36.2
2013,2024-11-22,F 2025,Sales Invoice,SI103945,20000,C0016,AO,1908-S,DUBAI Corner Desk,BENCH,,7,147353.38,1031473.66,587276.06,444197.6,43.06
2014,2025-01-29,F 2025,Sales Invoice,SI103946,10000,C0012,AO,1956-S,Conference Bundle 1-6,MISC,,10,401045.17,4010451.7,2396284.3,1614167.4,40.25
2015,2025-01-29,F 2025,Sales Invoice,SI103946,20000,C0012,AO,1968-S,OSLO Filing Cabinet,MISC,,11,32845.57,361301.27,283027.8,78273.47,21.66
2016,2025-01-22,F 2025,Sales Invoice,SI103947,10000,C0002,AO,1980-S,"KISUMU Swivel Chair, red",CHAIR,KSM,12,32760.03,393120.36,244492.08,148628.28,37.81
2017,2025-01-22,F 2025,Sales Invoice,SI103947,20000,C0002,AO,1916-S,JOHANNESBURG Sit-Stand Desk,BENCH,,4,140443.58,561774.32,384432.8,177341.52,31.57
2018,2025-04-08,F 2025,Sales Invoice,SI103948,10000,C0031,AO,1976-S,LONDON Bookcase,MISC,,10,52767.01,527670.1,355321.8,172348.3,32.66
2019,2025-04-08,F 2025,Sales Invoice,SI103948,20000,C0031,AO,1972-S,"MOMBASA Swivel Chair, yellow",CHAIR,NBI,2,25764.68,51529.36,35776.96,15752.4,30.57
2020,2024-10-14,F 2025,Sales Invoice,SI103949,10000,C0001,AO,2008-S,"ACCRA Stacking Chair, blue",CHAIR,NBI,12,11263.46,135161.52,101979.6,33181.92,24.55
2021,2024-10-14,F 2025,Sales Invoice,SI103949,20000,C0001,AO,2008-S,"ACCRA Stacking Chair, blue",CHAIR,,6,11671.23,70027.38,53391.54,16635.84,23.76
2022,2024-10-14,F 2025,Sales Invoice,SI103949,30000,C0001,AO,1936-S,ACCRA Round Table,TABLE,,5,97987.76,489938.8,326617.15,163321.65,33.34
2023,2024-10-14,F 2025,Sales Invoice,SI103949,40000,C0001,AO,1964-S,Guest Section 1,MISC,,3,130789.96,392369.88,297353.43,95016.45,24.22
2024,2024-10-14,F 2025,Sales Invoice,SI103949,50000,C0001,AO,1980-S,"KISUMU Swivel Chair, red",CHAIR,,9,32424.65,291821.85,176251.5,115570.35,39.6
2025,2025-05-06,F 2025,Sales Invoice,SI103950,10000,C0034,CM,1980-S,"KISUMU Swivel Chair, red",CHAIR,MBA,8,32705.18,261641.44,159326.8,102314.64,39.1
2026,2025-05-06,F 2025,Sales Invoice,SI103950,20000,C0034,CM,1900-S,CAIRO Writing Desk,BENCH,KSM,8,108883.07,871064.56,624118.08,246946.48,28.35
2027,2025-05-06,F 2025,Sales Invoice,SI103950,30000,C0034,CM,1956-S,Conference Bundle 1-6,MISC,MBA,8,328678.81,2629430.48,1869049.6,760380.88,28.92
2028,2025-02-03,F 2025,Sales Invoice,SI103951,10000,C0009,CM,PART-1,Chair Replacement Wheel Set,PARTS,,6,819.09,4914.54,2203.56,2710.98,55.16
2029,2025-02-03,F 2025,Sales Invoice,SI103951,20000,C0009,CM,1896-S,ADDIS ABABA Executive Desk,BENCH,NAK,3,204355.13,613065.39,416716.71,196348.68,32.03
2030,2025-02-03,F 2025,Sales Invoice,SI103951,30000,C0009,CM,1988-S,"KAMPALA Guest Chair, red",CHAIR,MBA,11,26475.57,291231.27,195791.09,95440.18,32.77
2031,2025-02-03,F 2025,Sales Invoice,SI103951,40000,C0009,CM,1972-S,"MOMBASA Swivel Chair, yellow",CHAIR,,10,26929.16,269291.6,193849.4,75442.2,28.02
2032,2025-03-01,F 2025,Sales Invoice,SI103952,10000,C0002,AO,1988-S,"KAMPALA Guest Chair, red",CHAIR,,5,22404.13,112020.65,78243.5,33777.15,30.15
2033,2025-03-01,F 2025,Sales Invoice,SI103952,20000,C0002,AO,2004-S,"LAGOS Executive Chair, grey",CHAIR,,3,34867.57,104602.71,69208.2,35394.51,33.84
2034,2025-03-01,F 2025,Sales Invoice,SI103952,30000,C0002,AO,1896-S,ADDIS ABABA Executive Desk,BENCH,ELD,7,192926.06,1350482.42,938375.2,412107.22,30.52
2035,2025-03-01,F 2025,Sales Invoice,SI103952,40000,C0002,AO,1928-S,DAKAR Meeting Table,TABLE,,11,154903.42,1703937.62,980121.78,723815.84,42.48
2036,2025-03-09,F 2025,Sales Invoice,SI103953,10000,C0008,AO,1988-S,"KAMPALA Guest Chair, red",CHAIR,KSM,8,28974.04,231792.32,118442.64,113349.68,48.9
2037,2025-03-09,F 2025,Sales Invoice,SI103953,20000,C0008,AO,1936-S,ACCRA Round Table,TABLE,ELD,6,87125.86,522755.16,370525.92,152229.24,29.12
2038,2025-01-17,F 2025,Sales Invoice,SI103954,10000,C0003,AO,1936-S,ACCRA Round Table,TABLE,,9,114397.9,1029581.1,598077.99,431503.11,41.91
2039,2025-01-17,F 2025,Sales Invoice,SI103954,20000,C0003,AO,1896-S,ADDIS ABABA Executive Desk,BENCH,,11,162904.4,1791948.4,1313980.58,477967.82,26.67
2040,2025-01-17,F 2025,Sales Invoice,SI103954,30000,C0003,AO,1908-S,DUBAI Corner Desk,BENCH,KSM,2,113933.7,227867.4,157363.84,70503.56,30.94
2041,2025-01-17,F 2025,Sales Invoice,SI103954,40000,C0003,AO,1988-S,"KAMPALA Guest Chair, red",CHAIR,NBI,3,24225.32,72675.96,56259.87,16416.09,22.59
2042,2025-01-17,F 2025,Sales Invoice,SI103954,50000,C0003,AO,1952-S,"ABUJA Whiteboard, base",MISC,NBI,2,55788.26,111576.52,73368.02,38208.5,34.24
2043,2025-03-08,F 2025,Sales Invoice,SI103955,10000,C0009,AO,1984-S,MADRID Monitor Stand,MISC,,11,13017.96,143197.56,92310.13,50887.43,35.54
2044,2025-03-08,F 2025,Sales Invoice,SI103955,20000,C0009,AO,1972-S,"MOMBASA Swivel Chair, yellow",CHAIR,MBA,12,31376.33,376515.96,239061.84,137454.12,36.51
2045,2025-03-08,F 2025,Sales Invoice,SI103955,30000,C0009,AO,1980-S,"KISUMU Swivel Chair, red",CHAIR,NBI,12,31308.24,375698.88,236484.84,139214.04,37.05
2046,2025-03-08,F 2025,Sales Invoice,SI103955,40000,C0009,AO,1988-S,"KAMPALA Guest Chair, red",CHAIR,,1,22730.77,22730.77,17432.56,5298.21,23.31
2047,2025-03-08,F 2025,Sales Invoice,SI103955,50000,C0009,AO,1988-S,"KAMPALA Guest Chair, red",CHAIR,KSM,4,27659.2,110636.8,63748.72,46888.08,42.38
2048,2025-01-29,F 2025,Sales Invoice,SI103956,10000,C0014,AO,1960-S,"NAIROBI Guest Chair, green",CHAIR,NAK,3,19374.55,58123.65,46689.09,11434.56,19.67
2049,2025-01-29,F 2025,Sales Invoice,SI103956,20000,C0014,AO,2000-S,"KIGALI Ergonomic Chair, black",CHAIR,,9,40298.63,362687.67,231561.27,131126.4,36.15
2050,2025-01-29,F 2025,Sales Invoice,SI103956,30000,C0014,AO,1952-S,"ABUJA Whiteboard, base",MISC,ELD,4,48014.26,192057.04,129743.6,62313.44,32.45
2051,2025-01-29,F 2025,Sales Invoice,SI103956,40000,C0014,AO,1980-S,"KISUMU Swivel Chair, red",CHAIR,,11,27404.16,301445.76,193615.18,107830.58,35.77
2052,2025-03-13,F 2025,Sales Invoice,SI103957,10000,C0005,AO,1944-S,HARARE Folding Table,TABLE,KSM,9,39235.12,353116.08,297157.23,55958.85,15.85
2053,2025-03-13,F 2025,Sales Invoice,SI103957,20000,C0005,AO,2000-S,"KIGALI Ergonomic Chair, black",CHAIR,,3,43738.04,131214.12,79591.92,51622.2,39.34
2054,2025-03-13,F 2025,Sales Invoice,SI103957,30000,C0005,AO,1944-S,HARARE Folding Table,TABLE,KSM,10,42647.28,426472.8,301094.5,125378.3,29.4
2055,2025-03-13,F 2025,Sales Invoice,SI103957,40000,C0005,AO,1968-S,OSLO Filing Cabinet,MISC,,8,36750.78,294006.24,207144.96,86861.28,29.54
2056,2025-02-28,F 2025,Sales Invoice,SI103958,10000,C0030,CM,1920-S,LUANDA Conference Table,TABLE,,2,206816.55,413633.1,292131.3,121501.8,29.37
2057,2025-02-28,F 2025,Sales Invoice,SI103958,20000,C0030,CM,2008-S,"ACCRA Stacking Chair, blue",CHAIR,,8,11798.54,94388.32,70791.84,23596.48,25.0
2058,2025-02-28,F 2025,Sales Invoice,SI103958,30000,C0030,CM,1908-S,DUBAI Corner Desk,BENCH,,12,149753.88,1797046.56,1023282.48,773764.08,43.06
2059,2024-12-30,F 2025,Sales Invoice,SI103959,10000,C0027,AO,1952-S,"ABUJA Whiteboard, base",MISC,,7,61897.9,433285.3,241795.47,191489.83,44.19
2060,2024-12-30,F 2025,Sales Invoice,SI103959,20000,C0027,AO,1980-S,"KISUMU Swivel Chair, red",CHAIR,,7,30977.95,216845.65,129736.04,87109.61,40.17
2061,2024-12-21,F 2025,Sales Invoice,SI103960,10000,C0027,AO,2008-S,"ACCRA Stacking Chair, blue",CHAIR,,7,14460.07,101220.49,58431.94,42788.55,42.27
2062,2025-03-01,F 2025,Sales Invoice,SI103961,10000,C0002,CM,1900-S,CAIRO Writing Desk,BENCH,,5,104850.53,524252.65,376419.25,147833.4,28.2
2063,2024-12-17,F 2025,Sales Invoice,SI103962,10000,C0026,CM,1980-S,"KISUMU Swivel Chair, red",CHAIR,MBA,10,26111.44,261114.4,179474.5,81639.9,31.27
2064,2024-11-10,F 2025,Sales Invoice,SI103963,10000,C0013,AO,1972-S,"MOMBASA Swivel Chair, yellow",CHAIR,,6,25571.78,153430.68,122908.5,30522.18,19.89
2065,2024-11-10,F 2025,Sales Invoice,SI103963,20000,C0013,AO,1908-S,DUBAI Corner Desk,BENCH,,8,144946.22,1159569.76,785604.08,373965.68,32.25
2066,2024-12-18,F 2025,Sales Invoice,SI103964,10000,C0004,BM,1920-S,LUANDA Conference Table,TABLE,,10,269970.8,2699708.0,1741751.7,957956.3,35.48
2067,2024-12-18,F 2025,Sales Invoice,SI103964,20000,C0004,BM,1944-S,HARARE Folding Table,TABLE,NAK,12,45227.6,542731.2,370498.56,172232.64,31.73
2068,2024-10-17,F 2025,Sales Invoice,SI103965,10000,C0004,AO,1976-S,LONDON Bookcase,MISC,,12,57855.52,694266.24,414185.52,280080.72,40.34
2069,2025-01-30,F 2025,Sales Invoice,SI103966,10000,C0009,CM,2004-S,"LAGOS Executive Chair, grey",CHAIR,NBI,4,39195.17,156780.68,101932.2,54848.48,34.98
2070,2025-01-30,F 2025,Sales Invoice,SI103966,20000,C0009,CM,1916-S,JOHANNESBURG Sit-Stand Desk,BENCH,NBI,4,184418.99,737675.96,431693.88,305982.08,41.48
2071,2024-12-03,F 2025,Sales Invoice,SI103967,10000,C0005,AO,1908-S,DUBAI Corner Desk,BENCH,,2,130264.91,260529.82,180688.4,79841.42,30.65
2072,2025-02-13,F 2025,Sales Invoice,SI103968,10000,C0010,AO,1984-S,MADRID Monitor Stand,MISC,,5,10308.31,51541.55,37224.1,14317.45,27.78
2073,2025-02-13,F 2025,Sales Invoice,SI103968,20000,C0010,AO,1952-S,"ABUJA Whiteboard, base",MISC,,12,46231.52,554778.24,452050.56,102727.68,18.52
2074,2025-02-13,F 2025,Sales Invoice,SI103968,30000,C0010,AO,1988-S,"KAMPALA Guest Chair, red",CHAIR,,11,29216.52,321381.72,192646.41,128735.31,40.06
2075,2025-02-13,F 2025,Sales Invoice,SI103968,40000,C0010,AO,1916-S,JOHANNESBURG Sit-Stand Desk,BENCH,,5,146288.56,731442.8,520897.55,210545.25,28.78
2076,2025-02-15,F 2025,Sales Invoice,SI103969,10000,C0023,AO,1976-S,LONDON Bookcase,MISC,KSM,10,57682.21,576822.1,341346.7,235475.4,40.82
2077,2024-11-19,F 2025,Sales Invoice,SI103970,10000,C0008,BM,1896-S,ADDIS ABABA Executive Desk,BENCH,,12,159550.02,1914600.24,1658453.76,256146.48,13.38
2078,2024-11-06,F 2025,Sales Invoice,SI103971,10000,C0001,AO,1896-S,ADDIS ABABA Executive Desk,BENCH,,6,174269.98,1045619.88,692983.5,352636.38,33.73
2079,2024-11-06,F 2025,Sales Invoice,SI103971,20000,C0001,AO,1920-S,LUANDA Conference Table,TABLE,,9,254139.91,2287259.19,1570350.42,716908.77,31.34
2080,2024-11-06,F 2025,Sales Invoice,SI103971,30000,C0001,AO,1976-S,LONDON Bookcase,MISC,,8,43316.93,346535.44,300161.52,46373.92,13.38
2081,2024-11-11,F 2025,Sales Invoice,SI103972,10000,C0004,BM,1960-S,"NAIROBI Guest Chair, green",CHAIR,,6,22663.42,135980.52,87994.26,47986.26,35.29
2082,2025-04-03,F 2025,Sales Invoice,SI103973,10000,C0001,AO,2004-S,"LAGOS Executive Chair, grey",CHAIR,,3,40651.91,121955.73,68009.64,53946.09,44.23
2083,2025-04-03,F 2025,Sales Invoice,SI103973,20000,C0001,AO,2000-S,"KIGALI Ergonomic Chair, black",CHAIR,,10,45920.68,459206.8,287085.1,172121.7,37.48
2084,2025-04-04,F 2025,Sales Invoice,SI103974,10000,C0002,BM,1960-S,"NAIROBI Guest Chair, green",CHAIR,KSM,3,25881.21,77643.63,45589.05,32054.58,41.28
2085,2024-10-24,F 2025,Sales Invoice,SI103975,10000,C0034,BM,1896-S,ADDIS ABABA Executive Desk,BENCH,,2,171271.42,342542.84,270464.76,72078.08,21.04
2086,2024-10-24,F 2025,Sales Invoice,SI103975,20000,C0034,BM,1920-S,LUANDA Conference Table,TABLE,,7,269707.19,1887950.33,1054196.85,833753.48,44.16
2087,2024-11-23,F 2025,Sales Invoice,SI103976,10000,C0001,AO,2000-S,"KIGALI Ergonomic Chair, black",CHAIR,,4,36218.06,144872.24,103391.96,41480.28,28.63
2088,2024-11-23,F 2025,Sales Invoice,SI103976,20000,C0001,AO,1928-S,DAKAR Meeting Table,TABLE,,12,150741.59,1808899.08,1067898.96,741000.12,40.96
2089,2024-11-23,F 2025,Sales Invoice,SI103976,30000,C0001,AO,1988-S,"KAMPALA Guest Chair, red",CHAIR,,3,21953.15,65859.45,55482.6,10376.85,15.76
2090,2024-11-23,F 2025,Sales Invoice,SI103976,40000,C0001,AO,1896-S,ADDIS ABABA Executive Desk,BENCH,KSM,11,200654.37,2207198.07,1463224.29,743973.78,33.71
2091,2024-11-23,F 2025,Sales Invoice,SI103976,50000,C0001,AO,1900-S,CAIRO Writing Desk,BENCH,,11,117887.05,1296757.55,900715.53,396042.02,30.54
2092,2024-11-21,F 2025,Sales Invoice,SI103977,10000,C0002,BM,1960-S,"NAIROBI Guest Chair, green",CHAIR,,12,23145.44,277745.28,162362.16,115383.12,41.54
2093,2024-11-21,F 2025,Sales Invoice,SI103977,20000,C0002,BM,1956-S,Conference Bundle 1-6,MISC,MBA,7,355223.05,2486561.35,1764666.75,721894.6,29.03
2094,2024-11-21,F 2025,Sales Invoice,SI103977,30000,C0002,BM,1944-S,HARARE Folding Table,TABLE,,5,44042.55,220212.75,164681.8,55530.95,25.22
2095,2025-05-02,F 2025,Sales Invoice,SI103978,10000,C0010,AO,2004-S,"LAGOS Executive Chair, grey",CHAIR,,5,40683.35,203416.75,130620.55,72796.2,35.79
2096,2025-05-02,F 2025,Sales Invoice,SI103978,20000,C0010,AO,1896-S,ADDIS ABABA Executive Desk,BENCH,,11,189237.6,2081613.6,1571686.6,509927.0,24.5
2097,2024-10-29,F 2025,Sales Invoice,SI103979,10000,C0022,AO,1964-S,Guest Section 1,MISC,,4,160167.23,640668.92,359960.32,280708.6,43.81
2098,2024-10-29,F 2025,Sales Invoice,SI103979,20000,C0022,AO,1936-S,ACCRA Round Table,TABLE,,4,91405.77,365623.08,274967.92,90655.16,24.79
2099,2024-10-29,F 2025,Sales Invoice,SI103979,30000,C0022,AO,1960-S,"NAIROBI Guest Chair, green",CHAIR,NBI,11,19527.05,214797.55,179209.14,35588.41,16.57
2100,2024-11-25,F 2025,Sales Invoice,SI103980,10000,C0003,AO,1980-S,"KISUMU Swivel Chair, red",CHAIR,,6,29731.45,178388.7,121174.14,57214.56,32.07
2101,2024-12-23,F 2025,Sales Invoice,SI103981,10000,C0004,AO,1976-S,LONDON Bookcase,MISC,NAK,8,50282.93,402263.44,265061.84,137201.6,34.11
2102,2024-12-23,F 2025,Sales Invoice,SI103981,20000,C0004,AO,1964-S,Guest Section 1,MISC,,4,149632.35,598529.4,350341.8,248187.6,41.47
2103,2024-12-23,F 2025,Sales Invoice,SI103981,30000,C0004,AO,1960-S,"NAIROBI Guest Chair, green",CHAIR,MBA,1,26375.57,26375.57,15923.2,10452.37,39.63
2104,2024-12-17,F 2025,Sales Invoice,SI103982,10000,C0017,AO,1972-S,"MOMBASA Swivel Chair, yellow",CHAIR,,6,27049.23,162295.38,116040.54,46254.84,28.5
2105,2024-12-17,F 2025,Sales Invoice,SI103982,20000,C0017,AO,1964-S,Guest Section 1,MISC,,2,118692.18,237384.36,176810.3,60574.06,25.52
2106,2024-12-17,F 2025,Sales Invoice,SI103982,30000,C0017,AO,1960-S,"NAIROBI Guest Chair, green",CHAIR,MBA,2,23438.99,46877.98,29126.38,17751.6,37.87
2107,2024-12-17,F 2025,Sales Invoice,SI103982,40000,C0017,AO,1964-S,Guest Section 1,MISC,MBA,4,146258.13,585032.52,358084.72,226947.8,38.79
2108,2024-12-17,F 2025,Sales Invoice,SI103982,50000,C0017,AO,1952-S,"ABUJA Whiteboard, base",MISC,KSM,8,54644.37,437154.96,273578.72,163576.24,37.42
2109,2025-01-25,F 2025,Sales Invoice,SI103983,10000,C0010,CM,2000-S,"KIGALI Ergonomic Chair, black",CHAIR,KSM,12,39718.99,476627.88,338956.2,137671.68,28.88
2110,2025-01-25,F 2025,Sales Invoice,SI103983,20000,C0010,CM,1988-S,"KAMPALA Guest Chair, red",CHAIR,,7,24074.72,168523.04,117565.28,50957.76,30.24
2111,2025-05-01,F 2025,Sales Invoice,SI103984,10000,C0002,AO,1968-S,OSLO Filing Cabinet,MISC,,11,33101.13,364112.43,282482.09,81630.34,22.42
2112,2024-12-12,F 2025,Sales Invoice,SI103985,10000,C0002,BM,1928-S,DAKAR Meeting Table,TABLE,,4,139119.29,556477.16,420994.84,135482.32,24.35
2113,2025-03-16,F 2025,Sales Invoice,SI103986,10000,C0008,AO,1916-S,JOHANNESBURG Sit-Stand Desk,BENCH,NBI,12,148879.88,1786558.56,1207510.8,579047.76,32.41
2114,2025-03-16,F 2025,Sales Invoice,SI103986,20000,C0008,AO,1960-S,"NAIROBI Guest Chair, green",CHAIR,NBI,6,20098.71,120592.26,92861.16,27731.1,23.0
2115,2025-03-16,F 2025,Sales Invoice,SI103986,30000,C0008,AO,1908-S,DUBAI Corner Desk,BENCH,,6,120305.51,721833.06,480007.38,241825.68,33.5
2116,2025-03-16,F 2025,Sales Invoice,SI103986,40000,C0008,AO,1980-S,"KISUMU Swivel Chair, red",CHAIR,,12,27702.95,332435.4,224782.32,107653.08,32.38
2117,2025-01-04,F 2025,Sales Invoice,SI103987,10000,C0003,AO,1956-S,Conference Bundle 1-6,MISC,NAK,8,349406.53,2795252.24,1903967.52,891284.72,31.89
2118,2024-10-23,F 2025,Sales Invoice,SI103988,10000,C0028,BM,2008-S,"ACCRA Stacking Chair, blue",CHAIR,KSM,8,11226.61,89812.88,72828.8,16984.08,18.91
2119,2024-10-23,F 2025,Sales Invoice,SI103988,20000,C0028,BM,1968-S,OSLO Filing Cabinet,MISC,,6,32376.63,194259.78,157783.98,36475.8,18.78
2120,2025-03-03,F 2025,Sales Invoice,SI103989,10000,C0011,AO,1964-S,Guest Section 1,MISC,,10,126250.98,1262509.8,949908.3,312601.5,24.76
2121,2025-03-03,F 2025,Sales Invoice,SI103989,20000,C0011,AO,1936-S,ACCRA Round Table,TABLE,ELD,2,116675.0,233350.0,146320.24,87029.76,37.3
2122,2025-03-03,F 2025,Sales Invoice,SI103989,30000,C0011,AO,1908-S,DUBAI Corner Desk,BENCH,MBA,9,132679.6,1194116.4,838662.3,355454.1,29.77
2123,2025-03-20,F 2025,Sales Invoice,SI103990,10000,C0019,CM,1952-S,"ABUJA Whiteboard, base",MISC,NBI,8,58785.47,470283.76,277986.4,192297.36,40.89
2124,2025-03-20,F 2025,Sales Invoice,SI103990,20000,C0019,CM,1908-S,DUBAI Corner Desk,BENCH,,7,134615.74,942310.18,629585.67,312724.51,33.19
2125,2025-03-20,F 2025,Sales Invoice,SI103990,30000,C0019,CM,2008-S,"ACCRA Stacking Chair, blue",CHAIR,,7,12268.41,85878.87,60024.93,25853.94,30.11
2126,2025-03-14,F 2025,Sales Invoice,SI103991,10000,C0024,AO,1980-S,"KISUMU Swivel Chair, red",CHAIR,NBI,1,25659.45,25659.45,21506.33,4153.12,16.19
2127,2025-03-14,F 2025,Sales Invoice,SI103991,20000,C0024,AO,1900-S,CAIRO Writing Desk,BENCH,KSM,2,112812.9,225625.8,158799.7,66826.1,29.62
2128,2025-03-14,F 2025,Sales Invoice,SI103991,30000,C0024,AO,2004-S,"LAGOS Executive Chair, grey",CHAIR,NBI,4,35445.05,141780.2,92190.48,49589.72,34.98
2129,2025-03-14,F 2025,Sales Invoice,SI103991,40000,C0024,AO,1960-S,"NAIROBI Guest Chair, green",CHAIR,NBI,1,21805.14,21805.14,15420.16,6384.98,29.28
2130,2025-03-24,F 2025,Sales Invoice,SI103992,10000,C0002,AO,1896-S,ADDIS ABABA Executive Desk,BENCH,,6,216454.13,1298724.78,723342.0,575382.78,44.3
2131,2025-03-24,F 2025,Sales Invoice,SI103992,20000,C0002,AO,2008-S,"ACCRA Stacking Chair, blue",CHAIR,,6,10706.82,64240.92,44727.6,19513.32,30.38
2132,2025-03-24,F 2025,Sales Invoice,SI103992,30000,C0002,AO,1900-S,CAIRO Writing Desk,BENCH,NAK,10,127257.94,1272579.4,855583.9,416995.5,32.77
2133,2025-03-24,F 2025,Sales Invoice,SI103992,40000,C0002,AO,1900-S,CAIRO Writing Desk,BENCH,NBI,6,102553.49,615320.94,470415.18,144905.76,23.55
2134,2025-03-24,F 2025,Sales Invoice,SI103992,50000,C0002,AO,1896-S,ADDIS ABABA Executive Desk,BENCH,,9,199007.87,1791070.83,1062016.47,729054.36,40.7
2135,2024-12-29,F 2025,Sales Invoice,SI103993,10000,C0016,CM,1896-S,ADDIS ABABA Executive Desk,BENCH,,8,207102.87,1656822.96,988391.6,668431.36,40.34
2136,2024-12-29,F 2025,Sales Invoice,SI103993,20000,C0016,CM,1972-S,"MOMBASA Swivel Chair, yellow",CHAIR,MBA,4,28948.15,115792.6,73777.88,42014.72,36.28
2137,2024-12-29,F 2025,Sales Invoice,SI103993,30000,C0016,CM,1896-S,ADDIS ABABA Executive Desk,BENCH,,12,204401.03,2452812.36,1679634.12,773178.24,31.52
2138,2024-12-29,F 2025,Sales Invoice,SI103993,40000,C0016,CM,2004-S,"LAGOS Executive Chair, grey",CHAIR,,9,34639.25,311753.25,204933.42,106819.83,34.26
2139,2024-12-29,F 2025,Sales Invoice,SI103993,50000,C0016,CM,1896-S,ADDIS ABABA Executive Desk,BENCH,KSM,1,197932.96,197932.96,117089.74,80843.22,40.84
2140,2024-12-29,F 2025,Sales Invoice,SI103993,60000,C0016,CM,1960-S,"NAIROBI Guest Chair, green",CHAIR,,9,20369.25,183323.25,146902.95,36420.3,19.87
2141,2025-03-28,F 2025,Sales Invoice,SI103994,10000,C0023,BM,1944-S,HARARE Folding Table,TABLE,,5,41818.21,209091.05,152147.1,56943.95,27.23
2142,2025-03-28,F 2025,Sales Invoice,SI103994,20000,C0023,BM,1968-S,OSLO Filing Cabinet,MISC,,5,37391.05,186955.25,132757.7,54197.55,28.99
2143,2025-01-18,F 2025,Sales Invoice,SI103995,10000,C0002,AO,1988-S,"KAMPALA Guest Chair, red",CHAIR,KSM,8,21663.88,173311.04,123497.44,49813.6,28.74
2144,2025-01-18,F 2025,Sales Invoice,SI103995,20000,C0002,AO,1928-S,DAKAR Meeting Table,TABLE,,3,132319.6,396958.8,278210.79,118748.01,29.91
2145,2025-01-18,F 2025,Sales Invoice,SI103995,30000,C0002,AO,2008-S,"ACCRA Stacking Chair, blue",CHAIR,KSM,11,11826.84,130095.24,85166.29,44928.95,34.54
2146,2025-01-18,F 2025,Sales Invoice,SI103995,40000,C0002,AO,1952-S,"ABUJA Whiteboard, base",MISC,KSM,2,56324.83,112649.66,68992.26,43657.4,38.76
2147,2025-03-04,F 2025,Sales Invoice,SI103996,10000,C0006,BM,1936-S,ACCRA Round Table,TABLE,,1,98684.83,98684.83,73377.47,25307.36,25.64
2148,2025-03-04,F 2025,Sales Invoice,SI103996,20000,C0006,BM,1908-S,DUBAI Corner Desk,BENCH,,7,126079.77,882558.39,632423.26,250135.13,28.34
2149,2025-01-17,F 2025,Sales Invoice,SI103997,10000,C0001,AO,1928-S,DAKAR Meeting Table,TABLE,MBA,8,167113.17,1336905.36,759981.36,576924.0,43.15
2150,2025-01-17,F 2025,Sales Invoice,SI103997,20000,C0001,AO,1964-S,Guest Section 1,MISC,,2,126584.86,253169.72,168253.4,84916.32,33.54
2151,2025-01-17,F 2025,Sales Invoice,SI103997,30000,C0001,AO,1988-S,"KAMPALA Guest Chair, red",CHAIR,,11,27036.09,297396.99,191985.97,105411.02,35.44
2152,2025-01-17,F 2025,Sales Invoice,SI103997,40000,C0001,AO,1960-S,"NAIROBI Guest Chair, green",CHAIR,,11,26107.75,287185.25,175253.54,111931.71,38.98
2153,2024-11-29,F 2025,Sales Invoice,SI103998,10000,C0003,AO,1896-S,ADDIS ABABA Executive Desk,BENCH,,6,163890.79,983344.74,706604.94,276739.8,28.14
2154,2024-11-29,F 2025,Sales Invoice,SI103998,20000,C0003,AO,1928-S,DAKAR Meeting Table,TABLE,NBI,10,126411.01,1264110.1,868450.9,395659.2,31.3
2155,2024-11-29,F 2025,Sales Invoice,SI103998,30000,C0003,AO,2004-S,"LAGOS Executive Chair, grey",CHAIR,,4,40468.86,161875.44,97115.92,64759.52,40.01
2156,2025-01-30,F 2025,Sales Invoice,SI103999,10000,C0002,AO,1916-S,JOHANNESBURG Sit-Stand Desk,BENCH,,11,135674.67,1492421.37,1169364.35,323057.02,21.65
2157,2024-11-02,F 2025,Sales Invoice,SI104000,10000,C0002,CM,1900-S,CAIRO Writing Desk,BENCH,KSM,2,123474.27,246948.54,138596.96,108351.58,43.88
2158,2024-11-02,F 2025,Sales Invoice,SI104000,20000,C0002,CM,1956-S,Conference Bundle 1-6,MISC,,6,329686.46,1978118.76,1348380.78,629737.98,31.84
2159,2024-11-02,F 2025,Sales Invoice,SI104000,30000,C0002,CM,1952-S,"ABUJA Whiteboard, base",MISC,,1,56503.02,56503.02,39876.73,16626.29,29.43
2160,2025-03-21,F 2025,Sales Invoice,SI104001,10000,C0004,BM,1956-S,Conference Bundle 1-6,MISC,,4,335136.5,1340546.0,920587.68,419958.32,31.33
2161,2025-03-21,F 2025,Sales Invoice,SI104001,20000,C0004,BM,1952-S,"ABUJA Whiteboard, base",MISC,,7,50020.23,350141.61,263255.79,86885.82,24.81
2162,2025-03-03,F 2025,Sales Invoice,SI104002,10000,C0007,BM,1920-S,LUANDA Conference Table,TABLE,MBA,7,211717.18,1482020.26,1226130.99,255889.27,17.27
2163,2024-11-07,F 2025,Sales Invoice,SI104003,10000,C0001,CM,2000-S,"KIGALI Ergonomic Chair, black",CHAIR,,11,33947.43,373421.73,314373.62,59048.11,15.81
2164,2025-02-15,F 2025,Sales Invoice,SI104004,10000,C0030,BM,1900-S,CAIRO Writing Desk,BENCH,KSM,8,126999.23,1015993.84,590157.76,425836.08,41.91
2165,2025-02-15,F 2025,Sales Invoice,SI104004,20000,C0030,BM,1936-S,ACCRA Round Table,TABLE,,11,99705.98,1096765.78,827141.7,269624.08,24.58
2166,2025-02-15,F 2025,Sales Invoice,SI104004,30000,C0030,BM,1900-S,CAIRO Writing Desk,BENCH,,2,115179.99,230359.98,145588.44,84771.54,36.8
2167,2025-02-15,F 2025,Sales Invoice,SI104004,40000,C0030,BM,1920-S,LUANDA Conference Table,TABLE,,2,236241.32,472482.64,360511.6,111971.04,23.7
2168,2024-12-13,F 2025,Sales Invoice,SI104005,10000,C0003,BM,2004-S,"LAGOS Executive Chair, grey",CHAIR,,4,38347.65,153390.6,88558.92,64831.68,42.27
2169,2024-12-13,F 2025,Sales Invoice,SI104005,20000,C0003,BM,1956-S,Conference Bundle 1-6,MISC,,9,368615.38,3317538.42,2274350.31,1043188.11,31.44
2170,2024-12-13,F 2025,Sales Invoice,SI104005,30000,C0003,BM,1928-S,DAKAR Meeting Table,TABLE,,4,151555.82,606223.28,393958.24,212265.04,35.01
2171,2024-12-13,F 2025,Sales Invoice,SI104005,40000,C0003,BM,1952-S,"ABUJA Whiteboard, base",MISC,KSM,5,54205.31,271026.55,188611.35,82415.2,30.41
2172,2024-12-13,F 2025,Sales Invoice,SI104005,50000,C0003,BM,1916-S,JOHANNESBURG Sit-Stand Desk,BENCH,,4,150445.74,601782.96,420007.68,181775.28,30.21
2173,2025-04-04,F 2025,Sales Invoice,SI104006,10000,C0003,BM,1920-S,LUANDA Conference Table,TABLE,KSM,11,243657.44,2680231.84,1912317.44,767914.4,28.65
2174,2025-02-05,F 2025,Sales Invoice,SI104007,10000,C0004,AO,1976-S,LONDON Bookcase,MISC,,8,49292.79,394342.32,263238.32,131104.0,33.25
2175,2025-02-05,F 2025,Sales Invoice,SI104007,20000,C0004,AO,1988-S,"KAMPALA Guest Chair, red",CHAIR,,7,23206.26,162443.82,112056.07,50387.75,31.02
2176,2025-02-05,F 2025,Sales Invoice,SI104007,30000,C0004,AO,1980-S,"KISUMU Swivel Chair, red",CHAIR,ELD,5,25075.9,125379.5,107569.1,17810.4,14.21
2177,2025-02-27,F 2025,Sales Invoice,SI104008,10000,C0008,CM,2000-S,"KIGALI Ergonomic Chair, black",CHAIR,,7,44627.98,312395.86,185287.48,127108.38,40.69
2178,2025-02-27,F 2025,Sales Invoice,SI104008,20000,C0008,CM,1896-S,ADDIS ABABA Executive Desk,BENCH,,6,187904.21,1127425.26,677373.0,450052.26,39.92
2179,2025-04-24,F 2025,Sales Invoice,SI104009,10000,C0001,JK,1972-S,"MOMBASA Swivel Chair, yellow",CHAIR,MBA,9,31165.81,280492.29,184360.41,96131.88,34.27
2180,2025-03-25,F 2025,Sales Invoice,SI104010,10000,C0001,AO,1960-S,"NAIROBI Guest Chair, green",CHAIR,,2,22667.22,45334.44,26818.64,18515.8,40.84
2181,2025-03-25,F 2025,Sales Invoice,SI104010,20000,C0001,AO,1896-S,ADDIS ABABA Executive Desk,BENCH,KSM,4,185512.16,742048.64,486554.32,255494.32,34.43
2182,2025-03-25,F 2025,Sales Invoice,SI104010,30000,C0001,AO,1976-S,LONDON Bookcase,MISC,,6,45851.9,275111.4,179873.4,95238.0,34.62
2183,2024-12-21,F 2025,Order,SO200001,10000,C0002,CM,1896-S,ADDIS ABABA Executive Desk,BENCH,,9,182007.56,1638068.04,1127596.77,510471.27,31.16
2184,2024-12-21,F 2025,Order,SO200001,20000,C0002,CM,1944-S,HARARE Folding Table,TABLE,,5,45021.76,225108.8,143774.2,81334.6,36.13
2185,2024-12-21,F 2025,Order,SO200001,30000,C0002,CM,1896-S,ADDIS ABABA Executive Desk,BENCH,,4,169025.36,676101.44,541137.04,134964.4,19.96
2186,2024-12-21,F 2025,Order,SO200001,40000,C0002,CM,1988-S,"KAMPALA Guest Chair, red",CHAIR,,2,24269.5,48539.0,32619.08,15919.92,32.8
2187,2024-12-21,F 2025,Order,SO200001,50000,C0002,CM,1964-S,Guest Section 1,MISC,NBI,7,130212.91,911490.37,652589.42,258900.95,28.4
2188,2025-01-13,F 2025,Order,SO200002,10000,C0006,BM,1896-S,ADDIS ABABA Executive Desk,BENCH,KSM,10,173733.36,1737333.6,1361266.2,376067.4,21.65
2189,2025-01-13,F 2025,Order,SO200002,20000,C0006,BM,1988-S,"KAMPALA Guest Chair, red",CHAIR,,11,28527.07,313797.77,198441.54,115356.23,36.76
2190,2025-01-13,F 2025,Order,SO200002,30000,C0006,BM,2004-S,"LAGOS Executive Chair, grey",CHAIR,,8,38195.56,305564.48,182077.92,123486.56,40.41
2191,2024-11-22,F 2025,Order,SO200003,10000,C0015,AO,1936-S,ACCRA Round Table,TABLE,,7,108421.42,758949.94,507518.9,251431.04,33.13
2192,2024-11-22,F 2025,Order,SO200003,20000,C0015,AO,2008-S,"ACCRA Stacking Chair, blue",CHAIR,,5,12328.23,61641.15,44478.25,17162.9,27.84
2193,2024-11-22,F 2025,Order,SO200003,30000,C0015,AO,1920-S,LUANDA Conference Table,TABLE,,8,215716.07,1725728.56,1230555.76,495172.8,28.69
2194,2025-03-15,F 2025,Order,SO200004,10000,C0006,BM,1896-S,ADDIS ABABA Executive Desk,BENCH,,6,198252.65,1189515.9,789699.9,399816.0,33.61
2195,2025-03-15,F 2025,Order,SO200004,20000,C0006,BM,1896-S,ADDIS ABABA Executive Desk,BENCH,,7,175743.4,1230203.8,922397.0,307806.8,25.02
2196,2025-03-15,F 2025,Order,SO200004,30000,C0006,BM,2008-S,"ACCRA Stacking Chair, blue",CHAIR,NBI,5,11399.63,56998.15,36270.85,20727.3,36.36
2197,2025-03-15,F 2025,Order,SO200004,40000,C0006,BM,1928-S,DAKAR Meeting Table,TABLE,,10,123892.14,1238921.4,978141.2,260780.2,21.05
2198,2025-01-06,F 2025,Order,SO200005,10000,C0019,AO,1968-S,OSLO Filing Cabinet,MISC,,2,32808.94,65617.88,44322.74,21295.14,32.45
2199,2025-02-12,F 2025,Order,SO200006,10000,C0006,CM,1964-S,Guest Section 1,MISC,,5,130497.98,652489.9,499532.35,152957.55,23.44
2200,2024-11-12,F 2025,Order,SO200007,10000,C0003,BM,1960-S,"NAIROBI Guest Chair, green",CHAIR,NBI,11,24523.77,269761.47,156478.19,113283.28,41.99
2201,2025-04-08,F 2025,Order,SO200008,10000,C0008,AO,1968-S,OSLO Filing Cabinet,MISC,,4,32390.12,129560.48,97849.0,31711.48,24.48
2202,2025-04-08,F 2025,Order,SO200008,20000,C0008,AO,1972-S,"MOMBASA Swivel Chair, yellow",CHAIR,,2,25996.44,51992.88,35326.8,16666.08,32.05
2203,2025-04-08,F 2025,Order,SO200008,30000,C0008,AO,1952-S,"ABUJA Whiteboard, base",MISC,,9,59032.6,531293.4,367759.44,163533.96,30.78
2204,2025-04-08,F 2025,Order,SO200008,40000,C0008,AO,1976-S,LONDON Bookcase,MISC,,4,49649.29,198597.16,145512.12,53085.04,26.73
2205,2025-04-08,F 2025,Order,SO200008,50000,C0008,AO,2000-S,"KIGALI Ergonomic Chair, black",CHAIR,,1,37879.79,37879.79,29767.41,8112.38,21.42
2206,2024-11-12,F 2025,Order,SO200009,10000,C0002,AO,1964-S,Guest Section 1,MISC,,6,161801.91,970811.46,509266.02,461545.44,47.54
2207,2024-11-14,F 2025,Order,SO200010,10000,C0018,BM,1920-S,LUANDA Conference Table,TABLE,,1,262113.81,262113.81,145335.44,116778.37,44.55
2208,2025-01-26,F 2025,Order,SO200011,10000,C0007,BM,1916-S,JOHANNESBURG Sit-Stand Desk,BENCH,NAK,12,158813.45,1905761.4,1211373.0,694388.4,36.44
2209,2025-01-26,F 2025,Order,SO200011,20000,C0007,BM,1976-S,LONDON Bookcase,MISC,NBI,6,55821.54,334929.24,219532.62,115396.62,34.45
2210,2025-01-26,F 2025,Order,SO200011,30000,C0007,BM,1896-S,ADDIS ABABA Executive Desk,BENCH,,5,210061.43,1050307.15,581933.3,468373.85,44.59
2211,2025-02-05,F 2025,Order,SO200012,10000,C0001,AO,PART-2,Desk Leg Leveller Kit,PARTS,,5,750.37,3751.85,1315.65,2436.2,64.93
2212,2024-12-16,F 2025,Order,SO200013,10000,C0003,AO,1960-S,"NAIROBI Guest Chair, green",CHAIR,,7,24851.35,173959.45,104943.44,69016.01,39.67
2213,2025-03-01,F 2025,Order,SO200014,10000,C0020,CM,2000-S,"KIGALI Ergonomic Chair, black",CHAIR,MBA,4,43189.86,172759.44,97684.68,75074.76,43.46
2214,2025-03-01,F 2025,Order,SO200014,20000,C0020,CM,1988-S,"KAMPALA Guest Chair, red",CHAIR,MBA,7,24851.47,173960.29,125248.62,48711.67,28.0
2215,2025-03-01,F 2025,Order,SO200014,30000,C0020,CM,1900-S,CAIRO Writing Desk,BENCH,,7,114461.3,801229.1,601366.5,199862.6,24.94
2216,2025-03-13,F 2025,Order,SO200015,10000,C0003,CM,1900-S,CAIRO Writing Desk,BENCH,,7,112675.63,788729.41,562471.35,226258.06,28.69
2217,2024-12-15,F 2025,Order,SO200016,10000,C0007,AO,1976-S,LONDON Bookcase,MISC,,8,47173.31,377386.48,260449.6,116936.88,30.99
2218,2024-12-15,F 2025,Order,SO200016,20000,C0007,AO,1908-S,DUBAI Corner Desk,BENCH,KSM,1,137491.15,137491.15,78776.03,58715.12,42.7
2219,2024-12-09,F 2025,Order,SO200017,10000,C0006,AO,1896-S,ADDIS ABABA Executive Desk,BENCH,,8,216798.25,1734386.0,1029142.8,705243.2,40.66
2220,2024-12-09,F 2025,Order,SO200017,20000,C0006,AO,1920-S,LUANDA Conference Table,TABLE,,5,221261.59,1106307.95,836928.3,269379.65,24.35
2221,2024-12-09,F 2025,Order,SO200017,30000,C0006,AO,1964-S,Guest Section 1,MISC,KSM,8,127265.45,1018123.6,830683.6,187440.0,18.41
2222,2025-02-18,F 2025,Order,SO200018,10000,C0009,BM,1984-S,MADRID Monitor Stand,MISC,KSM,7,13620.08,95340.56,53512.27,41828.29,43.87
2223,2025-03-12,F 2025,Order,SO200019,10000,C0002,AO,1972-S,"MOMBASA Swivel Chair, yellow",CHAIR,,7,23956.19,167693.33,133630.84,34062.49,20.31
2224,2025-03-12,F 2025,Order,SO200019,20000,C0002,AO,1960-S,"NAIROBI Guest Chair, green",CHAIR,,3,21534.51,64603.53,41959.59,22643.94,35.05
2225,2025-03-12,F 2025,Order,SO200019,30000,C0002,AO,1956-S,Conference Bundle 1-6,MISC,ELD,3,331271.78,993815.34,667906.2,325909.14,32.79
2226,2025-03-12,F 2025,Order,SO200019,40000,C0002,AO,1988-S,"KAMPALA Guest Chair, red",CHAIR,KSM,2,27538.35,55076.7,29640.02,25436.68,46.18
2227,2025-03-12,F 2025,Order,SO200019,50000,C0002,AO,1952-S,"ABUJA Whiteboard, base",MISC,MBA,4,45784.46,183137.84,155932.96,27204.88,14.85
2228,2025-02-04,F 2025,Order,SO200020,10000,C0013,AO,2008-S,"ACCRA Stacking Chair, blue",CHAIR,MBA,12,12585.49,151025.88,100672.2,50353.68,33.34
2229,2025-02-04,F 2025,Order,SO200020,20000,C0013,AO,2000-S,"KIGALI Ergonomic Chair, black",CHAIR,KSM,9,38416.18,345745.62,223115.13,122630.49,35.47
2230,2025-02-04,F 2025,Order,SO200020,30000,C0013,AO,1920-S,LUANDA Conference Table,TABLE,NBI,6,213783.6,1282701.6,876682.14,406019.46,31.65
2231,2025-02-04,F 2025,Order,SO200020,40000,C0013,AO,1920-S,LUANDA Conference Table,TABLE,MBA,11,249834.21,2748176.31,1966265.4,781910.91,28.45
2232,2024-11-27,F 2025,Order,SO200021,10000,C0006,CM,1976-S,LONDON Bookcase,MISC,,5,58360.56,291802.8,175105.4,116697.4,39.99
2233,2025-03-01,F 2025,Order,SO200022,10000,C0026,AO,1980-S,"KISUMU Swivel Chair, red",CHAIR,MBA,4,25656.91,102627.64,82775.84,19851.8,19.34
2234,2025-01-27,F 2025,Order,SO200023,10000,C0031,CM,1900-S,CAIRO Writing Desk,BENCH,,7,121121.09,847847.63,576704.1,271143.53,31.98
2235,2025-01-27,F 2025,Order,SO200023,20000,C0031,CM,1972-S,"MOMBASA Swivel Chair, yellow",CHAIR,KSM,3,24071.12,72213.36,51939.24,20274.12,28.08
2236,2025-01-27,F 2025,Order,SO200023,30000,C0031,CM,1952-S,"ABUJA Whiteboard, base",MISC,,1,62219.51,62219.51,39027.8,23191.71,37.27
2237,2025-01-30,F 2025,Order,SO200024,10000,C0004,CM,2004-S,"LAGOS Executive Chair, grey",CHAIR,MBA,8,39039.71,312317.68,206078.64,106239.04,34.02
2238,2025-01-30,F 2025,Order,SO200024,20000,C0004,CM,1920-S,LUANDA Conference Table,TABLE,,7,235762.21,1650335.47,1050437.43,599898.04,36.35
2239,2025-04-24,F 2025,Order,SO200025,10000,C0002,AO,1896-S,ADDIS ABABA Executive Desk,BENCH,KSM,2,201483.62,402967.24,247285.82,155681.42,38.63
2240,2025-04-24,F 2025,Order,SO200025,20000,C0002,AO,1980-S,"KISUMU Swivel Chair, red",CHAIR,NAK,7,26386.62,184706.34,153395.06,31311.28,16.95
2241,2025-04-25,F 2025,Order,SO200026,10000,C0002,BM,1900-S,CAIRO Writing Desk,BENCH,,1,113136.77,113136.77,75845.0,37291.77,32.96
2242,2025-03-25,F 2025,Order,SO200027,10000,C0017,CM,1972-S,"MOMBASA Swivel Chair, yellow",CHAIR,,3,25575.91,76727.73,58124.55,18603.18,24.25
2243,2025-03-25,F 2025,Order,SO200027,20000,C0017,CM,1916-S,JOHANNESBURG Sit-Stand Desk,BENCH,,1,144194.91,144194.91,100802.16,43392.75,30.09
2244,2025-03-25,F 2025,Order,SO200027,30000,C0017,CM,1980-S,"KISUMU Swivel Chair, red",CHAIR,,7,28459.52,199216.64,147808.71,51407.93,25.81
2245,2024-12-14,F 2025,Order,SO200028,10000,C0008,BM,2000-S,"KIGALI Ergonomic Chair, black",CHAIR,,2,37163.85,74327.7,59373.82,14953.88,20.12
2246,2024-12-14,F 2025,Order,SO200028,20000,C0008,BM,1952-S,"ABUJA Whiteboard, base",MISC,KSM,9,61044.15,549397.35,332798.4,216598.95,39.42
2247,2024-12-14,F 2025,Order,SO200028,30000,C0008,BM,1960-S,"NAIROBI Guest Chair, green",CHAIR,NBI,6,19636.41,117818.46,83649.18,34169.28,29.0
2248,2024-12-14,F 2025,Order,SO200028,40000,C0008,BM,2008-S,"ACCRA Stacking Chair, blue",CHAIR,NBI,9,11844.65,106601.85,69608.43,36993.42,34.7
2249,2025-01-16,F 2025,Order,SO200029,10000,C0003,CM,2004-S,"LAGOS Executive Chair, grey",CHAIR,KSM,6,34475.73,206854.38,126744.9,80109.48,38.73
2250,2025-01-16,F 2025,Order,SO200029,20000,C0003,CM,1960-S,"NAIROBI Guest Chair, green",CHAIR,,1,23862.34,23862.34,14758.75,9103.59,38.15
2251,2025-01-16,F 2025,Order,SO200029,30000,C0003,CM,1896-S,ADDIS ABABA Executive Desk,BENCH,,3,170399.32,511197.96,339645.21,171552.75,33.56
2252,2025-01-16,F 2025,Order,SO200029,40000,C0003,CM,2004-S,"LAGOS Executive Chair, grey",CHAIR,,4,40212.76,160851.04,102359.44,58491.6,36.36
2253,2025-01-16,F 2025,Order,SO200029,50000,C0003,CM,1928-S,DAKAR Meeting Table,TABLE,MBA,11,132818.34,1461001.74,1123594.56,337407.18,23.09
2254,2025-01-16,F 2025,Order,SO200029,60000,C0003,CM,1988-S,"KAMPALA Guest Chair, red",CHAIR,,8,26467.44,211739.52,135656.56,76082.96,35.93
2255,2024-12-28,F 2025,Order,SO200030,10000,C0001,AO,1988-S,"KAMPALA Guest Chair, red",CHAIR,NAK,3,24251.23,72753.69,50691.15,22062.54,30.32
2256,2024-12-28,F 2025,Order,SO200030,20000,C0001,AO,1952-S,"ABUJA Whiteboard, base",MISC,KSM,6,53752.13,322512.78,221705.16,100807.62,31.26
2257,2024-12-28,F 2025,Order,SO200030,30000,C0001,AO,1936-S,ACCRA Round Table,TABLE,,11,104177.99,1145957.89,710887.32,435070.57,37.97
2258,2024-12-28,F 2025,Order,SO200030,40000,C0001,AO,1936-S,ACCRA Round Table,TABLE,,1,105088.33,105088.33,61189.52,43898.81,41.77
2259,2024-10-24,F 2025,Order,SO200031,10000,C0035,AO,1964-S,Guest Section 1,MISC,,4,142149.21,568596.84,340481.2,228115.64,40.12
2260,2024-11-21,F 2025,Order,SO200032,10000,C0005,BM,1920-S,LUANDA Conference Table,TABLE,,12,266770.47,3201245.64,1771267.44,1429978.2,44.67
2261,2024-11-21,F 2025,Order,SO200032,20000,C0005,BM,1972-S,"MOMBASA Swivel Chair, yellow",CHAIR,KSM,9,30732.82,276595.38,154595.07,122000.31,44.11
2262,2024-11-21,F 2025,Order,SO200032,30000,C0005,BM,1964-S,Guest Section 1,MISC,MBA,12,140413.94,1684967.28,1030218.96,654748.32,38.86
2263,2025-03-01,F 2025,Order,SO200033,10000,C0011,BM,1976-S,LONDON Bookcase,MISC,,1,51402.48,51402.48,36744.2,14658.28,28.52
2264,2025-03-01,F 2025,Order,SO200033,20000,C0011,BM,1908-S,DUBAI Corner Desk,BENCH,,8,138724.82,1109798.56,712387.6,397410.96,35.81
2265,2025-03-10,F 2025,Order,SO200034,10000,C0001,CM,1896-S,ADDIS ABABA Executive Desk,BENCH,,8,202228.09,1617824.72,964019.44,653805.28,40.41
2266,2025-03-10,F 2025,Order,SO200034,20000,C0001,CM,2004-S,"LAGOS Executive Chair, grey",CHAIR,MBA,10,34466.84,344668.4,246102.9,98565.5,28.6
2267,2025-03-10,F 2025,Order,SO200034,30000,C0001,CM,1964-S,Guest Section 1,MISC,,4,121400.99,485603.96,419235.24,66368.72,13.67
2268,2025-03-10,F 2025,Order,SO200034,40000,C0001,CM,1960-S,"NAIROBI Guest Chair, green",CHAIR,,4,20674.88,82699.52,60674.6,22024.92,26.63
2269,2025-01-10,F 2025,Order,SO200035,10000,C0001,AO,1952-S,"ABUJA Whiteboard, base",MISC,,9,60612.03,545508.27,295383.78,250124.49,45.85
2270,2025-02-06,F 2025,Order,SO200036,10000,C0019,CM,1952-S,"ABUJA Whiteboard, base",MISC,,10,59059.84,590598.4,326517.3,264081.1,44.71
2271,2025-02-06,F 2025,Order,SO200036,20000,C0019,CM,1908-S,DUBAI Corner Desk,BENCH,,9,134439.05,1209951.45,880274.7,329676.75,27.25
2272,2025-02-06,F 2025,Order,SO200036,30000,C0019,CM,PART-1,Chair Replacement Wheel Set,PARTS,KSM,9,839.17,7552.53,3051.0,4501.53,59.6
2273,2024-10-04,F 2025,Order,SO200037,10000,C0001,BM,1976-S,LONDON Bookcase,MISC,KSM,1,53647.27,53647.27,36640.93,17006.34,31.7
2274,2024-10-04,F 2025,Order,SO200037,20000,C0001,BM,1980-S,"KISUMU Swivel Chair, red",CHAIR,MBA,5,27662.72,138313.6,88975.7,49337.9,35.67
2275,2024-10-04,F 2025,Order,SO200037,30000,C0001,BM,1988-S,"KAMPALA Guest Chair, red",CHAIR,,3,21656.06,64968.18,48028.02,16940.16,26.07
2276,2025-02-16,F 2025,Order,SO200038,10000,C0013,BM,1980-S,"KISUMU Swivel Chair, red",CHAIR,,2,34270.71,68541.42,44421.64,24119.78,35.19
2277,2025-04-18,F 2025,Order,SO200039,10000,C0020,CM,1980-S,"KISUMU Swivel Chair, red",CHAIR,NBI,8,26020.46,208163.68,168646.64,39517.04,18.98
2278,2025-02-14,F 2025,Order,SO200040,10000,C0001,AO,2000-S,"KIGALI Ergonomic Chair, black",CHAIR,,2,40505.2,81010.4,50900.88,30109.52,37.17
2279,2025-02-14,F 2025,Order,SO200040,20000,C0001,AO,1952-S,"ABUJA Whiteboard, base",MISC,MBA,9,54253.1,488277.9,308692.44,179585.46,36.78
2280,2025-02-14,F 2025,Order,SO200040,30000,C0001,AO,1920-S,LUANDA Conference Table,TABLE,,2,250356.67,500713.34,299031.1,201682.24,40.28
2281,2025-02-11,F 2025,Order,SO200041,10000,C0008,CM,1976-S,LONDON Bookcase,MISC,,11,54313.09,597443.99,366387.01,231056.98,38.67
2282,2025-02-11,F 2025,Order,SO200041,20000,C0008,CM,1952-S,"ABUJA Whiteboard, base",MISC,,2,46895.44,93790.88,75428.7,18362.18,19.58
2283,2024-11-12,F 2025,Order,SO200042,10000,C0011,AO,1952-S,"ABUJA Whiteboard, base",MISC,NBI,2,51310.78,102621.56,72276.78,30344.78,29.57
2284,2024-11-12,F 2025,Order,SO200042,20000,C0011,AO,1976-S,LONDON Bookcase,MISC,,8,52941.73,423533.84,296990.72,126543.12,29.88
2285,2024-11-12,F 2025,Order,SO200042,30000,C0011,AO,2008-S,"ACCRA Stacking Chair, blue",CHAIR,,1,11313.09,11313.09,7571.02,3742.07,33.08
2286,2024-10-05,F 2025,Order,SO200043,10000,C0031,JK,1896-S,ADDIS ABABA Executive Desk,BENCH,,1,183730.09,183730.09,123008.4,60721.69,33.05
2287,2024-10-05,F 2025,Order,SO200043,20000,C0031,JK,1956-S,Conference Bundle 1-6,MISC,,10,317573.78,3175737.8,2743078.9,432658.9,13.62
2288,2024-10-05,F 2025,Order,SO200043,30000,C0031,JK,1900-S,CAIRO Writing Desk,BENCH,,9,111573.73,1004163.57,668438.55,335725.02,33.43
2289,2025-03-09,F 2025,Order,SO200044,10000,C0022,CM,1988-S,"KAMPALA Guest Chair, red",CHAIR,NBI,9,23659.23,212933.07,169034.22,43898.85,20.62
2290,2025-03-09,F 2025,Order,SO200044,20000,C0022,CM,1960-S,"NAIROBI Guest Chair, green",CHAIR,KSM,5,21535.56,107677.8,73660.15,34017.65,31.59
2291,2025-03-09,F 2025,Order,SO200044,30000,C0022,CM,1956-S,Conference Bundle 1-6,MISC,NAK,3,387967.66,1163902.98,722755.74,441147.24,37.9
2292,2025-02-13,F 2025,Order,SO200045,10000,C0006,AO,1896-S,ADDIS ABABA Executive Desk,BENCH,KSM,1,203743.29,203743.29,131330.46,72412.83,35.54
2293,2025-02-13,F 2025,Order,SO200045,20000,C0006,AO,1964-S,Guest Section 1,MISC,,9,143981.45,1295833.05,796298.04,499535.01,38.55
2294,2025-02-13,F 2025,Order,SO200045,30000,C0006,AO,1972-S,"MOMBASA Swivel Chair, yellow",CHAIR,,5,29772.46,148862.3,101960.45,46901.85,31.51
2295,2025-02-25,F 2025,Order,SO200046,10000,C0022,AO,2000-S,"KIGALI Ergonomic Chair, black",CHAIR,,9,36887.05,331983.45,274922.1,57061.35,17.19
2296,2025-04-01,F 2025,Order,SO200047,10000,C0010,BM,2000-S,"KIGALI Ergonomic Chair, black",CHAIR,,9,39408.16,354673.44,241387.2,113286.24,31.94
2297,2025-04-01,F 2025,Order,SO200047,20000,C0010,BM,1976-S,LONDON Bookcase,MISC,KSM,5,53939.33,269696.65,189704.6,79992.05,29.66
2298,2025-04-01,F 2025,Order,SO200047,30000,C0010,BM,2000-S,"KIGALI Ergonomic Chair, black",CHAIR,MBA,1,41340.77,41340.77,27616.22,13724.55,33.2
2299,2024-10-02,F 2025,Order,SO200048,10000,C0006,AO,2008-S,"ACCRA Stacking Chair, blue",CHAIR,MBA,9,14722.82,132505.38,70290.18,62215.2,46.95
2300,2024-10-02,F 2025,Order,SO200048,20000,C0006,AO,1968-S,OSLO Filing Cabinet,MISC,KSM,4,34167.97,136671.88,91458.76,45213.12,33.08
2301,2025-02-23,F 2025,Order,SO200049,10000,C0001,BM,1900-S,CAIRO Writing Desk,BENCH,MBA,12,126827.43,1521929.16,817932.48,703996.68,46.26
2302,2025-02-23,F 2025,Order,SO200049,20000,C0001,BM,1964-S,Guest Section 1,MISC,KSM,9,155852.38,1402671.42,893930.4,508741.02,36.27
2303,2025-02-23,F 2025,Order,SO200049,30000,C0001,BM,1964-S,Guest Section 1,MISC,,10,130808.15,1308081.5,962235.2,345846.3,26.44
2304,2025-02-23,F 2025,Order,SO200049,40000,C0001,BM,1908-S,DUBAI Corner Desk,BENCH,,1,134366.26,134366.26,97546.59,36819.67,27.4
2305,2025-04-30,F 2025,Order,SO200050,10000,C0004,BM,1920-S,LUANDA Conference Table,TABLE,NBI,10,213550.24,2135502.4,1440271.9,695230.5,32.56
2306,2025-04-30,F 2025,Order,SO200050,20000,C0004,BM,1972-S,"MOMBASA Swivel Chair, yellow",CHAIR,,7,26118.89,182832.23,118261.71,64570.52,35.32
2307,2024-10-30,F 2025,Order,SO200051,10000,C0002,AO,1972-S,"MOMBASA Swivel Chair, yellow",CHAIR,NAK,3,26220.71,78662.13,56594.31,22067.82,28.05
2308,2024-12-03,F 2025,Order,SO200052,10000,C0001,AO,1944-S,HARARE Folding Table,TABLE,NAK,12,40319.63,483835.56,380428.92,103406.64,21.37
2309,2024-12-03,F 2025,Order,SO200052,20000,C0001,AO,2000-S,"KIGALI Ergonomic Chair, black",CHAIR,KSM,2,34772.98,69545.96,53677.34,15868.62,22.82
2310,2024-12-03,F 2025,Order,SO200052,30000,C0001,AO,1956-S,Conference Bundle 1-6,MISC,,1,405821.15,405821.15,258774.84,147046.31,36.23
2311,2024-12-03,F 2025,Order,SO200052,40000,C0001,AO,1980-S,"KISUMU Swivel Chair, red",CHAIR,,11,32119.06,353309.66,235465.34,117844.32,33.35
2312,2024-12-03,F 2025,Order,SO200052,50000,C0001,AO,1896-S,ADDIS ABABA Executive Desk,BENCH,KSM,11,169619.81,1865817.91,1518062.37,347755.54,18.64
2313,2024-12-03,F 2025,Order,SO200052,60000,C0001,AO,1964-S,Guest Section 1,MISC,NBI,3,149781.73,449345.19,290214.3,159130.89,35.41
2314,2025-05-08,F 2025,Order,SO200053,10000,C0003,CM,2000-S,"KIGALI Ergonomic Chair, black",CHAIR,,1,45406.29,45406.29,28128.53,17277.76,38.05
2315,2025-05-08,F 2025,Order,SO200053,20000,C0003,CM,1952-S,"ABUJA Whiteboard, base",MISC,,1,50303.88,50303.88,38521.71,11782.17,23.42
2316,2024-10-29,F 2025,Order,SO200054,10000,C0002,CM,1896-S,ADDIS ABABA Executive Desk,BENCH,,1,194512.47,194512.47,115050.83,79461.64,40.85
2317,2025-01-25,F 2025,Order,SO200055,10000,C0011,AO,1936-S,ACCRA Round Table,TABLE,,5,85976.99,429884.95,359443.0,70441.95,16.39
2318,2025-01-25,F 2025,Order,SO200055,20000,C0011,AO,1900-S,CAIRO Writing Desk,BENCH,,8,108059.5,864476.0,662886.24,201589.76,23.32
2319,2025-02-02,F 2025,Order,SO200056,10000,C0035,AO,1920-S,LUANDA Conference Table,TABLE,,3,234026.16,702078.48,528903.81,173174.67,24.67
2320,2025-02-02,F 2025,Order,SO200056,20000,C0035,AO,1936-S,ACCRA Round Table,TABLE,,5,112565.93,562829.65,315364.15,247465.5,43.97
2321,2025-01-12,F 2025,Order,SO200057,10000,C0008,AO,1988-S,"KAMPALA Guest Chair, red",CHAIR,MBA,5,26422.34,132111.7,86062.4,46049.3,34.86
2322,2025-01-12,F 2025,Order,SO200057,20000,C0008,AO,1976-S,LONDON Bookcase,MISC,MBA,10,42261.78,422617.8,362637.4,59980.4,14.19
2323,2025-01-12,F 2025,Order,SO200057,30000,C0008,AO,1920-S,LUANDA Conference Table,TABLE,,9,231364.31,2082278.79,1389689.82,692588.97,33.26
2324,2025-01-12,F 2025,Order,SO200057,40000,C0008,AO,1936-S,ACCRA Round Table,TABLE,,9,85495.42,769458.78,613321.74,156137.04,20.29
2325,2024-11-17,F 2025,Order,SO200058,10000,C0003,AO,1988-S,"KAMPALA Guest Chair, red",CHAIR,KSM,5,22304.16,111520.8,84048.4,27472.4,24.63
2326,2024-11-17,F 2025,Order,SO200058,20000,C0003,AO,1984-S,MADRID Monitor Stand,MISC,,10,11074.36,110743.6,73154.2,37589.4,33.94
2327,2024-11-17,F 2025,Order,SO200058,30000,C0003,AO,1988-S,"KAMPALA Guest Chair, red",CHAIR,,4,27067.24,108268.96,65472.4,42796.56,39.53
2328,2025-04-13,F 2025,Order,SO200059,10000,C0003,AO,1984-S,MADRID Monitor Stand,MISC,MBA,1,11964.64,11964.64,8387.22,3577.42,29.9
2329,2024-11-29,F 2025,Order,SO200060,10000,C0001,AO,1908-S,DUBAI Corner Desk,BENCH,NAK,12,132152.89,1585834.68,991165.2,594669.48,37.5
2330,2024-11-29,F 2025,Order,SO200060,20000,C0001,AO,1896-S,ADDIS ABABA Executive Desk,BENCH,,3,176832.51,530497.53,374260.74,156236.79,29.45
2331,2024-10-10,F 2025,Order,SO200061,10000,C0030,AO,PART-1,Chair Replacement Wheel Set,PARTS,,11,759.58,8355.38,3464.23,4891.15,58.54
2332,2024-10-10,F 2025,Order,SO200061,20000,C0030,AO,2008-S,"ACCRA Stacking Chair, blue",CHAIR,,4,12982.19,51928.76,29252.16,22676.6,43.67
2333,2025-03-03,F 2025,Order,SO200062,10000,C0012,BM,1960-S,"NAIROBI Guest Chair, green",CHAIR,KSM,12,22089.0,265068.0,164236.44,100831.56,38.04
2334,2025-03-03,F 2025,Order,SO200062,20000,C0012,BM,1944-S,HARARE Folding Table,TABLE,,8,44178.67,353429.36,251509.44,101919.92,28.84
2335,2025-03-03,F 2025,Order,SO200062,30000,C0012,BM,2004-S,"LAGOS Executive Chair, grey",CHAIR,,2,31702.35,63404.7,43793.72,19610.98,30.93
2336,2024-10-01,F 2025,Order,SO200063,10000,C0003,AO,1896-S,ADDIS ABABA Executive Desk,BENCH,NAK,12,193464.17,2321570.04,1531525.08,790044.96,34.03
2337,2024-10-01,F 2025,Order,SO200063,20000,C0003,AO,1916-S,JOHANNESBURG Sit-Stand Desk,BENCH,,11,168308.23,1851390.53,1111549.56,739840.97,39.96
2338,2025-04-07,F 2025,Order,SO200064,10000,C0002,AO,1988-S,"KAMPALA Guest Chair, red",CHAIR,,5,26121.32,130606.6,88751.05,41855.55,32.05
2339,2025-04-07,F 2025,Order,SO200064,20000,C0002,AO,1972-S,"MOMBASA Swivel Chair, yellow",CHAIR,,2,25144.05,50288.1,33196.2,17091.9,33.99
2340,2025-04-07,F 2025,Order,SO200064,30000,C0002,AO,1952-S,"ABUJA Whiteboard, base",MISC,KSM,5,58635.74,293178.7,174765.45,118413.25,40.39
2341,2025-04-07,F 2025,Order,SO200064,40000,C0002,AO,1956-S,Conference Bundle 1-6,MISC,,3,406547.88,1219643.64,662604.51,557039.13,45.67
2342,2025-02-14,F 2025,Order,SO200065,10000,C0025,AO,1972-S,"MOMBASA Swivel Chair, yellow",CHAIR,,3,28935.27,86805.81,54481.56,32324.25,37.24
2343,2025-02-14,F 2025,Order,SO200065,20000,C0025,AO,1988-S,"KAMPALA Guest Chair, red",CHAIR,,3,23930.55,71791.65,48231.66,23559.99,32.82
2344,2025-03-23,F 2025,Order,SO200066,10000,C0029,BM,1984-S,MADRID Monitor Stand,MISC,,10,12551.75,125517.5,72636.4,52881.1,42.13
2345,2025-03-23,F 2025,Order,SO200066,20000,C0029,BM,PART-2,Desk Leg Leveller Kit,PARTS,,9,646.4,5817.6,2814.93,3002.67,51.61
2346,2025-03-23,F 2025,Order,SO200066,30000,C0029,BM,1980-S,"KISUMU Swivel Chair, red",CHAIR,,8,31073.91,248591.28,178822.08,69769.2,28.07
2347,2025-04-06,F 2025,Order,SO200067,10000,C0025,CM,2000-S,"KIGALI Ergonomic Chair, black",CHAIR,,9,39339.21,354052.89,226461.6,127591.29,36.04
2348,2025-04-22,F 2025,Order,SO200068,10000,C0029,BM,1936-S,ACCRA Round Table,TABLE,KSM,2,85616.15,171232.3,145308.78,25923.52,15.14
2349,2025-04-01,F 2025,Order,SO200069,10000,C0002,BM,1908-S,DUBAI Corner Desk,BENCH,,4,119066.5,476266.0,343279.8,132986.2,27.92
2350,2025-04-01,F 2025,Order,SO200069,20000,C0002,BM,1964-S,Guest Section 1,MISC,,9,152907.25,1376165.25,927387.18,448778.07,32.61
2351,2024-12-26,F 2025,Order,SO200070,10000,C0001,BM,1908-S,DUBAI Corner Desk,BENCH,NBI,3,115320.75,345962.25,237115.17,108847.08,31.46
2352,2024-11-05,F 2025,Order,SO200071,10000,C0002,CM,1908-S,DUBAI Corner Desk,BENCH,,10,151209.57,1512095.7,975637.4,536458.3,35.48
2353,2024-11-05,F 2025,Order,SO200071,20000,C0002,CM,1972-S,"MOMBASA Swivel Chair, yellow",CHAIR,ELD,6,30690.58,184143.48,119528.34,64615.14,35.09
2354,2024-11-05,F 2025,Order,SO200071,30000,C0002,CM,2004-S,"LAGOS Executive Chair, grey",CHAIR,KSM,1,30335.89,30335.89,25116.26,5219.63,17.21
2355,2025-03-26,F 2025,Order,SO200072,10000,C0023,AO,2004-S,"LAGOS Executive Chair, grey",CHAIR,,12,31478.62,377743.44,284548.2,93195.24,24.67
2356,2024-11-18,F 2025,Order,SO200073,10000,C0022,AO,1968-S,OSLO Filing Cabinet,MISC,KSM,11,30870.25,339572.75,250678.78,88893.97,26.18
2357,2024-11-18,F 2025,Order,SO200073,20000,C0022,AO,1920-S,LUANDA Conference Table,TABLE,,12,243527.41,2922328.92,1805805.6,1116523.32,38.21
2358,2024-10-30,F 2025,Order,SO200074,10000,C0008,CM,2000-S,"KIGALI Ergonomic Chair, black",CHAIR,,3,40395.77,121187.31,77721.42,43465.89,35.87
2359,2025-02-25,F 2025,Order,SO200075,10000,C0003,BM,1952-S,"ABUJA Whiteboard, base",MISC,,3,53498.13,160494.39,115542.39,44952.0,28.01
2360,2025-02-25,F 2025,Order,SO200075,20000,C0003,BM,1952-S,"ABUJA Whiteboard, base",MISC,,6,47522.17,285133.02,229446.6,55686.42,19.53
2361,2024-10-07,F 2025,Order,SO200076,10000,C0001,AO,1964-S,Guest Section 1,MISC,,7,118993.48,832954.36,678247.57,154706.79,18.57
2362,2024-10-07,F 2025,Order,SO200076,20000,C0001,AO,1908-S,DUBAI Corner Desk,BENCH,,9,138965.37,1250688.33,709232.04,541456.29,43.29
2363,2024-10-07,F 2025,Order,SO200076,30000,C0001,AO,1896-S,ADDIS ABABA Executive Desk,BENCH,,5,169460.43,847302.15,606824.5,240477.65,28.38
2364,2024-10-13,F 2025,Order,SO200077,10000,C0023,AO,1896-S,ADDIS ABABA Executive Desk,BENCH,,1,207650.82,207650.82,131623.88,76026.94,36.61
2365,2024-10-13,F 2025,Order,SO200077,20000,C0023,AO,1896-S,ADDIS ABABA Executive Desk,BENCH,,4,162225.89,648903.56,531016.64,117886.92,18.17
2366,2024-10-13,F 2025,Order,SO200077,30000,C0023,AO,1920-S,LUANDA Conference Table,TABLE,MBA,1,202101.82,202101.82,157670.52,44431.3,21.98
2367,2024-10-13,F 2025,Order,SO200077,40000,C0023,AO,1964-S,Guest Section 1,MISC,,9,130595.01,1175355.09,927247.41,248107.68,21.11
2368,2024-10-13,F 2025,Order,SO200078,10000,C0027,CM,1908-S,DUBAI Corner Desk,BENCH,,9,138818.31,1249364.79,866136.24,383228.55,30.67
2369,2025-04-06,F 2025,Order,SO200079,10000,C0026,AO,1976-S,LONDON Bookcase,MISC,,8,42386.64,339093.12,295984.56,43108.56,12.71
2370,2025-04-02,F 2025,Order,SO200080,10000,C0008,CM,2000-S,"KIGALI Ergonomic Chair, black",CHAIR,,3,42040.07,126120.21,77177.13,48943.08,38.81
2371,2025-03-23,F 2025,Order,SO200081,10000,C0002,AO,1928-S,DAKAR Meeting Table,TABLE,,12,139515.29,1674183.48,1297146.36,377037.12,22.52
2372,2025-03-23,F 2025,Order,SO200081,20000,C0002,AO,1964-S,Guest Section 1,MISC,NBI,12,122718.82,1472625.84,1089508.8,383117.04,26.02
2373,2025-01-19,F 2025,Order,SO200082,10000,C0003,AO,1972-S,"MOMBASA Swivel Chair, yellow",CHAIR,NAK,1,30672.95,30672.95,18640.13,12032.82,39.23
2374,2025-01-19,F 2025,Order,SO200082,20000,C0003,AO,1896-S,ADDIS ABABA Executive Desk,BENCH,,6,170453.82,1022722.92,768119.94,254602.98,24.89
2375,2025-01-19,F 2025,Order,SO200082,30000,C0003,AO,1964-S,Guest Section 1,MISC,KSM,3,139157.83,417473.49,314162.34,103311.15,24.75
2376,2024-12-27,F 2025,Order,SO200083,10000,C0002,BM,1964-S,Guest Section 1,MISC,,12,119135.68,1429628.16,1070886.48,358741.68,25.09
2377,2025-01-14,F 2025,Order,SO200084,10000,C0027,CM,1984-S,MADRID Monitor Stand,MISC,KSM,9,12296.48,110668.32,70852.23,39816.09,35.98
2378,2025-01-14,F 2025,Order,SO200084,20000,C0027,CM,1944-S,HARARE Folding Table,TABLE,,6,42622.25,255733.5,162429.6,93303.9,36.48
2379,2025-05-01,F 2025,Order,SO200085,10000,C0004,CM,1900-S,CAIRO Writing Desk,BENCH,,12,108016.99,1296203.88,891160.2,405043.68,31.25
2380,2025-05-01,F 2025,Order,SO200085,20000,C0004,CM,1936-S,ACCRA Round Table,TABLE,,1,104576.3,104576.3,63226.52,41349.78,39.54
2381,2025-05-01,F 2025,Order,SO200085,30000,C0004,CM,1988-S,"KAMPALA Guest Chair, red",CHAIR,,6,29085.95,174515.7,100830.3,73685.4,42.22
2382,2025-05-01,F 2025,Order,SO200085,40000,C0004,CM,1964-S,Guest Section 1,MISC,,2,155391.53,310783.06,195736.14,115046.92,37.02
2383,2025-05-01,F 2025,Order,SO200085,50000,C0004,CM,1972-S,"MOMBASA Swivel Chair, yellow",CHAIR,,2,30779.01,61558.02,40466.78,21091.24,34.26
2384,2025-05-01,F 2025,Order,SO200085,60000,C0004,CM,1964-S,Guest Section 1,MISC,,2,155527.57,311055.14,168543.64,142511.5,45.82
2385,2025-03-01,F 2025,Order,SO200086,10000,C0014,AO,1972-S,"MOMBASA Swivel Chair, yellow",CHAIR,MBA,11,27894.51,306839.61,192764.66,114074.95,37.18
2386,2025-03-01,F 2025,Order,SO200086,20000,C0014,AO,1964-S,Guest Section 1,MISC,KSM,12,125108.85,1501306.2,1248667.2,252639.0,16.83
2387,2025-04-13,F 2025,Order,SO200087,10000,C0019,AO,1896-S,ADDIS ABABA Executive Desk,BENCH,KSM,8,199489.26,1595914.08,922696.48,673217.6,42.18
2388,2025-04-13,F 2025,Order,SO200087,20000,C0019,AO,1936-S,ACCRA Round Table,TABLE,,9,96636.71,869730.39,674656.29,195074.1,22.43
2389,2025-04-29,F 2025,Order,SO200088,10000,C0023,AO,2004-S,"LAGOS Executive Chair, grey",CHAIR,,7,37349.83,261448.81,173061.14,88387.67,33.81
2390,2025-04-29,F 2025,Order,SO200088,20000,C0023,AO,1976-S,LONDON Bookcase,MISC,,4,45790.04,183160.16,127525.36,55634.8,30.37
2391,2025-04-29,F 2025,Order,SO200088,30000,C0023,AO,1900-S,CAIRO Writing Desk,BENCH,,12,100845.61,1210147.32,1028346.36,181800.96,15.02
2392,2025-04-04,F 2025,Order,SO200089,10000,C0030,CM,1928-S,DAKAR Meeting Table,TABLE,,7,164480.41,1151362.87,651180.25,500182.62,43.44
2393,2025-04-04,F 2025,Order,SO200089,20000,C0030,CM,1960-S,"NAIROBI Guest Chair, green",CHAIR,NBI,5,23151.09,115755.45,70651.25,45104.2,38.97
2394,2025-04-04,F 2025,Order,SO200089,30000,C0030,CM,1920-S,LUANDA Conference Table,TABLE,,10,212288.07,2122880.7,1636078.4,486802.3,22.93
2395,2025-04-04,F 2025,Order,SO200089,40000,C0030,CM,1896-S,ADDIS ABABA Executive Desk,BENCH,,8,208324.48,1666595.84,1113109.52,553486.32,33.21
2396,2025-01-13,F 2025,Return Order,RO400035,10000,C0023,AO,1988-S,"KAMPALA Guest Chair, red",CHAIR,,-10,23608.84,-236088.4,-176271.1,-59817.3,25.34
2397,2024-12-25,F 2025,Return Order,RO400036,10000,C0001,AO,1960-S,"NAIROBI Guest Chair, green",CHAIR,,-12,23014.26,-276171.12,-166432.8,-109738.32,39.74
2398,2025-01-13,F 2025,Return Order,RO400037,10000,C0001,CM,1960-S,"NAIROBI Guest Chair, green",CHAIR,,-6,26517.97,-159107.82,-101613.78,-57494.04,36.14
2399,2025-01-13,F 2025,Return Order,RO400037,20000,C0001,CM,1984-S,MADRID Monitor Stand,MISC,,-12,10774.8,-129297.6,-108626.4,-20671.2,15.99
2400,2024-11-02,F 2025,Return Order,RO400038,10000,C0025,AO,1976-S,LONDON Bookcase,MISC,,-1,57056.03,-57056.03,-32510.77,-24545.26,43.02
2401,2024-11-02,F 2025,Return Order,RO400038,20000,C0025,AO,1964-S,Guest Section 1,MISC,,-2,143715.2,-287430.4,-210456.24,-76974.16,26.78
2402,2024-11-02,F 2025,Return Order,RO400038,30000,C0025,AO,1928-S,DAKAR Meeting Table,TABLE,,-2,127136.7,-254273.4,-185507.34,-68766.06,27.04
2403,2024-11-02,F 2025,Return Order,RO400038,40000,C0025,AO,1980-S,"KISUMU Swivel Chair, red",CHAIR,,-4,33638.28,-134553.12,-84359.92,-50193.2,37.3
2404,2024-11-02,F 2025,Return Order,RO400038,50000,C0025,AO,1896-S,ADDIS ABABA Executive Desk,BENCH,,-9,206184.99,-1855664.91,-1257098.85,-598566.06,32.26
2405,2025-05-05,F 2025,Return Order,RO400039,10000,C0020,AO,1980-S,"KISUMU Swivel Chair, red",CHAIR,,-4,29105.68,-116422.72,-78296.04,-38126.68,32.75
2406,2025-05-05,F 2025,Return Order,RO400039,20000,C0020,AO,1984-S,MADRID Monitor Stand,MISC,,-2,11954.3,-23908.6,-18107.32,-5801.28,24.26
2407,2025-05-05,F 2025,Return Order,RO400039,30000,C0020,AO,1908-S,DUBAI Corner Desk,BENCH,,-8,148858.18,-1190865.44,-781617.84,-409247.6,34.37
2408,2025-05-09,F 2025,Return Order,RO400040,10000,C0009,BM,1980-S,"KISUMU Swivel Chair, red",CHAIR,,-1,27740.41,-27740.41,-21339.72,-6400.69,23.07
2409,2025-05-09,F 2025,Return Order,RO400040,20000,C0009,BM,1972-S,"MOMBASA Swivel Chair, yellow",CHAIR,KSM,-2,23901.33,-47802.66,-34200.54,-13602.12,28.45
2410,2025-05-09,F 2025,Return Order,RO400040,30000,C0009,BM,1920-S,LUANDA Conference Table,TABLE,,-1,261081.02,-261081.02,-166353.84,-94727.18,36.28
2411,2025-05-09,F 2025,Return Order,RO400040,40000,C0009,BM,1960-S,"NAIROBI Guest Chair, green",CHAIR,,-5,21106.45,-105532.25,-77222.85,-28309.4,26.83
2412,2025-01-24,F 2025,Return Order,RO400041,10000,C0010,JK,1952-S,"ABUJA Whiteboard, base",MISC,,-12,49088.64,-589063.68,-409847.04,-179216.64,30.42
2413,2025-03-09,F 2025,Return Order,RO400042,10000,C0004,BM,2000-S,"KIGALI Ergonomic Chair, black",CHAIR,KSM,-9,42534.97,-382814.73,-239140.08,-143674.65,37.53
2414,2025-03-09,F 2025,Return Order,RO400042,20000,C0004,BM,1928-S,DAKAR Meeting Table,TABLE,,-8,154023.39,-1232187.12,-771642.4,-460544.72,37.38
2415,2025-03-09,F 2025,Return Order,RO400042,30000,C0004,BM,1952-S,"ABUJA Whiteboard, base",MISC,,-10,53835.66,-538356.6,-374172.8,-164183.8,30.5
2416,2025-03-09,F 2025,Return Order,RO400042,40000,C0004,BM,2004-S,"LAGOS Executive Chair, grey",CHAIR,MBA,-2,38516.3,-77032.6,-46548.02,-30484.58,39.57
2417,2025-02-23,F 2025,Return Order,RO400043,10000,C0034,BM,1980-S,"KISUMU Swivel Chair, red",CHAIR,NBI,-4,33370.48,-133481.92,-79835.76,-53646.16,40.19
2418,2024-11-27,F 2025,Return Order,RO400044,10000,C0002,AO,1896-S,ADDIS ABABA Executive Desk,BENCH,,-9,167435.91,-1506923.19,-1067192.46,-439730.73,29.18
2419,2024-11-27,F 2025,Return Order,RO400044,20000,C0002,AO,1960-S,"NAIROBI Guest Chair, green",CHAIR,,-9,19364.3,-174278.7,-145485.36,-28793.34,16.52
2420,2024-11-27,F 2025,Return Order,RO400044,30000,C0002,AO,1952-S,"ABUJA Whiteboard, base",MISC,,-1,45312.6,-45312.6,-34483.96,-10828.64,23.9
2421,2024-11-27,F 2025,Return Order,RO400044,40000,C0002,AO,1916-S,JOHANNESBURG Sit-Stand Desk,BENCH,,-12,155836.12,-1870033.44,-1384083.72,-485949.72,25.99
2422,2024-11-27,F 2025,Return Order,RO400044,50000,C0002,AO,1928-S,DAKAR Meeting Table,TABLE,,-6,168185.21,-1009111.26,-618006.24,-391105.02,38.76
2423,2025-03-18,F 2025,Return Order,RO400045,10000,C0020,CM,EM-001,Executive Meeting Room Set,EM_COMMER,MBA,-1,649509.62,-649509.62,-562277.43,-87232.19,13.43
2424,2025-03-18,F 2025,Return Order,RO400045,20000,C0020,CM,1972-S,"MOMBASA Swivel Chair, yellow",CHAIR,,-3,31731.94,-95195.82,-60390.15,-34805.67,36.56
2425,2025-03-18,F 2025,Return Order,RO400045,30000,C0020,CM,1960-S,"NAIROBI Guest Chair, green",CHAIR,,-3,22762.83,-68288.49,-43683.66,-24604.83,36.03
2426,2025-03-18,F 2025,Return Order,RO400045,40000,C0020,CM,1980-S,"KISUMU Swivel Chair, red",CHAIR,,-11,29529.2,-324821.2,-206630.16,-118191.04,36.39
2427,2025-01-05,F 2025,Return Order,RO400046,10000,C0011,AO,1988-S,"KAMPALA Guest Chair, red",CHAIR,KSM,-9,24393.43,-219540.87,-134573.76,-84967.11,38.7
2428,2025-01-05,F 2025,Return Order,RO400046,20000,C0011,AO,1936-S,ACCRA Round Table,TABLE,,-3,108173.29,-324519.87,-196686.18,-127833.69,39.39
2429,2025-01-05,F 2025,Return Order,RO400046,30000,C0011,AO,2004-S,"LAGOS Executive Chair, grey",CHAIR,,-2,33840.59,-67681.18,-49284.54,-18396.64,27.18
2430,2025-01-05,F 2025,Return Order,RO400046,40000,C0011,AO,1908-S,DUBAI Corner Desk,BENCH,NBI,-4,142351.87,-569407.48,-361969.76,-207437.72,36.43
2431,2025-01-05,F 2025,Return Order,RO400046,50000,C0011,AO,2000-S,"KIGALI Ergonomic Chair, black",CHAIR,,-1,40421.38,-40421.38,-29980.17,-10441.21,25.83
2432,2025-04-11,F 2025,Return Order,RO400047,10000,C0001,AO,1896-S,ADDIS ABABA Executive Desk,BENCH,ELD,-7,207510.82,-1452575.74,-900440.38,-552135.36,38.01
2433,2025-04-11,F 2025,Return Order,RO400047,20000,C0001,AO,1972-S,"MOMBASA Swivel Chair, yellow",CHAIR,KSM,-7,26973.84,-188816.88,-139663.44,-49153.44,26.03
2434,2025-04-11,F 2025,Return Order,RO400047,30000,C0001,AO,1956-S,Conference Bundle 1-6,MISC,,-6,304127.03,-1824762.18,-1644931.08,-179831.1,9.86
2435,2025-04-11,F 2025,Return Order,RO400047,40000,C0001,AO,1976-S,LONDON Bookcase,MISC,,-7,50548.01,-353836.07,-232037.33,-121798.74,34.42
2436,2024-12-15,F 2025,Return Order,RO400048,10000,C0001,BM,1960-S,"NAIROBI Guest Chair, green",CHAIR,,-7,24583.64,-172085.48,-107873.43,-64212.05,37.31
2437,2024-12-15,F 2025,Return Order,RO400048,20000,C0001,BM,1964-S,Guest Section 1,MISC,,-8,141824.73,-1134597.84,-783830.32,-350767.52,30.92
2438,2024-12-15,F 2025,Return Order,RO400048,30000,C0001,BM,2008-S,"ACCRA Stacking Chair, blue",CHAIR,,-11,10828.34,-119111.74,-85679.44,-33432.3,28.07
2439,2025-01-22,F 2025,Return Order,RO400049,10000,C0005,BM,1976-S,LONDON Bookcase,MISC,,-3,48576.98,-145730.94,-97215.48,-48515.46,33.29
2440,2024-11-03,F 2025,Return Order,RO400050,10000,C0004,BM,1972-S,"MOMBASA Swivel Chair, yellow",CHAIR,MBA,-8,30324.1,-242592.8,-146627.04,-95965.76,39.56
2441,2024-11-03,F 2025,Return Order,RO400050,20000,C0004,BM,1976-S,LONDON Bookcase,MISC,,-3,48975.92,-146927.76,-104769.54,-42158.22,28.69
2442,2025-04-18,F 2025,Return Order,RO400051,10000,C0004,AO,1908-S,DUBAI Corner Desk,BENCH,,-2,112840.05,-225680.1,-177720.88,-47959.22,21.25
2443,2025-04-18,F 2025,Return Order,RO400051,20000,C0004,AO,1972-S,"MOMBASA Swivel Chair, yellow",CHAIR,KSM,-3,24217.36,-72652.08,-59894.19,-12757.89,17.56
2444,2024-11-13,F 2025,Return Order,RO400052,10000,C0030,AO,1900-S,CAIRO Writing Desk,BENCH,ELD,-2,111894.76,-223789.52,-162229.02,-61560.5,27.51
2445,2024-11-13,F 2025,Return Order,RO400052,20000,C0030,AO,1968-S,OSLO Filing Cabinet,MISC,,-11,31944.48,-351389.28,-287528.34,-63860.94,18.17
2446,2024-10-29,F 2025,Return Order,RO400053,10000,C0004,AO,EM-001,Executive Meeting Room Set,EM_COMMER,,-6,863818.57,-5182911.42,-3204026.22,-1978885.2,38.18
2447,2024-10-29,F 2025,Return Order,RO400053,20000,C0004,AO,2008-S,"ACCRA Stacking Chair, blue",CHAIR,MBA,-2,11183.14,-22366.28,-16059.76,-6306.52,28.2
2448,2024-10-29,F 2025,Return Order,RO400053,30000,C0004,AO,1908-S,DUBAI Corner Desk,BENCH,NAK,-5,129843.0,-649215.0,-408396.9,-240818.1,37.09
2449,2024-10-29,F 2025,Return Order,RO400053,40000,C0004,AO,1964-S,Guest Section 1,MISC,,-6,145227.77,-871366.62,-599088.36,-272278.26,31.25
2450,2024-10-12,F 2025,Return Order,RO400054,10000,C0001,CM,PART-2,Desk Leg Leveller Kit,PARTS,NBI,-4,623.31,-2493.24,-1107.8,-1385.44,55.57
2451,2025-01-10,F 2025,Return Order,RO400055,10000,C0001,AO,1900-S,CAIRO Writing Desk,BENCH,,-8,104443.04,-835544.32,-644343.52,-191200.8,22.88
2452,2024-10-04,F 2025,Return Order,RO400056,10000,C0013,CM,1968-S,OSLO Filing Cabinet,MISC,,-10,41377.09,-413770.9,-262433.4,-151337.5,36.58
2453,2024-10-04,F 2025,Return Order,RO400056,20000,C0013,CM,2000-S,"KIGALI Ergonomic Chair, black",CHAIR,KSM,-7,42939.01,-300573.07,-175107.73,-125465.34,41.74
2454,2024-10-04,F 2025,Return Order,RO400056,30000,C0013,CM,1900-S,CAIRO Writing Desk,BENCH,KSM,-12,99419.54,-1193034.48,-912778.56,-280255.92,23.49
2455,2024-10-04,F 2025,Return Order,RO400056,40000,C0013,CM,1964-S,Guest Section 1,MISC,NBI,-4,134798.21,-539192.84,-382172.12,-157020.72,29.12
2456,2025-05-06,F 2025,Return Order,RO400057,10000,C0008,AO,1896-S,ADDIS ABABA Executive Desk,BENCH,NAK,-6,182652.03,-1095912.18,-821649.42,-274262.76,25.03
2457,2025-05-06,F 2025,Return Order,RO400057,20000,C0008,AO,1960-S,"NAIROBI Guest Chair, green",CHAIR,,-12,22924.12,-275089.44,-202088.4,-73001.04,26.54
2458,2025-05-06,F 2025,Return Order,RO400057,30000,C0008,AO,1928-S,DAKAR Meeting Table,TABLE,,-2,139419.84,-278839.68,-188441.06,-90398.62,32.42
2459,2025-05-06,F 2025,Return Order,RO400057,40000,C0008,AO,1976-S,LONDON Bookcase,MISC,NBI,-4,54624.53,-218498.12,-149455.92,-69042.2,31.6
2460,2025-05-06,F 2025,Return Order,RO400057,50000,C0008,AO,1964-S,Guest Section 1,MISC,,-1,144089.1,-144089.1,-98637.29,-45451.81,31.54
2461,2025-05-06,F 2025,Return Order,RO400057,60000,C0008,AO,1972-S,"MOMBASA Swivel Chair, yellow",CHAIR,,-3,24287.3,-72861.9,-60412.65,-12449.25,17.09
2462,2024-11-10,F 2025,Return Order,RO400058,10000,C0004,AO,2008-S,"ACCRA Stacking Chair, blue",CHAIR,,-6,11362.83,-68176.98,-51703.86,-16473.12,24.16
2463,2024-11-10,F 2025,Return Order,RO400058,20000,C0004,AO,2000-S,"KIGALI Ergonomic Chair, black",CHAIR,KSM,-10,39044.25,-390442.5,-262428.2,-128014.3,32.79
2464,2024-11-10,F 2025,Return Order,RO400058,30000,C0004,AO,1976-S,LONDON Bookcase,MISC,,-2,54630.58,-109261.16,-67122.94,-42138.22,38.57
2465,2024-11-10,F 2025,Return Order,RO400058,40000,C0004,AO,1984-S,MADRID Monitor Stand,MISC,,-10,12680.75,-126807.5,-74473.5,-52334.0,41.27
2466,2025-03-24,F 2025,Return Order,RO400059,10000,C0005,AO,2000-S,"KIGALI Ergonomic Chair, black",CHAIR,,-9,35290.03,-317610.27,-229849.38,-87760.89,27.63
2467,2025-03-24,F 2025,Return Order,RO400059,20000,C0005,AO,1968-S,OSLO Filing Cabinet,MISC,KSM,-6,37996.02,-227976.12,-138289.74,-89686.38,39.34
2468,2025-03-24,F 2025,Return Order,RO400059,30000,C0005,AO,1988-S,"KAMPALA Guest Chair, red",CHAIR,KSM,-9,24833.53,-223501.77,-164097.18,-59404.59,26.58
2469,2024-12-04,F 2025,Return Order,RO400060,10000,C0003,AO,1964-S,Guest Section 1,MISC,,-6,143080.4,-858482.4,-502386.66,-356095.74,41.48
2470,2024-10-17,F 2025,Return Order,RO400061,10000,C0003,BM,1908-S,DUBAI Corner Desk,BENCH,,-8,148367.96,-1186943.68,-663460.32,-523483.36,44.1
2471,2024-10-17,F 2025,Return Order,RO400061,20000,C0003,BM,1928-S,DAKAR Meeting Table,TABLE,MBA,-2,149338.41,-298676.82,-192869.16,-105807.66,35.43
2472,2025-01-11,F 2025,Return Order,RO400062,10000,C0006,AO,CM-001,Commercial Reception Desk,CM_COMMER,,-3,405964.18,-1217892.54,-755208.03,-462684.51,37.99
2473,2025-01-11,F 2025,Return Order,RO400062,20000,C0006,AO,1952-S,"ABUJA Whiteboard, base",MISC,NAK,-10,55545.79,-555457.9,-342636.9,-212821.0,38.31
2474,2025-02-04,F 2025,Return Order,RO400063,10000,C0007,BM,1964-S,Guest Section 1,MISC,KSM,-10,143256.56,-1432565.6,-977306.7,-455258.9,31.78
2475,2025-02-04,F 2025,Return Order,RO400063,20000,C0007,BM,1980-S,"KISUMU Swivel Chair, red",CHAIR,,-3,30502.74,-91508.22,-64683.63,-26824.59,29.31
2476,2025-04-10,F 2025,Return Order,RO400064,10000,C0011,AO,1908-S,DUBAI Corner Desk,BENCH,NBI,-7,112598.62,-788190.34,-567202.72,-220987.62,28.04
2477,2025-04-10,F 2025,Return Order,RO400064,20000,C0011,AO,2008-S,"ACCRA Stacking Chair, blue",CHAIR,MBA,-12,13319.77,-159837.24,-87459.24,-72378.0,45.28
2478,2025-01-01,F 2025,Return Order,RO400065,10000,C0005,BM,2004-S,"LAGOS Executive Chair, grey",CHAIR,,-8,40177.61,-321420.88,-199695.2,-121725.68,37.87
2479,2025-01-01,F 2025,Return Order,RO400065,20000,C0005,BM,2000-S,"KIGALI Ergonomic Chair, black",CHAIR,NBI,-9,44498.52,-400486.68,-235527.39,-164959.29,41.19
2480,2025-01-01,F 2025,Return Order,RO400065,30000,C0005,BM,2000-S,"KIGALI Ergonomic Chair, black",CHAIR,,-3,45572.21,-136716.63,-73570.83,-63145.8,46.19
2481,2024-11-20,F 2025,Return Order,RO400066,10000,C0024,AO,1980-S,"KISUMU Swivel Chair, red",CHAIR,,-4,29134.08,-116536.32,-73822.36,-42713.96,36.65
2482,2024-11-20,F 2025,Return Order,RO400066,20000,C0024,AO,1916-S,JOHANNESBURG Sit-Stand Desk,BENCH,,-5,169342.8,-846714.0,-559530.55,-287183.45,33.92
2483,2024-11-20,F 2025,Return Order,RO400066,30000,C0024,AO,1976-S,LONDON Bookcase,MISC,MBA,-9,53370.87,-480337.83,-312974.55,-167363.28,34.84
2484,2024-12-27,F 2025,Credit Memo,RC300029,10000,C0002,AO,1968-S,OSLO Filing Cabinet,MISC,ELD,-3,39953.21,-119859.63,-67809.69,-52049.94,43.43
2485,2024-12-27,F 2025,Credit Memo,RC300029,20000,C0002,AO,1900-S,CAIRO Writing Desk,BENCH,,-6,112029.29,-672175.74,-470755.8,-201419.94,29.97
2486,2024-12-27,F 2025,Credit Memo,RC300029,30000,C0002,AO,1976-S,LONDON Bookcase,MISC,,-4,57290.72,-229162.88,-122719.64,-106443.24,46.45
2487,2025-04-19,F 2025,Credit Memo,RC300030,10000,C0001,BM,1976-S,LONDON Bookcase,MISC,,-2,46963.98,-93927.96,-65855.06,-28072.9,29.89
2488,2025-04-19,F 2025,Credit Memo,RC300030,20000,C0001,BM,1984-S,MADRID Monitor Stand,MISC,MBA,-8,11700.6,-93604.8,-58793.36,-34811.44,37.19
2489,2025-04-19,F 2025,Credit Memo,RC300030,30000,C0001,BM,1916-S,JOHANNESBURG Sit-Stand Desk,BENCH,KSM,-1,156580.66,-156580.66,-110320.32,-46260.34,29.54
2490,2025-04-19,F 2025,Credit Memo,RC300030,40000,C0001,BM,2000-S,"KIGALI Ergonomic Chair, black",CHAIR,,-5,37392.07,-186960.35,-125440.0,-61520.35,32.91
2491,2024-10-31,F 2025,Credit Memo,RC300031,10000,C0029,CM,1972-S,"MOMBASA Swivel Chair, yellow",CHAIR,,-2,29139.06,-58278.12,-34996.84,-23281.28,39.95
2492,2024-10-31,F 2025,Credit Memo,RC300031,20000,C0029,CM,1988-S,"KAMPALA Guest Chair, red",CHAIR,NBI,-12,25393.4,-304720.8,-202792.44,-101928.36,33.45
2493,2024-10-31,F 2025,Credit Memo,RC300031,30000,C0029,CM,1972-S,"MOMBASA Swivel Chair, yellow",CHAIR,,-6,29149.84,-174899.04,-113985.12,-60913.92,34.83
2494,2024-10-31,F 2025,Credit Memo,RC300031,40000,C0029,CM,1896-S,ADDIS ABABA Executive Desk,BENCH,,-6,165695.04,-994170.24,-810343.56,-183826.68,18.49
2495,2024-11-14,F 2025,Credit Memo,RC300032,10000,C0028,AO,1900-S,CAIRO Writing Desk,BENCH,,-9,118447.05,-1066023.45,-774029.34,-291994.11,27.39
2496,2024-11-14,F 2025,Credit Memo,RC300032,20000,C0028,AO,2004-S,"LAGOS Executive Chair, grey",CHAIR,NBI,-1,35841.11,-35841.11,-25086.65,-10754.46,30.01
2497,2024-11-14,F 2025,Credit Memo,RC300032,30000,C0028,AO,1936-S,ACCRA Round Table,TABLE,KSM,-11,114660.24,-1261262.64,-829154.81,-432107.83,34.26
2498,2024-11-14,F 2025,Credit Memo,RC300032,40000,C0028,AO,1972-S,"MOMBASA Swivel Chair, yellow",CHAIR,,-6,25508.84,-153053.04,-113899.62,-39153.42,25.58
2499,2024-11-01,F 2025,Credit Memo,RC300033,10000,C0008,BM,1920-S,LUANDA Conference Table,TABLE,,-3,226202.57,-678607.71,-488961.63,-189646.08,27.95
2500,2024-11-01,F 2025,Credit Memo,RC300033,20000,C0008,BM,1988-S,"KAMPALA Guest Chair, red",CHAIR,,-9,29223.28,-263009.52,-145896.66,-117112.86,44.53
2501,2024-11-11,F 2025,Credit Memo,RC300034,10000,C0031,CM,1968-S,OSLO Filing Cabinet,MISC,NBI,-7,32140.99,-224986.93,-174078.03,-50908.9,22.63
2502,2024-11-11,F 2025,Credit Memo,RC300034,20000,C0031,CM,1916-S,JOHANNESBURG Sit-Stand Desk,BENCH,,-7,161397.46,-1129782.22,-787145.8,-342636.42,30.33
2503,2024-12-16,F 2025,Credit Memo,RC300035,10000,C0002,CM,1908-S,DUBAI Corner Desk,BENCH,,-12,131628.44,-1579541.28,-980414.76,-599126.52,37.93
2504,2024-12-16,F 2025,Credit Memo,RC300035,20000,C0002,CM,1944-S,HARARE Folding Table,TABLE,,-7,45723.02,-320061.14,-216837.6,-103223.54,32.25
2505,2024-12-16,F 2025,Credit Memo,RC300035,30000,C0002,CM,1936-S,ACCRA Round Table,TABLE,,-10,116142.35,-1161423.5,-594256.1,-567167.4,48.83
2506,2025-03-07,F 2025,Credit Memo,RC300036,10000,C0033,CM,1896-S,ADDIS ABABA Executive Desk,BENCH,,-6,160430.23,-962581.38,-791124.9,-171456.48,17.81
2507,2025-03-07,F 2025,Credit Memo,RC300036,20000,C0033,CM,1960-S,"NAIROBI Guest Chair, green",CHAIR,,-3,20000.6,-60001.8,-49409.28,-10592.52,17.65
2508,2025-03-07,F 2025,Credit Memo,RC300036,30000,C0033,CM,1928-S,DAKAR Meeting Table,TABLE,KSM,-4,159281.44,-637125.76,-434465.68,-202660.08,31.81
2509,2025-03-07,F 2025,Credit Memo,RC300036,40000,C0033,CM,1956-S,Conference Bundle 1-6,MISC,,-2,347295.02,-694590.04,-470453.96,-224136.08,32.27
2510,2024-10-02,F 2025,Credit Memo,RC300037,10000,C0006,AO,1920-S,LUANDA Conference Table,TABLE,,-7,245280.1,-1716960.7,-1171422.98,-545537.72,31.77
2511,2024-10-02,F 2025,Credit Memo,RC300037,20000,C0006,AO,2004-S,"LAGOS Executive Chair, grey",CHAIR,,-9,30307.35,-272766.15,-200509.56,-72256.59,26.49
2512,2025-04-02,F 2025,Credit Memo,RC300038,10000,C0006,AO,PART-1,Chair Replacement Wheel Set,PARTS,NBI,-4,801.5,-3206.0,-1497.52,-1708.48,53.29
2513,2025-04-02,F 2025,Credit Memo,RC300038,20000,C0006,AO,1936-S,ACCRA Round Table,TABLE,,-5,94204.93,-471024.65,-338041.85,-132982.8,28.23
2514,2025-04-02,F 2025,Credit Memo,RC300038,30000,C0006,AO,2008-S,"ACCRA Stacking Chair, blue",CHAIR,MBA,-9,11961.19,-107650.71,-65052.63,-42598.08,39.57
2515,2025-04-02,F 2025,Credit Memo,RC300038,40000,C0006,AO,2000-S,"KIGALI Ergonomic Chair, black",CHAIR,,-2,42514.87,-85029.74,-52905.98,-32123.76,37.78
2516,2025-02-17,F 2025,Credit Memo,RC300039,10000,C0001,CM,1956-S,Conference Bundle 1-6,MISC,NBI,-3,383345.91,-1150037.73,-755461.23,-394576.5,34.31
2517,2024-10-02,F 2025,Credit Memo,RC300040,10000,C0012,BM,1944-S,HARARE Folding Table,TABLE,,-2,37392.98,-74785.96,-54406.9,-20379.06,27.25
2518,2024-11-22,F 2025,Credit Memo,RC300041,10000,C0006,BM,1980-S,"KISUMU Swivel Chair, red",CHAIR,KSM,-8,28292.56,-226340.48,-153776.8,-72563.68,32.06
2519,2024-11-15,F 2025,Credit Memo,RC300042,10000,C0029,CM,2004-S,"LAGOS Executive Chair, grey",CHAIR,,-12,38053.02,-456636.24,-316765.2,-139871.04,30.63
2520,2024-11-15,F 2025,Credit Memo,RC300042,20000,C0029,CM,1972-S,"MOMBASA Swivel Chair, yellow",CHAIR,,-3,30053.54,-90160.62,-57440.1,-32720.52,36.29
2521,2025-03-08,F 2025,Credit Memo,RC300043,10000,C0023,AO,1944-S,HARARE Folding Table,TABLE,KSM,-7,43886.87,-307208.09,-212804.06,-94404.03,30.73
2522,2025-03-08,F 2025,Credit Memo,RC300043,20000,C0023,AO,1896-S,ADDIS ABABA Executive Desk,BENCH,NAK,-9,213998.92,-1925990.28,-1162220.76,-763769.52,39.66
2523,2025-03-08,F 2025,Credit Memo,RC300043,30000,C0023,AO,1928-S,DAKAR Meeting Table,TABLE,,-3,137363.82,-412091.46,-310833.78,-101257.68,24.57
2524,2025-03-08,F 2025,Credit Memo,RC300043,40000,C0023,AO,1952-S,"ABUJA Whiteboard, base",MISC,,-12,52290.04,-627480.48,-463500.48,-163980.0,26.13
2525,2024-11-17,F 2025,Credit Memo,RC300044,10000,C0031,CM,1980-S,"KISUMU Swivel Chair, red",CHAIR,,-10,33204.75,-332047.5,-190368.5,-141679.0,42.67
2526,2024-11-17,F 2025,Credit Memo,RC300044,20000,C0031,CM,1896-S,ADDIS ABABA Executive Desk,BENCH,NBI,-3,203687.54,-611062.62,-366996.75,-244065.87,39.94
2527,2025-03-18,F 2025,Credit Memo,RC300045,10000,C0001,CM,1916-S,JOHANNESBURG Sit-Stand Desk,BENCH,KSM,-3,162241.07,-486723.21,-304104.45,-182618.76,37.52
2528,2025-03-18,F 2025,Credit Memo,RC300045,20000,C0001,CM,1936-S,ACCRA Round Table,TABLE,,-4,106545.07,-426180.28,-289409.88,-136770.4,32.09
2529,2024-12-21,F 2025,Credit Memo,RC300046,10000,C0004,BM,1900-S,CAIRO Writing Desk,BENCH,,-11,128021.57,-1408237.27,-817238.95,-590998.32,41.97
2530,2024-12-21,F 2025,Credit Memo,RC300046,20000,C0004,BM,1980-S,"KISUMU Swivel Chair, red",CHAIR,,-7,34514.19,-241599.33,-132623.47,-108975.86,45.11
2531,2024-12-06,F 2025,Sales Credit Memo,RC300047,10000,C0010,CM,1900-S,CAIRO Writing Desk,BENCH,,-12,96352.16,-1156225.92,-1031247.24,-124978.68,10.81
2532,2024-12-06,F 2025,Sales Credit Memo,RC300047,20000,C0010,CM,1956-S,Conference Bundle 1-6,MISC,,-10,371975.5,-3719755.0,-2651334.6,-1068420.4,28.72
2533,2024-12-06,F 2025,Sales Credit Memo,RC300047,30000,C0010,CM,1960-S,"NAIROBI Guest Chair, green",CHAIR,,-1,23364.54,-23364.54,-14797.14,-8567.4,36.67
2534,2024-12-06,F 2025,Sales Credit Memo,RC300047,40000,C0010,CM,1952-S,"ABUJA Whiteboard, base",MISC,KSM,-8,55459.91,-443679.28,-317550.72,-126128.56,28.43
2535,2024-12-06,F 2025,Sales Credit Memo,RC300047,50000,C0010,CM,1956-S,Conference Bundle 1-6,MISC,MBA,-3,386498.91,-1159496.73,-771208.95,-388287.78,33.49
2536,2024-12-02,F 2025,Sales Credit Memo,RC300048,10000,C0001,AO,CM-001,Commercial Reception Desk,CM_COMMER,NBI,-3,392959.34,-1178878.02,-745576.26,-433301.76,36.76
2537,2024-12-02,F 2025,Sales Credit Memo,RC300048,20000,C0001,AO,1964-S,Guest Section 1,MISC,,-9,137134.2,-1234207.8,-854395.56,-379812.24,30.77
2538,2024-12-02,F 2025,Sales Credit Memo,RC300048,30000,C0001,AO,1952-S,"ABUJA Whiteboard, base",MISC,MBA,-8,49206.36,-393650.88,-288629.6,-105021.28,26.68
2539,2025-02-10,F 2025,Sales Credit Memo,RC300049,10000,C0026,AO,1928-S,DAKAR Meeting Table,TABLE,,-12,166414.8,-1996977.6,-1084700.88,-912276.72,45.68
2540,2025-02-10,F 2025,Sales Credit Memo,RC300049,20000,C0026,AO,1908-S,DUBAI Corner Desk,BENCH,MBA,-3,123469.46,-370408.38,-240791.37,-129617.01,34.99
2541,2025-04-23,F 2025,Sales Credit Memo,RC300050,10000,C0020,CM,1952-S,"ABUJA Whiteboard, base",MISC,,-4,58778.67,-235114.68,-155733.76,-79380.92,33.76
2542,2025-04-23,F 2025,Sales Credit Memo,RC300050,20000,C0020,CM,1896-S,ADDIS ABABA Executive Desk,BENCH,,-2,215313.07,-430626.14,-252545.48,-178080.66,41.35
2543,2025-04-23,F 2025,Sales Credit Memo,RC300050,30000,C0020,CM,1972-S,"MOMBASA Swivel Chair, yellow",CHAIR,MBA,-2,23172.17,-46344.34,-36846.04,-9498.3,20.5
2544,2025-04-23,F 2025,Sales Credit Memo,RC300050,40000,C0020,CM,1964-S,Guest Section 1,MISC,,-10,141087.49,-1410874.9,-879368.3,-531506.6,37.67
2545,2025-04-23,F 2025,Sales Credit Memo,RC300050,50000,C0020,CM,1980-S,"KISUMU Swivel Chair, red",CHAIR,MBA,-10,34066.6,-340666.0,-211157.2,-129508.8,38.02
2546,2025-04-23,F 2025,Sales Credit Memo,RC300050,60000,C0020,CM,1952-S,"ABUJA Whiteboard, base",MISC,,-11,54208.25,-596290.75,-428050.37,-168240.38,28.21
2547,2025-03-17,F 2025,Sales Credit Memo,RC300051,10000,C0008,CM,1956-S,Conference Bundle 1-6,MISC,,-1,315845.15,-315845.15,-266861.78,-48983.37,15.51
